component_id,canonical_smiles,inchikey,representative_original_name,representative_formula,representative_raw_smiles,dataset_membership,record_occurrences,binary_record_occurrences,ternary_record_occurrences,unique_systems,identity_methods,has_parseable_smiles,raw_missing_smiles_occurrences,raw_smiles_parse_failures,name_variants,formula_variants
fallback:09c8c05801be25b4,,,1-ethyl-3-methylimidazolium methylsulfate,C7H14N2O4S,,Ternary only,22,0,22,1,name_formula_fallback,False,22,0,1,1
fallback:0a3ea5943f1d539f,,,glycerol,C3H8O3,,Ternary only,36,0,36,1,name_formula_fallback,False,36,0,1,1
fallback:18b39535a92cfa87,,,D-xylose,C5H10O5,,Ternary only,22,0,22,1,name_formula_fallback,False,22,0,1,1
fallback:234c6d4b0f0098c9,,,1-butyl-3-methylimidazolium diethyl phosphate,C12H25N2O4P,,Ternary only,42,0,42,1,name_formula_fallback,False,42,0,1,1
fallback:2435468cddae75fa,,,石竹烯,C15H24,,Shared,103,78,25,5,name_formula_fallback,False,103,0,1,1
fallback:2471c64d7f43614f,,,1-癸基-3-甲基咪唑双(三氟甲磺酰)亚胺,C16H27F6N3O4S2,,Binary only,14,14,0,1,name_formula_fallback,False,14,0,1,1
fallback:2ae13e16f8903d30,,,2-aminoethanol hydrochloride,C2H8ClNO,,Ternary only,37,0,37,1,name_formula_fallback,False,37,0,1,1
fallback:357f5f5bd0d80acf,,,氢气,H2,,Ternary only,16,0,16,1,name_formula_fallback,False,16,0,1,1
fallback:4501d0d6bfddcc6a,,,乙酸异丙酯,C5H10O2,,Shared,275,94,181,8,name_formula_fallback,False,275,0,1,1
fallback:4d0058e9bed0652d,,,乙酸苯酯,C8H8O2,,Binary only,15,15,0,2,name_formula_fallback,False,15,0,1,1
fallback:4f66b328294879e4,,,1-辛基-3-甲基咪唑双三氟甲磺酰亚胺,C14H23F6N3O4S2,,Shared,39,6,33,3,name_formula_fallback,False,39,0,1,1
fallback:55966609dcc48188,,,1-ethyl-3-methylimidazolium tetrafluoroborate,C6H11BF4N2,,Ternary only,60,0,60,2,name_formula_fallback,False,60,0,1,1
fallback:5b8ad43214fe2db4,,,1-butyl-3-methylimidazolium bromide,C8H15BrN2,,Ternary only,88,0,88,2,name_formula_fallback,False,88,0,1,1
fallback:5e3bddfb41e40d29,,,"1,1,1-三氟-2-丙烯",C3H3F3,,Binary only,44,44,0,1,name_formula_fallback,False,44,0,1,1
fallback:60985056a62a6059,,,1-methyl-3-octylimidazolium acetate,C14H26N2O2,,Ternary only,114,0,114,2,name_formula_fallback,False,114,0,1,1
fallback:62ea847887224036,,,"2,3-二甲基-1-辛基咪唑双三氟甲磺酰亚胺",C15H25F6N3O4S2,,Shared,39,6,33,3,name_formula_fallback,False,39,0,1,1
fallback:6c50d69f00cb369a,,,1-butyl-3-methylimidazolium tetrafluoroborate,C8H15BF4N2,,Ternary only,72,0,72,2,name_formula_fallback,False,72,0,1,1
fallback:7645054b0e40e378,,,1-decyl-3-methylimidazolium acetate,C16H30N2O2,,Ternary only,111,0,111,2,name_formula_fallback,False,111,0,1,1
fallback:798af18edd056b45,,,1-hexyl-3-methylimidazolium bis[(trifluoromethyl)sulfonyl]imide,C12H19F6N3O4S2,,Ternary only,89,0,89,3,name_formula_fallback,False,89,0,1,1
fallback:7c0d97d046e0044e,,,1-ethyl-3-methylimidazolium bromide,C6H11BrN2,,Ternary only,47,0,47,1,name_formula_fallback,False,47,0,1,1
fallback:81afe1f2d822fd5d,,,甲酸异丁酯,C5H10O2,,Binary only,62,62,0,1,name_formula_fallback,False,62,0,1,1
fallback:89339a0c54f732bb,,,3-hexyl-1-methylimidazolium acetate,C12H22N2O2,,Ternary only,111,0,111,2,name_formula_fallback,False,111,0,1,1
fallback:95e7f54193c00c2e,,,1-ethyl-3-methylimidazolium hydrogen sulfate,C6H12N2O4S,,Ternary only,10,0,10,1,name_formula_fallback,False,10,0,1,1
fallback:9b63a65c238214cc,,,1-ethyl-3-methylimidazolium acetate,C8H14N2O2,,Ternary only,90,0,90,2,name_formula_fallback,False,90,0,1,1
fallback:9d9dd3751b800f25,,,1-ethyl-3-methylimidazolium diethyl phosphate,C10H21N2O4P,,Ternary only,87,0,87,2,name_formula_fallback,False,87,0,1,1
fallback:9e7a748462a11dd6,,,(S)-1-methyl-4-(1-methylethenyl)cyclohexene,C10H16,,Ternary only,55,0,55,1,name_formula_fallback,False,55,0,1,1
fallback:aa4d3d71d5f43049,,,1-(methoxymethoxy)-butane,C6H14O2,,Binary only,52,52,0,2,name_formula_fallback,False,52,0,1,1
fallback:ab7dbdbf034d3efb,,,1-butyl-3-methylimidazolium chloride,C8H15ClN2,,Ternary only,67,0,67,2,name_formula_fallback,False,67,0,1,1
fallback:b25e63c8696e8bf8,,,2-hydroxyethylammonium acetate,C4H11NO3,,Ternary only,44,0,44,1,name_formula_fallback,False,44,0,1,1
fallback:b63ac75aa69de5ee,,,1-(2-(2-(戊氧基)乙氧基)乙氧基)戊烷,C14H30O3,,Shared,114,60,54,3,name_formula_fallback,False,114,0,1,1
fallback:b94569dd5711d885,,,1-ethyl-3-methylimidazolium dicyanamide,C8H11N5,,Ternary only,171,0,171,2,name_formula_fallback,False,171,0,1,1
fallback:c59c94f20e561d88,,,1-hexyl-3-methylimidazolium chloride,C10H19ClN2,,Ternary only,45,0,45,1,name_formula_fallback,False,45,0,1,1
fallback:c602ac1290f3b380,,,1-methyl-3-octylimidazolium tetrafluoroborate,C12H23BF4N2,,Ternary only,30,0,30,1,name_formula_fallback,False,30,0,1,1
fallback:d4cc18a1c3d5b401,,,1-butyl-3-methylimidazolium dibutyl phosphate,C16H33N2O4P,,Ternary only,119,0,119,3,name_formula_fallback,False,119,0,1,1
fallback:d8cb57b6c8e8471d,,,(S)-2-羟基丙酸异丙酯,C6H12O3,,Binary only,34,34,0,1,name_formula_fallback,False,34,0,1,1
fallback:d95b315545052123,,,"2-amino-2-(hydroxymethyl)-1,3-propanediol",C4H11NO3,,Ternary only,85,0,85,3,name_formula_fallback,False,85,0,1,1
fallback:d9df4fd9b4b52f0e,,,(E)-3-苯基-2-丙烯醛,C9H8O,,Binary only,42,42,0,1,name_formula_fallback,False,42,0,1,1
fallback:dac3f6dfac965522,,,sodium chloride,ClNa,,Ternary only,43,0,43,1,name_formula_fallback,False,43,0,1,1
fallback:ddfbc2db9f602e7d,,,"顺式-1,3,3,3-四氟丙烯",C3H2F4,,Binary only,208,208,0,3,name_formula_fallback,False,208,0,1,1
fallback:e1591e1a11bbc209,,,"(1S,2S,5R)-蒎烷",C10H18,,Shared,46,30,16,3,name_formula_fallback,False,46,0,1,1
fallback:e3bc547e5efe17ce,,,D-fructose,C6H12O6,,Ternary only,64,0,64,1,name_formula_fallback,False,64,0,1,1
fallback:edcf3a858853717f,,,D-glucose,C6H12O6,,Ternary only,25,0,25,1,name_formula_fallback,False,25,0,1,1
fallback:efc4790aa0612d13,,,1-butyl-3-methylimidazolium bis(trifluoromethylsulfonyl)imide,C10H15F6N3O4S2,,Ternary only,143,0,143,4,name_formula_fallback,False,143,0,1,1
fallback:f35cdcca756bacdc,,,1-allyl-3-methylimidazolium chloride,C7H11ClN2,,Ternary only,20,0,20,1,name_formula_fallback,False,20,0,1,1
fallback:f5d528f59fc9b38a,,,"1,8-二氮杂双环[5.4.0]十一碳-7-烯",C9H16N2,,Binary only,42,42,0,1,name_formula_fallback,False,42,0,1,1
fallback:f7fca512921887a7,,,"1,3-dimethylimidazolium dimethylphosphate",C7H15N2O4P,,Ternary only,72,0,72,2,name_formula_fallback,False,72,0,1,1
fallback:f8eb462bdbd19d00,,,1-ethyl-3-methylimidazolium bis((trifluoromethyl)sulfonyl)imide,C8H11F6N3O4S2,,Ternary only,33,0,33,1,name_formula_fallback,False,33,0,1,1
fallback:fbbde86d2d698521,,,1-butyl-3-methylimidazolium acetate,C10H18N2O2,,Ternary only,161,0,161,5,name_formula_fallback,False,161,0,1,1
smiles:BrCBr,BrCBr,FJBFPHVGVWTDIP-UHFFFAOYSA-N,二溴甲烷,CH2Br2,C(Br)Br,Binary only,65,65,0,4,canonical_smiles,True,0,0,1,1
smiles:BrCCBr,BrCCBr,PAAZPARNPHGIKF-UHFFFAOYSA-N,"1,2-二溴乙烷",C2H4Br2,C(CBr)Br,Binary only,51,51,0,3,canonical_smiles,True,0,0,1,1
smiles:Brc1ccccc1,Brc1ccccc1,QARVLSVVCXYDNA-UHFFFAOYSA-N,溴苯,C6H5Br,C1=CC=C(C=C1)Br,Binary only,14,14,0,1,canonical_smiles,True,0,0,1,1
smiles:C,C,VNWKTOKETHGBQD-UHFFFAOYSA-N,甲烷,CH4,C,Binary only,25,25,0,3,canonical_smiles,True,0,0,1,1
smiles:C#CCCCC,C#CCCCC,CGHIBGNXEGJPQZ-UHFFFAOYSA-N,1-己炔,C6H10,CCCCC#C,Binary only,99,99,0,1,canonical_smiles,True,0,0,1,1
smiles:C/C=C/C,C/C=C/C,IAQRGUVFOMOMEM-ONEGZZNKSA-N,反式-2-丁烯,C4H8,C/C=C/C,Binary only,25,25,0,1,canonical_smiles,True,0,0,1,1
smiles:C/C=C/CC#N,C/C=C/CC#N,UVKXJAUUKPDDNW-NSCUHMNNSA-N,3-戊烯腈,C5H7N,C/C=C/CC#N,Binary only,18,18,0,1,canonical_smiles,True,0,0,1,1
smiles:C/C=C\C,C/C=C\C,IAQRGUVFOMOMEM-ARJAWSKDSA-N,顺式-2-丁烯,C4H8,C/C=C\C,Binary only,26,26,0,1,canonical_smiles,True,0,0,1,1
smiles:C1=CCCCC1,C1=CCCCC1,HGCIXCUEYOPUTN-UHFFFAOYSA-N,环己烯,C6H10,C1CCC=CC1,Shared,130,88,42,3,canonical_smiles,True,0,0,1,1
smiles:C1CC1,C1CC1,LVZWSLJZHVFIQJ-UHFFFAOYSA-N,环丙烷,C3H6,C1CC1,Binary only,78,78,0,2,canonical_smiles,True,0,0,1,1
smiles:C1CCCC1,C1CCCC1,RGSFGYAAUTVSQA-UHFFFAOYSA-N,环戊烷,C5H10,C1CCCC1,Binary only,47,47,0,2,canonical_smiles,True,0,0,1,1
smiles:C1CCCCC1,C1CCCCC1,XDTMQSROBMDMFD-UHFFFAOYSA-N,环己烷,C6H12,C1CCCCC1,Shared,965,717,248,24,canonical_smiles,True,0,0,1,1
smiles:C1CCOC1,C1CCOC1,WYURNTSHIVDZCO-UHFFFAOYSA-N,四氢呋喃,C4H8O,C1CCOC1,Shared,155,138,17,6,canonical_smiles,True,0,0,1,1
smiles:C1CCOCC1,C1CCOCC1,DHXVGJBLRPWPCS-UHFFFAOYSA-N,四氢吡喃,C5H10O,C1CCOCC1,Shared,438,350,88,13,canonical_smiles,True,0,0,1,1
smiles:C1CCSC1,C1CCSC1,RAOIDOHSFRTOEL-UHFFFAOYSA-N,四氢噻吩,C4H8S,C1CCSC1,Binary only,51,51,0,2,canonical_smiles,True,0,0,1,1
smiles:C1CN=C2CCCN2C1,C1CN=C2CCCN2C1,SGUVLZREKBPKCE-UHFFFAOYSA-N,"1,5-二氮杂双环[4.3.0]壬-5-烯",C7H12N2,C1CC2=NCCCN2C1,Binary only,63,63,0,1,canonical_smiles,True,0,0,1,1
smiles:C1COCCN1,C1COCCN1,YNAVUWVOSKDBBP-UHFFFAOYSA-N,"四氢-1,4-噁嗪",C4H9NO,C1COCCN1,Shared,91,49,42,3,canonical_smiles,True,0,0,1,1
smiles:C1COCCO1,C1COCCO1,RYHBNJHYFVUHQT-UHFFFAOYSA-N,"1,4-二噁烷",C4H8O2,C1COCCO1,Binary only,174,174,0,5,canonical_smiles,True,0,0,1,1
smiles:C1COCO1,C1COCO1,WNXJIVFYUVYPPR-UHFFFAOYSA-N,"1,3-二噁戊环",C3H6O2,C1COCO1,Binary only,99,99,0,3,canonical_smiles,True,0,0,1,1
smiles:C1C[C@@H]2[C@@H]3CC[C@@H](C3)[C@@H]2C1,C1C[C@@H]2[C@@H]3CC[C@@H](C3)[C@@H]2C1,LPSXSORODABQKT-YNFQOJQRSA-N,内-四氢二环戊二烯,C10H16,C1C[C@@H]2[C@@H]3CC[C@@H](C3)[C@@H]2C1,Binary only,78,78,0,1,canonical_smiles,True,0,0,1,1
smiles:C1C[C@@H]2[C@H]3CC[C@H](C3)[C@@H]2C1,C1C[C@@H]2[C@H]3CC[C@H](C3)[C@@H]2C1,LPSXSORODABQKT-FIRGSJFUSA-N,外-四氢二环戊二烯,C10H16,C1C[C@H]2[C@@H]3CC[C@@H](C3)[C@H]2C1,Binary only,78,78,0,1,canonical_smiles,True,0,0,1,1
smiles:C=C,C=C,VGGSQFUCUMXWEO-UHFFFAOYSA-N,乙烯,C2H4,C=C,Binary only,393,393,0,8,canonical_smiles,True,0,0,1,1
smiles:C=C(C)C,C=C(C)C,VQTUBCCKSQIDNK-UHFFFAOYSA-N,2-甲基丙烯,C4H8,CC(=C)C,Binary only,117,117,0,3,canonical_smiles,True,0,0,1,1
smiles:C=C(C)C(C)C,C=C(C)C(C)C,OWWIWYDDISJUMY-UHFFFAOYSA-N,"2,3-二甲基-1-丁烯",C6H12,CC(C)C(=C)C,Binary only,75,75,0,2,canonical_smiles,True,0,0,1,1
smiles:C=C(C)CC(C)(C)C,C=C(C)CC(C)(C)C,FXNDIJDIPNCZQJ-UHFFFAOYSA-N,"2,4,4-三甲基-1-戊烯",C8H16,CC(=C)CC(C)(C)C,Binary only,37,37,0,2,canonical_smiles,True,0,0,1,1
smiles:C=C(C)[C@H]1CC=C(C)CC1,C=C(C)[C@H]1CC=C(C)CC1,XMGQYMWWDOXHJM-JTQLQIEISA-N,(R)-1-methyl-4-(1-methylethenyl)cyclohexene,C10H16,CC1=CC[C@@H](CC1)C(=C)C,Binary only,69,69,0,1,canonical_smiles,True,0,0,1,1
smiles:C=C(Cl)C(F)(F)F,C=C(Cl)C(F)(F)F,OQISUJXQFPPARX-UHFFFAOYSA-N,"2-氯-3,3,3-三氟丙烯",C3H2ClF3,C=C(C(F)(F)F)Cl,Binary only,60,60,0,2,canonical_smiles,True,0,0,1,1
smiles:C=C(F)C(F)(F)F,C=C(F)C(F)(F)F,FXRLMCRCYDHQFW-UHFFFAOYSA-N,"2,3,3,3-四氟-1-丙烯",C3H2F4,C=C(C(F)(F)F)F,Binary only,711,711,0,14,canonical_smiles,True,0,0,1,1
smiles:C=C1C2CCC(C2)C1(C)C,C=C1C2CCC(C2)C1(C)C,CRPUJAZIXJMDBK-UHFFFAOYSA-N,冰片烯,C10H16,CC1(C2CCC(C2)C1=C)C,Binary only,62,62,0,3,canonical_smiles,True,0,0,1,1
smiles:C=CC,C=CC,QQONPFPTGQHPMA-UHFFFAOYSA-N,丙烯,C3H6,CC=C,Binary only,195,195,0,3,canonical_smiles,True,0,0,1,1
smiles:C=CC#N,C=CC#N,NLHHRLWOUZZQLW-UHFFFAOYSA-N,丙烯腈,C3H3N,C=CC#N,Binary only,15,15,0,1,canonical_smiles,True,0,0,1,1
smiles:C=CC(=C)CCC=C(C)C,C=CC(=C)CCC=C(C)C,UAHWPYUMFXYFJY-UHFFFAOYSA-N,"2-甲基-6-亚甲基-2,7-辛二烯",C10H16,CC(=CCCC(=C)C=C)C,Shared,22,6,16,2,canonical_smiles,True,0,0,1,1
smiles:C=CC(C)(O)CCC=C(C)C,C=CC(C)(O)CCC=C(C)C,CDOSHBSSFJOMGT-UHFFFAOYSA-N,芳樟醇,C10H18O,CC(=CCCC(C)(C=C)O)C,Binary only,38,38,0,1,canonical_smiles,True,0,0,1,1
smiles:C=CC(C)CCC=C(C)C,C=CC(C)CCC=C(C)C,FUDNBFMOXDUIIE-UHFFFAOYSA-N,"3,7-二甲基-1,6-辛二烯",C10H18,CC(CCC=C(C)C)C=C,Shared,42,26,16,3,canonical_smiles,True,0,0,1,1
smiles:C=CC(C)CCCC(C)(C)O,C=CC(C)CCCC(C)(C)O,XSNQECSCDATQEL-UHFFFAOYSA-N,"2,6-二甲基-7-辛烯-2-醇",C10H20O,CC(CCCC(C)(C)O)C=C,Shared,46,30,16,3,canonical_smiles,True,0,0,1,1
smiles:C=CC1CC=CCC1,C=CC1CC=CCC1,BBDKZWKEPDTENS-UHFFFAOYSA-N,4-乙烯基环己烯,C8H12,C=CC1CCC=CC1,Binary only,18,18,0,1,canonical_smiles,True,0,0,1,1
smiles:C=CCC,C=CCC,VXNZUUAINFGPBY-UHFFFAOYSA-N,1-丁烯,C4H8,CCC=C,Binary only,193,193,0,6,canonical_smiles,True,0,0,1,1
smiles:C=CCCCC,C=CCCCC,LIKMAJRDDDTEIG-UHFFFAOYSA-N,1-己烯,C6H12,CCCCC=C,Binary only,191,191,0,5,canonical_smiles,True,0,0,1,1
smiles:C=CCCCCCCCCCC,C=CCCCCCCCCCC,CRSBERNSMYQZNG-UHFFFAOYSA-N,1-十二烯,C12H24,CCCCCCCCCCC=C,Binary only,9,9,0,1,canonical_smiles,True,0,0,1,1
smiles:C=CCO,C=CCO,XXROGKLTLUQVRX-UHFFFAOYSA-N,丙烯醇,C3H6O,C=CCO,Binary only,80,80,0,4,canonical_smiles,True,0,0,1,1
smiles:CC,CC,OTMSDBZUPAUEDD-UHFFFAOYSA-N,乙烷,C2H6,CC,Binary only,129,129,0,3,canonical_smiles,True,0,0,1,1
smiles:CC#CCCC,CC#CCCC,MELUCTCJOARQQG-UHFFFAOYSA-N,2-己炔,C6H10,CCCC#CC,Binary only,77,77,0,1,canonical_smiles,True,0,0,1,1
smiles:CC#N,CC#N,WEVYAHXRMPXWCK-UHFFFAOYSA-N,乙腈,C2H3N,CC#N,Shared,752,175,577,27,canonical_smiles,True,0,0,1,1
smiles:CC(=O)C(C)(C)C,CC(=O)C(C)(C)C,PJGSXYOJTGTZAV-UHFFFAOYSA-N,"3,3-二甲基-2-丁酮",C6H12O,CC(=O)C(C)(C)C,Shared,129,77,52,3,canonical_smiles,True,0,0,1,1
smiles:CC(=O)C(C)C,CC(=O)C(C)C,SYBYTAAJFKOIEJ-UHFFFAOYSA-N,3-甲基-2-丁酮,C5H10O,CC(C)C(=O)C,Shared,316,166,150,6,canonical_smiles,True,0,0,1,1
smiles:CC(=O)CC(C)C,CC(=O)CC(C)C,NTIZESTWPVYFNL-UHFFFAOYSA-N,4-甲基-2-戊酮,C6H12O,CC(C)CC(=O)C,Shared,485,200,285,9,canonical_smiles,True,0,0,1,1
smiles:CC(=O)N(C)C,CC(=O)N(C)C,FXHOOIRPVKKKFG-UHFFFAOYSA-N,"N,N-二甲基乙酰胺",C4H9NO,CC(=O)N(C)C,Shared,208,141,67,8,canonical_smiles,True,0,0,1,1
smiles:CC(=O)O,CC(=O)O,QTBSBXVTEAMEQO-UHFFFAOYSA-N,乙酸,C2H4O2,CC(=O)O,Shared,458,240,218,18,canonical_smiles,True,0,0,1,1
smiles:CC(=O)OCC(C)C,CC(=O)OCC(C)C,GJRQTCIYDGXPES-UHFFFAOYSA-N,乙酸异丁酯,C6H12O2,CC(C)COC(=O)C,Shared,219,93,126,8,canonical_smiles,True,0,0,1,1
smiles:CC(C)(C)CO,CC(C)(C)CO,KPSSIOMAKSHJJG-UHFFFAOYSA-N,"2,2-二甲基-1-丙醇",C5H12O,CC(C)(C)CO,Shared,111,59,52,3,canonical_smiles,True,0,0,1,1
smiles:CC(C)(C)Cl,CC(C)(C)Cl,NBRKLOOSMBRFMH-UHFFFAOYSA-N,2-氯-2-甲基丙烷,C4H9Cl,CC(C)(C)Cl,Binary only,139,139,0,4,canonical_smiles,True,0,0,1,1
smiles:CC(C)(C)O,CC(C)(C)O,DKGAVHZHDRPRBM-UHFFFAOYSA-N,2-甲基-2-丙醇,C4H10O,CC(C)(C)O,Shared,245,118,127,6,canonical_smiles,True,0,0,1,1
smiles:CC(C)(N)CO,CC(C)(N)CO,CBTVGIZVANVGBH-UHFFFAOYSA-N,2-氨基-2-甲基-1-丙醇,C4H11NO,CC(C)(CO)N,Binary only,27,27,0,1,canonical_smiles,True,0,0,1,1
smiles:CC(C)=C(C)C,CC(C)=C(C)C,WGLLSSPDPJPLOR-UHFFFAOYSA-N,"2,3-二甲基-2-丁烯",C6H12,CC(=C(C)C)C,Binary only,124,124,0,2,canonical_smiles,True,0,0,1,1
smiles:CC(C)=CCC/C(C)=C/CC/C(C)=C/CC/C(C)=C/CC/C(C)=C/CC/C(C)=C/CC/C(C)=C/CC/C(C)=C/CC/C(C)=C/CO,CC(C)=CCC/C(C)=C/CC/C(C)=C/CC/C(C)=C/CC/C(C)=C/CC/C(C)=C/CC/C(C)=C/CC/C(C)=C/CC/C(C)=C/CO,AFPLNGZPBSKHHQ-MEGGAXOGSA-N,茄尼醇,C45H74O,CC(=CCC/C(=C/CC/C(=C/CC/C(=C/CC/C(=C/CC/C(=C/CC/C(=C/CC/C(=C/CC/C(=C/CO)/C)/C)/C)/C)/C)/C)/C)/C)C,Shared,12,3,9,2,canonical_smiles,True,0,0,1,1
smiles:CC(C)=O,CC(C)=O,CSCPPACGZOOCGX-UHFFFAOYSA-N,丙酮,C3H6O,CC(=O)C,Shared,613,357,256,16,canonical_smiles,True,0,0,1,1
smiles:CC(C)C,CC(C)C,NNPPMTNAJDCUHE-UHFFFAOYSA-N,2-甲基丙烷,C4H10,CC(C)C,Shared,428,408,20,11,canonical_smiles,True,0,0,1,1
smiles:CC(C)C(=O)C(C)C,CC(C)C(=O)C(C)C,HXVNBWAKAOHACI-UHFFFAOYSA-N,"2,4-二甲基-3-戊酮",C7H14O,CC(C)C(=O)C(C)C,Shared,144,80,64,3,canonical_smiles,True,0,0,1,1
smiles:CC(C)C(C)C,CC(C)C(C)C,ZFFMLCVRJBZUDZ-UHFFFAOYSA-N,"2,3-二甲基丁烷",C6H14,CC(C)C(C)C,Shared,178,94,84,3,canonical_smiles,True,0,0,1,1
smiles:CC(C)C(C)O,CC(C)C(C)O,MXLMTQWGSQIYOW-UHFFFAOYSA-N,3-甲基-2-丁醇,C5H12O,CC(C)C(C)O,Binary only,24,24,0,1,canonical_smiles,True,0,0,1,1
smiles:CC(C)CC(C)(C)C,CC(C)CC(C)(C)C,NHTMVDHEPJAVLT-UHFFFAOYSA-N,异辛烷,C8H18,CC(C)CC(C)(C)C,Shared,1043,617,426,27,canonical_smiles,True,0,0,1,1
smiles:CC(C)CCO,CC(C)CCO,PHTQWCKDNZKARW-UHFFFAOYSA-N,3-甲基-1-丁醇,C5H12O,CC(C)CCO,Binary only,113,113,0,5,canonical_smiles,True,0,0,1,1
smiles:CC(C)CCl,CC(C)CCl,QTBFPMKWQKYFLR-UHFFFAOYSA-N,1-氯-2-甲基丙烷,C4H9Cl,CC(C)CCl,Binary only,137,137,0,4,canonical_smiles,True,0,0,1,1
smiles:CC(C)CO,CC(C)CO,ZXEKIIBDNHEJCQ-UHFFFAOYSA-N,2-甲基-1-丙醇,C4H10O,CC(C)CO,Shared,517,306,211,13,canonical_smiles,True,0,0,1,1
smiles:CC(C)N(C)C,CC(C)N(C)C,VMOWKUTXPNPTEN-UHFFFAOYSA-N,"N,N-二甲基异丙胺",C5H13N,CC(C)N(C)C,Binary only,61,61,0,3,canonical_smiles,True,0,0,1,1
smiles:CC(C)O,CC(C)O,KFZMGEQAYNKOFK-UHFFFAOYSA-N,2-丙醇,C3H8O,CC(C)O,Shared,1853,882,971,47,canonical_smiles,True,0,0,1,1
smiles:CC(C)OC(C)C,CC(C)OC(C)C,ZAFNJMIOTHYJRJ-UHFFFAOYSA-N,二异丙醚,C6H14O,CC(C)OC(C)C,Shared,815,543,272,20,canonical_smiles,True,0,0,1,1
smiles:CC(C)OCCO,CC(C)OCCO,HCGFUIQPSOCUHI-UHFFFAOYSA-N,2-异丙氧基乙醇,C5H12O2,CC(C)OCCO,Binary only,41,41,0,1,canonical_smiles,True,0,0,1,1
smiles:CC(C)c1ccccc1,CC(C)c1ccccc1,RWGFKTVRMDUZSP-UHFFFAOYSA-N,异丙苯,C9H12,CC(C)C1=CC=CC=C1,Binary only,25,25,0,2,canonical_smiles,True,0,0,1,1
smiles:CC(CC(C)(C)C)CP(=O)([O-])CC(C)CC(C)(C)C.CCCCCCCCCCCCCC[P+](CCCCCC)(CCCCCC)CCCCCC,CC(CC(C)(C)C)CP(=O)([O-])CC(C)CC(C)(C)C.CCCCCCCCCCCCCC[P+](CCCCCC)(CCCCCC)CCCCCC,ZKQLVOZSJHOZBL-UHFFFAOYSA-M,"三己基十四烷基膦双(2,4,4-三甲基戊基)亚膦酸酯",C48H102O2P2,CCCCCCCCCCCCCC[P+](CCCCCC)(CCCCCC)CCCCCC.CC(CC(C)(C)C)CP(=O)(CC(C)CC(C)(C)C)[O-],Binary only,145,145,0,5,canonical_smiles,True,0,0,1,1
smiles:CC(Cl)(Cl)Cl,CC(Cl)(Cl)Cl,UOCLXMDMGBRAIB-UHFFFAOYSA-N,"1,1,1-三氯乙烷",C2H3Cl3,CC(Cl)(Cl)Cl,Binary only,42,42,0,1,canonical_smiles,True,0,0,1,1
smiles:CC(F)(Cl)C(F)(F)F,CC(F)(Cl)C(F)(F)F,SMCNZLDHTZESTK-UHFFFAOYSA-N,"2-氯-1,1,1,2-四氟丙烷",C3H3ClF4,CC(C(F)(F)F)(F)Cl,Binary only,30,30,0,1,canonical_smiles,True,0,0,1,1
smiles:CC(F)(F)C(F)(F)F,CC(F)(F)C(F)(F)F,FDOPVENYMZRARC-UHFFFAOYSA-N,"1,1,1,2,2-五氟丙烷",C3H3F5,CC(C(F)(F)F)(F)F,Binary only,44,44,0,1,canonical_smiles,True,0,0,1,1
smiles:CC(F)(F)CC(F)(F)F,CC(F)(F)CC(F)(F)F,WZLFPVPRZGTCKP-UHFFFAOYSA-N,"1,1,1,3,3-五氟丁烷",C4H5F5,CC(CC(F)(F)F)(F)F,Binary only,75,75,0,1,canonical_smiles,True,0,0,1,1
smiles:CC(F)(F)F,CC(F)(F)F,UJPMYEOUBPIPHQ-UHFFFAOYSA-N,"1,1,1-三氟乙烷",C2H3F3,CC(F)(F)F,Binary only,257,257,0,5,canonical_smiles,True,0,0,1,1
smiles:CC(F)F,CC(F)F,NPNPZTNLOVBDOC-UHFFFAOYSA-N,"1,1-二氟乙烷",C2H4F2,CC(F)F,Binary only,309,309,0,5,canonical_smiles,True,0,0,1,1
smiles:CC(O)C(C)O,CC(O)C(C)O,OWBTYPJTUOEWEK-UHFFFAOYSA-N,"1,2-丁二醇",C4H10O2,CC(C(C)O)O,Binary only,49,49,0,3,canonical_smiles,True,0,0,1,1
smiles:CC12CCC(CC1)C(C)(C)O2,CC12CCC(CC1)C(C)(C)O2,WEEGYLXZBRQIMU-UHFFFAOYSA-N,"1,3,3-三甲基-2-氧杂双环[2.2.2]辛烷",C10H18O,CC1(C2CCC(O1)(CC2)C)C,Binary only,53,53,0,1,canonical_smiles,True,0,0,1,1
smiles:CC1=CCC2C(C1)C2(C)C,CC1=CCC2C(C1)C2(C)C,BQOFWKZOCNGFEC-UHFFFAOYSA-N,3-蒈烯,C10H16,CC1=CCC2C(C1)C2(C)C,Shared,64,39,25,3,canonical_smiles,True,0,0,1,1
smiles:CC1=CCC2CC1C2(C)C,CC1=CCC2CC1C2(C)C,GRWFGVWFFZKLTI-UHFFFAOYSA-N,2-蒎烯,C10H16,CC1=CCC2CC1C2(C)C,Shared,139,84,55,5,canonical_smiles,True,0,0,1,1
smiles:CC1=CC[C@@H]2[C@H](C1)C2(C)C,CC1=CC[C@@H]2[C@H](C1)C2(C)C,BQOFWKZOCNGFEC-BDAKNGLRSA-N,(+)-3-蒈烯,C10H16,CC1=CC[C@@H]2[C@H](C1)C2(C)C,Binary only,23,23,0,1,canonical_smiles,True,0,0,1,1
smiles:CC1CCCC1,CC1CCCC1,GDOPTJXRTPNYNR-UHFFFAOYSA-N,甲基环戊烷,C6H12,CC1CCCC1,Binary only,23,23,0,2,canonical_smiles,True,0,0,1,1
smiles:CC1CCCCC1,CC1CCCCC1,UAEPNZWRGJTJPN-UHFFFAOYSA-N,甲基环己烷,C7H14,CC1CCCCC1,Shared,192,131,61,7,canonical_smiles,True,0,0,1,1
smiles:CCC,CCC,ATUOYWHBWRKTHZ-UHFFFAOYSA-N,丙烷,C3H8,CCC,Shared,714,694,20,12,canonical_smiles,True,0,0,1,1
smiles:CCC#CCC,CCC#CCC,DQQNMIPXXNPGCV-UHFFFAOYSA-N,3-己炔,C6H10,CCC#CCC,Binary only,88,88,0,1,canonical_smiles,True,0,0,1,1
smiles:CCC#N,CCC#N,FVSKHRXBFJPNKK-UHFFFAOYSA-N,丙腈,C3H5N,CCC#N,Binary only,103,103,0,4,canonical_smiles,True,0,0,1,1
smiles:CCC(=O)O,CCC(=O)O,XBDQKXXYIPTUBI-UHFFFAOYSA-N,丙酸,C3H6O2,CCC(=O)O,Binary only,222,222,0,6,canonical_smiles,True,0,0,1,1
smiles:CCC(=O)OC,CCC(=O)OC,RJUFJBKOKNCXHH-UHFFFAOYSA-N,丙酸甲酯,C4H8O2,CCC(=O)OC,Shared,91,58,33,3,canonical_smiles,True,0,0,1,1
smiles:CCC(=O)OC(C)C,CCC(=O)OC(C)C,IJMWOMHMDSDKGK-UHFFFAOYSA-N,丙酸异丙酯,C6H12O2,CCC(=O)OC(C)C,Binary only,36,36,0,2,canonical_smiles,True,0,0,1,1
smiles:CCC(=O)OCCC(C)C,CCC(=O)OCCC(C)C,XAOGXQMKWQFZEM-UHFFFAOYSA-N,异戊酸异戊酯,C8H16O2,CCC(=O)OCCC(C)C,Binary only,66,66,0,2,canonical_smiles,True,0,0,1,1
smiles:CCC(C)(C)O,CCC(C)(C)O,MSXVEPNJUHWQHW-UHFFFAOYSA-N,2-甲基-2-丁醇,C5H12O,CCC(C)(C)O,Binary only,15,15,0,1,canonical_smiles,True,0,0,1,1
smiles:CCC(C)(C)OC,CCC(C)(C)OC,HVZJRWJGKQPSFL-UHFFFAOYSA-N,2-甲氧基-2-甲基丁烷,C6H14O,CCC(C)(C)OC,Binary only,27,27,0,1,canonical_smiles,True,0,0,1,1
smiles:CCC(C)=O,CCC(C)=O,ZWEHNKRNPOVVGH-UHFFFAOYSA-N,丁酮,C4H8O,CCC(=O)C,Shared,380,183,197,12,canonical_smiles,True,0,0,1,1
smiles:CCC(C)C,CCC(C)C,QWTDNUCVQCZILF-UHFFFAOYSA-N,2-甲基丁烷,C5H12,CCC(C)C,Binary only,20,20,0,1,canonical_smiles,True,0,0,1,1
smiles:CCC(C)CC,CCC(C)CC,PFEOZHBOMNWTJB-UHFFFAOYSA-N,3-甲基戊烷,C6H14,CCC(C)CC,Binary only,75,75,0,2,canonical_smiles,True,0,0,1,1
smiles:CCC(C)Cl,CCC(C)Cl,BSPCSKHALVHRSR-UHFFFAOYSA-N,2-氯丁烷,C4H9Cl,CCC(C)Cl,Binary only,327,327,0,6,canonical_smiles,True,0,0,1,1
smiles:CCC(C)O,CCC(C)O,BTANRVKWQNVYAZ-UHFFFAOYSA-N,2-丁醇,C4H10O,CCC(C)O,Shared,520,476,44,16,canonical_smiles,True,0,0,1,1
smiles:CCC(C)OC(C)=O,CCC(C)OC(C)=O,DCKVNWZUADLDEH-UHFFFAOYSA-N,乙酸仲丁酯,C6H12O2,CCC(C)OC(=O)C,Shared,146,102,44,7,canonical_smiles,True,0,0,1,1
smiles:CCC(O)CC,CCC(O)CC,AQIXEPGDORPWBJ-UHFFFAOYSA-N,3-戊醇,C5H12O,CCC(CC)O,Binary only,26,26,0,1,canonical_smiles,True,0,0,1,1
smiles:CCC=C(C)C,CCC=C(C)C,JMMZCWZIJXAGKW-UHFFFAOYSA-N,2-甲基-2-戊烯,C6H12,CCC=C(C)C,Binary only,13,13,0,1,canonical_smiles,True,0,0,1,1
smiles:CCCC,CCCC,IJDNQMDRQITEOD-UHFFFAOYSA-N,丁烷,C4H10,CCCC,Binary only,692,692,0,14,canonical_smiles,True,0,0,1,1
smiles:CCCC(=O)O,CCCC(=O)O,FERIUCNNQQJTOY-UHFFFAOYSA-N,丁酸,C4H8O2,CCCC(=O)O,Binary only,150,150,0,3,canonical_smiles,True,0,0,1,1
smiles:CCCC(=O)OCC,CCCC(=O)OCC,OBNCKNCVKJNDBV-UHFFFAOYSA-N,丁酸乙酯,C6H12O2,CCCC(=O)OCC,Binary only,23,23,0,1,canonical_smiles,True,0,0,1,1
smiles:CCCC(=O)OCC1CO1,CCCC(=O)OCC1CO1,YLNSNVGRSIOCEU-UHFFFAOYSA-N,丁二酸缩水甘油酯,C7H12O3,CCCC(=O)OCC1CO1,Binary only,52,52,0,1,canonical_smiles,True,0,0,1,1
smiles:CCCC(C)=O,CCCC(C)=O,XNLICIUVMPYHGG-UHFFFAOYSA-N,2-戊酮,C5H10O,CCCC(=O)C,Binary only,35,35,0,1,canonical_smiles,True,0,0,1,1
smiles:CCCC(C)C,CCCC(C)C,AFABGHUZZDYHJO-UHFFFAOYSA-N,2-甲基戊烷,C6H14,CCCC(C)C,Binary only,11,11,0,1,canonical_smiles,True,0,0,1,1
smiles:CCCC(C)O,CCCC(C)O,JYVLIDXNZAXMDK-UHFFFAOYSA-N,2-戊醇,C5H12O,CCCC(C)O,Shared,267,212,55,10,canonical_smiles,True,0,0,1,1
smiles:CCCCC,CCCCC,OFBQJSOFQDEBGM-UHFFFAOYSA-N,戊烷,C5H12,CCCCC,Binary only,195,195,0,6,canonical_smiles,True,0,0,1,1
smiles:CCCCC(CC)CO,CCCCC(CC)CO,YIWUKEYIRIRTPP-UHFFFAOYSA-N,2-乙基-1-己醇,C8H18O,CCCCC(CC)CO,Binary only,28,28,0,2,canonical_smiles,True,0,0,1,1
smiles:CCCCC1CCCCC1,CCCCC1CCCCC1,GGBJHURWWWLEQH-UHFFFAOYSA-N,丁基环己烷,C10H20,CCCCC1CCCCC1,Binary only,21,21,0,1,canonical_smiles,True,0,0,1,1
smiles:CCCCCC,CCCCCC,VLKZOEOYAKHREP-UHFFFAOYSA-N,正己烷,C6H14,CCCCCC,Shared,488,331,157,13,canonical_smiles,True,0,0,1,1
smiles:CCCCCC(=O)O,CCCCCC(=O)O,FUZZWVXGSFPDMH-UHFFFAOYSA-N,己酸,C6H12O2,CCCCCC(=O)O,Binary only,33,33,0,1,canonical_smiles,True,0,0,1,1
smiles:CCCCCC=O,CCCCCC=O,JARKCYVAAOWBJS-UHFFFAOYSA-N,己醛,C6H12O,CCCCCC=O,Binary only,16,16,0,1,canonical_smiles,True,0,0,1,1
smiles:CCCCCCC,CCCCCCC,IMNFDUFMRHMDMM-UHFFFAOYSA-N,正庚烷,C7H16,CCCCCCC,Binary only,1098,1098,0,29,canonical_smiles,True,0,0,1,1
smiles:CCCCCCCC,CCCCCCCC,TVMXDCGIABBOFY-UHFFFAOYSA-N,正辛烷,C8H18,CCCCCCCC,Shared,401,281,120,13,canonical_smiles,True,0,0,1,1
smiles:CCCCCCCC(=O)OC,CCCCCCCC(=O)OC,JGHZJRVDZXSNKQ-UHFFFAOYSA-N,辛酸甲酯,C9H18O2,CCCCCCCC(=O)OC,Binary only,39,39,0,1,canonical_smiles,True,0,0,1,1
smiles:CCCCCCCC/C=C\CCCCCCCC(=O)OC,CCCCCCCC/C=C\CCCCCCCC(=O)OC,QYDYPVFESGNLHU-KHPPLWFESA-N,顺式油酸甲酯,C19H36O2,CCCCCCCC/C=C\CCCCCCCC(=O)OC,Binary only,9,9,0,1,canonical_smiles,True,0,0,1,1
smiles:CCCCCCCC/C=C\CCCCCCCC(=O)OCC(COC(=O)CCCCCCC/C=C\CCCCCCCC)OC(=O)CCCCCCC/C=C\CCCCCCCC,CCCCCCCC/C=C\CCCCCCCC(=O)OCC(COC(=O)CCCCCCC/C=C\CCCCCCCC)OC(=O)CCCCCCC/C=C\CCCCCCCC,PHYFQTYBJUILEZ-IUPFWZBJSA-N,三油酸甘油酯,C57H104O6,CCCCCCCC/C=C\CCCCCCCC(=O)OCC(OC(=O)CCCCCCC/C=C\CCCCCCCC)COC(=O)CCCCCCC/C=C\CCCCCCCC,Binary only,21,21,0,1,canonical_smiles,True,0,0,1,1
smiles:CCCCCCCCC,CCCCCCCCC,BKIMMITUMNQMOS-UHFFFAOYSA-N,正壬烷,C9H20,CCCCCCCCC,Binary only,296,296,0,12,canonical_smiles,True,0,0,1,1
smiles:CCCCCCCCCC,CCCCCCCCCC,DIOQZVSQGTUSAI-UHFFFAOYSA-N,正癸烷,C10H22,CCCCCCCCCC,Binary only,166,166,0,10,canonical_smiles,True,0,0,1,1
smiles:CCCCCCCCCC(=O)OC,CCCCCCCCCC(=O)OC,YRHYCMZPEVDGFQ-UHFFFAOYSA-N,癸酸甲酯,C11H22O2,CCCCCCCCCC(=O)OC,Binary only,78,78,0,2,canonical_smiles,True,0,0,1,1
smiles:CCCCCCCCCCC,CCCCCCCCCCC,RSJKGSCJYJTIGS-UHFFFAOYSA-N,十一烷,C11H24,CCCCCCCCCCC,Binary only,86,86,0,4,canonical_smiles,True,0,0,1,1
smiles:CCCCCCCCCCCC,CCCCCCCCCCCC,SNRUBQQJIBEYMU-UHFFFAOYSA-N,十二烷,C12H26,CCCCCCCCCCCC,Binary only,10,10,0,1,canonical_smiles,True,0,0,1,1
smiles:CCCCCCCCCCCC(=O)OC,CCCCCCCCCCCC(=O)OC,UQDUPQYQJKYHQI-UHFFFAOYSA-N,十二酸甲酯,C13H26O2,CCCCCCCCCCCC(=O)OC,Binary only,59,59,0,2,canonical_smiles,True,0,0,1,1
smiles:CCCCCCCCCCCC(=O)OCC,CCCCCCCCCCCC(=O)OCC,MMXKVMNBHPAILY-UHFFFAOYSA-N,十二酸乙酯,C14H28O2,CCCCCCCCCCCC(=O)OCC,Binary only,22,22,0,1,canonical_smiles,True,0,0,1,1
smiles:CCCCCCCCCCCCCC,CCCCCCCCCCCCCC,BGHCVCJVXZWKCC-UHFFFAOYSA-N,十四烷,C14H30,CCCCCCCCCCCCCC,Binary only,13,13,0,1,canonical_smiles,True,0,0,1,1
smiles:CCCCCCCCCCCCCC(=O)O,CCCCCCCCCCCCCC(=O)O,TUNFSRHWOTWDNC-UHFFFAOYSA-N,肉豆蔻酸,C14H28O2,CCCCCCCCCCCCCC(=O)O,Binary only,22,22,0,2,canonical_smiles,True,0,0,1,1
smiles:CCCCCCCCCCCCCC(=O)OC,CCCCCCCCCCCCCC(=O)OC,ZAZKJZBWRNNLDS-UHFFFAOYSA-N,肉豆蔻酸甲酯,C15H30O2,CCCCCCCCCCCCCC(=O)OC,Binary only,93,93,0,5,canonical_smiles,True,0,0,1,1
smiles:CCCCCCCCCCCCCC(=O)OCC,CCCCCCCCCCCCCC(=O)OCC,MMKRHZKQPFCLLS-UHFFFAOYSA-N,十四酸乙酯,C16H32O2,CCCCCCCCCCCCCC(=O)OCC,Binary only,19,19,0,1,canonical_smiles,True,0,0,1,1
smiles:CCCCCCCCCCCCCCC,CCCCCCCCCCCCCCC,YCOZIPAWZNQLMR-UHFFFAOYSA-N,十五烷,C15H32,CCCCCCCCCCCCCCC,Binary only,11,11,0,1,canonical_smiles,True,0,0,1,1
smiles:CCCCCCCCCCCCCCCC,CCCCCCCCCCCCCCCC,DCAYPVUWAIABOU-UHFFFAOYSA-N,十六烷,C16H34,CCCCCCCCCCCCCCCC,Binary only,26,26,0,2,canonical_smiles,True,0,0,1,1
smiles:CCCCCCCCCCCCCCCC(=O)O,CCCCCCCCCCCCCCCC(=O)O,IPCSVZSSVZVIGE-UHFFFAOYSA-N,棕榈酸,C16H32O2,CCCCCCCCCCCCCCCC(=O)O,Binary only,21,21,0,2,canonical_smiles,True,0,0,1,1
smiles:CCCCCCCCCCCCCCCC(=O)OC,CCCCCCCCCCCCCCCC(=O)OC,FLIACVVOZYBSBS-UHFFFAOYSA-N,棕榈酸甲酯,C17H34O2,CCCCCCCCCCCCCCCC(=O)OC,Binary only,38,38,0,1,canonical_smiles,True,0,0,1,1
smiles:CCCCCCCCCCCCCCCCCC(=O)O,CCCCCCCCCCCCCCCCCC(=O)O,QIQXTHQIDYTFRH-UHFFFAOYSA-N,硬脂酸,C18H36O2,CCCCCCCCCCCCCCCCCC(=O)O,Binary only,21,21,0,2,canonical_smiles,True,0,0,1,1
smiles:CCCCCCCCCCCCO,CCCCCCCCCCCCO,LQZZUXJYWNFBMV-UHFFFAOYSA-N,1-十二醇,C12H26O,CCCCCCCCCCCCO,Binary only,47,47,0,1,canonical_smiles,True,0,0,1,1
smiles:CCCCCCCCCCCO,CCCCCCCCCCCO,KJIOQYGWTQBHNH-UHFFFAOYSA-N,1-十一醇,C11H24O,CCCCCCCCCCCO,Binary only,120,120,0,1,canonical_smiles,True,0,0,1,1
smiles:CCCCCCCCO,CCCCCCCCO,KBPLFHHGFOOTCA-UHFFFAOYSA-N,1-辛醇,C8H18O,CCCCCCCCO,Binary only,59,59,0,4,canonical_smiles,True,0,0,1,1
smiles:CCCCCCCO,CCCCCCCO,BBMCTIGTTCKYKF-UHFFFAOYSA-N,1-庚醇,C7H16O,CCCCCCCO,Binary only,52,52,0,1,canonical_smiles,True,0,0,1,1
smiles:CCCCCCCl,CCCCCCCl,MLRVZFYXUZQSRU-UHFFFAOYSA-N,1-氯己烷,C6H13Cl,CCCCCCCl,Binary only,117,117,0,4,canonical_smiles,True,0,0,1,1
smiles:CCCCCCO,CCCCCCO,ZSIAUFGUXNUGDI-UHFFFAOYSA-N,1-己醇,C6H14O,CCCCCCO,Shared,316,274,42,14,canonical_smiles,True,0,0,1,1
smiles:CCCCCCl,CCCCCCl,SQCZQTSHSZLZIQ-UHFFFAOYSA-N,1-氯戊烷,C5H11Cl,CCCCCCl,Binary only,246,246,0,6,canonical_smiles,True,0,0,1,1
smiles:CCCCCO,CCCCCO,AMQJEAYHLZJPGS-UHFFFAOYSA-N,1-戊醇,C5H12O,CCCCCO,Shared,466,413,53,16,canonical_smiles,True,0,0,1,1
smiles:CCCCCOC=O,CCCCCOC=O,DIQMPQMYFZXDAX-UHFFFAOYSA-N,甲酸正戊酯,C6H12O2,CCCCCOC=O,Binary only,65,65,0,1,canonical_smiles,True,0,0,1,1
smiles:CCCCCS,CCCCCS,ZRKMQKLGEQPLNS-UHFFFAOYSA-N,1-戊硫醇,C5H12S,CCCCCS,Binary only,19,19,0,1,canonical_smiles,True,0,0,1,1
smiles:CCCCCl,CCCCCl,VFWCMGCRMGJXDK-UHFFFAOYSA-N,1-氯丁烷,C4H9Cl,CCCCCl,Binary only,412,412,0,9,canonical_smiles,True,0,0,1,1
smiles:CCCCO,CCCCO,LRHPLDYGYMQRHN-UHFFFAOYSA-N,1-丁醇,C4H10O,CCCCO,Shared,734,528,206,23,canonical_smiles,True,0,0,1,1
smiles:CCCCOC(=O)C(C)O,CCCCOC(=O)C(C)O,MRABAEUHTLLEML-UHFFFAOYSA-N,L-乳酸丁酯,C7H14O3,CCCCOC(=O)C(C)O,Binary only,26,26,0,1,canonical_smiles,True,0,0,1,1
smiles:CCCCOC(=O)CC,CCCCOC(=O)CC,BTMVHUNTONAYDX-UHFFFAOYSA-N,丙酸正丁酯,C7H14O2,CCCCOC(=O)CC,Shared,100,58,42,4,canonical_smiles,True,0,0,1,1
smiles:CCCCOC(C)(C)C,CCCCOC(C)(C)C,JJNQHLLBFBGKEL-UHFFFAOYSA-N,1-(叔丁氧基)丁烷,C8H18O,CCCCOC(C)(C)C,Shared,196,54,142,4,canonical_smiles,True,0,0,1,1
smiles:CCCCOC(C)=O,CCCCOC(C)=O,DKPFZGUDAPQIHT-UHFFFAOYSA-N,乙酸正丁酯,C6H12O2,CCCCOC(=O)C,Binary only,99,99,0,5,canonical_smiles,True,0,0,1,1
smiles:CCCCOC=O,CCCCOC=O,NMJJFJNHVMGPGM-UHFFFAOYSA-N,甲酸正丁酯,C5H10O2,CCCCOC=O,Binary only,205,205,0,6,canonical_smiles,True,0,0,1,1
smiles:CCCCOCC,CCCCOCC,PZHIWRCQKBBTOW-UHFFFAOYSA-N,乙基丁基醚,C6H14O,CCCCOCC,Binary only,138,138,0,4,canonical_smiles,True,0,0,1,1
smiles:CCCCOCCCC,CCCCOCCCC,DURPTKYDGMDSBL-UHFFFAOYSA-N,二丁醚,C8H18O,CCCCOCCCC,Binary only,61,61,0,2,canonical_smiles,True,0,0,1,1
smiles:CCCCOCCO,CCCCOCCO,POAOYUHQDCAZBD-UHFFFAOYSA-N,2-丁氧基乙醇,C6H14O2,CCCCOCCO,Binary only,15,15,0,1,canonical_smiles,True,0,0,1,1
smiles:CCCCS,CCCCS,WQAQPCDUOCURKW-UHFFFAOYSA-N,1-丁硫醇,C4H10S,CCCCS,Binary only,28,28,0,2,canonical_smiles,True,0,0,1,1
smiles:CCCCc1ccccc1,CCCCc1ccccc1,OCKPCBLVNKHBMX-UHFFFAOYSA-N,正丁苯,C10H14,CCCCC1=CC=CC=C1,Binary only,34,34,0,2,canonical_smiles,True,0,0,1,1
smiles:CCCCl,CCCCl,SNMVRZFUUCLYTO-UHFFFAOYSA-N,1-氯丙烷,C3H7Cl,CCCCl,Binary only,143,143,0,5,canonical_smiles,True,0,0,1,1
smiles:CCCO,CCCO,BDERNNFJNOPAEC-UHFFFAOYSA-N,1-丙醇,C3H8O,CCCO,Shared,922,751,171,29,canonical_smiles,True,0,0,1,1
smiles:CCCOC(C)=O,CCCOC(C)=O,YKYONYBAUNKHLG-UHFFFAOYSA-N,乙酸正丙酯,C5H10O2,CCCOC(=O)C,Shared,655,593,62,14,canonical_smiles,True,0,0,1,1
smiles:CCCOC=O,CCCOC=O,KFNNIILCVOLYIR-UHFFFAOYSA-N,甲酸正丙酯,C4H8O2,CCCOC=O,Binary only,137,137,0,5,canonical_smiles,True,0,0,1,1
smiles:CCCOCCC,CCCOCCC,POLCUAVZOMRGSN-UHFFFAOYSA-N,二丙醚,C6H14O,CCCOCCC,Shared,167,85,82,5,canonical_smiles,True,0,0,1,1
smiles:CCCOCCO,CCCOCCO,YEYKMVJDLWJFOA-UHFFFAOYSA-N,2-丙氧基乙醇,C5H12O2,CCCOCCO,Binary only,78,78,0,2,canonical_smiles,True,0,0,1,1
smiles:CCCOCOC,CCCOCOC,XDEBEEKYERBCBM-UHFFFAOYSA-N,1-(甲氧基甲氧基)丙烷,C5H12O2,CCCOCOC,Binary only,56,56,0,2,canonical_smiles,True,0,0,1,1
smiles:CCCOCOCC,CCCOCOCC,SWQFQRIECLCLQG-UHFFFAOYSA-N,1-(乙氧基甲氧基)丙烷,C6H14O2,CCCOCOCC,Binary only,49,49,0,2,canonical_smiles,True,0,0,1,1
smiles:CCF,CCF,UHCBBWUQDAVSMS-UHFFFAOYSA-N,氟乙烷,C2H5F,CCF,Binary only,408,408,0,5,canonical_smiles,True,0,0,1,1
smiles:CCI,CCI,HVTICUPFWKNHNG-UHFFFAOYSA-N,碘乙烷,C2H5I,CCI,Binary only,49,49,0,3,canonical_smiles,True,0,0,1,1
smiles:CCN(CC)CCCO,CCN(CC)CCCO,WKCYFSZDBICRKL-UHFFFAOYSA-N,3-二乙氨基-1-丙醇,C7H17NO,CCN(CC)CCCO,Binary only,44,44,0,1,canonical_smiles,True,0,0,1,1
smiles:CCO,CCO,LFQSCWFLJHTTHZ-UHFFFAOYSA-N,乙醇,C2H6O,CCO,Shared,2717,1442,1275,64,canonical_smiles,True,0,0,1,1
smiles:CCOC(=O)C(C)C,CCOC(=O)C(C)C,WDAXFOBOLVPGLV-UHFFFAOYSA-N,2-甲基丙酸乙酯,C6H12O2,CCOC(=O)C(C)C,Binary only,142,142,0,2,canonical_smiles,True,0,0,1,1
smiles:CCOC(=O)C(C)CC,CCOC(=O)C(C)CC,HCRBXQFHJMCTLF-UHFFFAOYSA-N,2-甲基丁酸乙酯,C7H14O2,CCC(C)C(=O)OCC,Binary only,19,19,0,1,canonical_smiles,True,0,0,1,1
smiles:CCOC(=O)C(F)(F)F,CCOC(=O)C(F)(F)F,STSCVKRWJPWALQ-UHFFFAOYSA-N,三氟乙酸乙酯,C4H5F3O2,CCOC(=O)C(F)(F)F,Binary only,32,32,0,1,canonical_smiles,True,0,0,1,1
smiles:CCOC(=O)CC,CCOC(=O)CC,FKRCODPIKNYEAC-UHFFFAOYSA-N,丙酸乙酯,C5H10O2,CCC(=O)OCC,Shared,510,146,364,9,canonical_smiles,True,0,0,1,1
smiles:CCOC(=O)OCC,CCOC(=O)OCC,OIFBSDVPJOWBCH-UHFFFAOYSA-N,碳酸二乙酯,C5H10O3,CCOC(=O)OCC,Shared,285,241,44,10,canonical_smiles,True,0,0,1,1
smiles:CCOC(=O)[C@H](C)O,CCOC(=O)[C@H](C)O,LZCLXQDLBQLTDK-BYPYZUCNSA-N,(S)-(-)-乳酸乙酯,C5H10O3,CCOC(=O)[C@H](C)O,Binary only,36,36,0,1,canonical_smiles,True,0,0,1,1
smiles:CCOC(C)(C)C,CCOC(C)(C)C,NUMQCACRALPSHD-UHFFFAOYSA-N,2-乙氧基-2-甲基丙烷,C6H14O,CCOC(C)(C)C,Binary only,126,126,0,3,canonical_smiles,True,0,0,1,1
smiles:CCOC(C)(C)CC,CCOC(C)(C)CC,KFRVYYGHSPLXSZ-UHFFFAOYSA-N,"乙基-1,1-二甲基丙基醚",C7H16O,CCC(C)(C)OCC,Shared,245,52,193,4,canonical_smiles,True,0,0,1,1
smiles:CCOC(C)=O,CCOC(C)=O,XEKOWRVHYACXOJ-UHFFFAOYSA-N,乙酸乙酯,C4H8O2,CCOC(=O)C,Shared,509,287,222,18,canonical_smiles,True,0,0,1,1
smiles:CCOC=O,CCOC=O,WBJINCZRORDGAQ-UHFFFAOYSA-N,甲酸乙酯,C3H6O2,CCOC=O,Binary only,134,134,0,5,canonical_smiles,True,0,0,1,1
smiles:CCOCC(C)O,CCOCC(C)O,JOLQKTGDSGKSKJ-UHFFFAOYSA-N,1-乙氧基-2-丙醇,C5H12O2,CCOCC(C)O,Binary only,56,56,0,3,canonical_smiles,True,0,0,1,1
smiles:CCOCCO,CCOCCO,ZNQVEEAIQZEUHB-UHFFFAOYSA-N,2-乙氧基乙醇,C4H10O2,CCOCCO,Shared,334,155,179,7,canonical_smiles,True,0,0,1,1
smiles:CCSCC,CCSCC,LJSQFQKUNVCTIA-UHFFFAOYSA-N,3-硫杂戊烷,C4H10S,CCSCC,Binary only,279,279,0,11,canonical_smiles,True,0,0,1,1
smiles:CCSSCC,CCSSCC,CETBSQOFQKLHHZ-UHFFFAOYSA-N,"3,4-二硫杂己烷",C4H10S2,CCSSCC,Binary only,10,10,0,1,canonical_smiles,True,0,0,1,1
smiles:CC[N+](=O)[O-],CC[N+](=O)[O-],MCSAJNNLRCFZED-UHFFFAOYSA-N,硝基乙烷,C2H5NO2,CC[N+](=O)[O-],Binary only,170,170,0,4,canonical_smiles,True,0,0,1,1
smiles:CCc1ccc(C)cc1,CCc1ccc(C)cc1,JRLPEMVDPFPYPJ-UHFFFAOYSA-N,1-乙基-4-甲基苯,C9H12,CCC1=CC=C(C=C1)C,Binary only,15,15,0,1,canonical_smiles,True,0,0,1,1
smiles:CCc1cccc(C)c1,CCc1cccc(C)c1,ZLCSFXXPPANWQY-UHFFFAOYSA-N,1-乙基-3-甲基苯,C9H12,CCC1=CC=CC(=C1)C,Binary only,16,16,0,1,canonical_smiles,True,0,0,1,1
smiles:CCc1ccccc1,CCc1ccccc1,YNQLUTRBYVCPMQ-UHFFFAOYSA-N,乙苯,C8H10,CCC1=CC=CC=C1,Binary only,39,39,0,3,canonical_smiles,True,0,0,1,1
smiles:CCc1cccs1,CCc1cccs1,JCCCMAAJYSNBPR-UHFFFAOYSA-N,2-乙基噻吩,C6H8S,CCC1=CC=CS1,Binary only,56,56,0,3,canonical_smiles,True,0,0,1,1
smiles:CN(C)C=O,CN(C)C=O,ZMXDDKWLCZADIW-UHFFFAOYSA-N,"N,N-二甲基甲酰胺",C3H7NO,CN(C)C=O,Shared,267,193,74,13,canonical_smiles,True,0,0,1,1
smiles:CN(C)CCCO,CN(C)CCCO,PYSGFFTXMUWEOT-UHFFFAOYSA-N,3-二甲氨基-1-丙醇,C5H13NO,CN(C)CCCO,Binary only,43,43,0,1,canonical_smiles,True,0,0,1,1
smiles:CN1CCCC1=O,CN1CCCC1=O,SECXISVLQFMRJM-UHFFFAOYSA-N,N-甲基吡咯烷酮,C5H9NO,CN1CCCC1=O,Shared,158,122,36,10,canonical_smiles,True,0,0,1,1
smiles:CN1CCC[C@H]1c1cccnc1,CN1CCC[C@H]1c1cccnc1,SNICXCGAKADSCV-JTQLQIEISA-N,(-)-3-(N-甲基吡咯烷基)吡啶,C10H14N2,CN1CCC[C@H]1C2=CN=CC=C2,Shared,14,5,9,2,canonical_smiles,True,0,0,1,1
smiles:CNC(C)=O,CNC(C)=O,OHLUUHNLEMFGTQ-UHFFFAOYSA-N,N-甲基乙酰胺,C3H7NO,CC(=O)NC,Shared,44,29,15,2,canonical_smiles,True,0,0,1,1
smiles:CNC=O,CNC=O,ATHHXGZTWNVVOU-UHFFFAOYSA-N,N-甲基甲酰胺,C2H5NO,CNC=O,Binary only,36,36,0,2,canonical_smiles,True,0,0,1,1
smiles:CO,CO,OKKJLVBELUTLKV-UHFFFAOYSA-N,甲醇,CH4O,CO,Shared,2159,1054,1105,53,canonical_smiles;name_formula_linked_to_smiles,True,1105,0,1,1
smiles:COC,COC,LCGLNKUTAGEVQW-UHFFFAOYSA-N,dimethyl ether,C2H6O,COC,Binary only,352,352,0,6,canonical_smiles,True,0,0,1,1
smiles:COC(=O)CCC(=O)OC,COC(=O)CCC(=O)OC,MUXOBHXGJLMRAB-UHFFFAOYSA-N,丁二酸二甲酯,C6H10O4,COC(=O)CCC(=O)OC,Binary only,90,90,0,2,canonical_smiles,True,0,0,1,1
smiles:COC(=O)CCCC(=O)OC,COC(=O)CCCC(=O)OC,XTDYIOOONNVFMA-UHFFFAOYSA-N,戊二酸二甲酯,C7H12O4,COC(=O)CCCC(=O)OC,Binary only,105,105,0,2,canonical_smiles,True,0,0,1,1
smiles:COC(=O)CCCCC(=O)OC,COC(=O)CCCCC(=O)OC,UDSFAEKRVUSQDD-UHFFFAOYSA-N,己二酸二甲酯,C8H14O4,COC(=O)CCCCC(=O)OC,Binary only,105,105,0,2,canonical_smiles,True,0,0,1,1
smiles:COC(=O)OC,COC(=O)OC,IEJIGPNLZYLLBP-UHFFFAOYSA-N,碳酸二甲酯,C3H6O3,COC(=O)OC,Shared,660,298,362,16,canonical_smiles,True,0,0,1,1
smiles:COC(=O)Oc1ccccc1,COC(=O)Oc1ccccc1,XTBFPVLHGVYOQH-UHFFFAOYSA-N,碳酸甲酯苯酯,C8H8O3,COC(=O)OC1=CC=CC=C1,Binary only,44,44,0,2,canonical_smiles,True,0,0,1,1
smiles:COC(C)(C)C,COC(C)(C)C,BZLVMXJERCGZMT-UHFFFAOYSA-N,2-甲氧基-2-甲基丙烷,C5H12O,CC(C)(C)OC,Shared,163,111,52,5,canonical_smiles,True,0,0,1,1
smiles:COC(C)=O,COC(C)=O,KXKVLQRXCPHEJC-UHFFFAOYSA-N,乙酸甲酯,C3H6O2,CC(=O)OC,Shared,184,102,82,9,canonical_smiles,True,0,0,1,1
smiles:COC=O,COC=O,TZIHFWKZFHZASV-UHFFFAOYSA-N,甲酸甲酯,C2H4O2,COC=O,Binary only,154,154,0,6,canonical_smiles,True,0,0,1,1
smiles:COCC(C)O,COCC(C)O,ARXJGSRGQADJSQ-UHFFFAOYSA-N,1-甲氧基-2-丙醇,C4H10O2,CC(COC)O,Binary only,121,121,0,3,canonical_smiles,True,0,0,1,1
smiles:COCC(C)OC(C)=O,COCC(C)OC(C)=O,LLHKCFNBLRBOGN-UHFFFAOYSA-N,1-甲氧基-2-丙醇乙酸酯,C6H12O3,CC(COC)OC(=O)C,Binary only,56,56,0,1,canonical_smiles,True,0,0,1,1
smiles:COCCO,COCCO,XNWFRZJHXBZDAG-UHFFFAOYSA-N,2-甲氧基乙醇,C3H8O2,COCCO,Shared,233,215,18,10,canonical_smiles,True,0,0,1,1
smiles:COCCOC,COCCOC,XTHFKEDIFFGKHM-UHFFFAOYSA-N,"1,2-二甲氧基乙烷",C4H10O2,COCCOC,Binary only,32,32,0,1,canonical_smiles,True,0,0,1,1
smiles:COCOC,COCOC,NKDDWNXOKDWJAK-UHFFFAOYSA-N,二甲氧基甲烷,C3H8O2,COCOC,Shared,65,41,24,4,canonical_smiles,True,0,0,1,1
smiles:COCOCC(C)C,COCOCC(C)C,FFXUOVPOFHKUKL-UHFFFAOYSA-N,1-(甲氧基甲氧基)-2-甲基丙烷,C6H14O2,CC(C)COCOC,Binary only,47,47,0,2,canonical_smiles,True,0,0,1,1
smiles:COCOCOC,COCOCOC,NSPJNIDYTSSIIY-UHFFFAOYSA-N,"2,4,6-三氧杂庚烷",C4H10O3,COCOCOC,Binary only,27,27,0,1,canonical_smiles,True,0,0,1,1
smiles:COCOCOCOC,COCOCOCOC,NYENPQBYHWPGNG-UHFFFAOYSA-N,"2,4,6,8-四氧杂壬烷",C5H12O4,COCOCOCOC,Binary only,20,20,0,1,canonical_smiles,True,0,0,1,1
smiles:CON=C(C)C,CON=C(C)C,QMOLZSLXSAVSPU-UHFFFAOYSA-N,丙酮 O-甲基肟,C4H9NO,CC(=NOC)C,Binary only,29,29,0,1,canonical_smiles,True,0,0,1,1
smiles:COc1ccccc1,COc1ccccc1,RDOXTESZEPMUJZ-UHFFFAOYSA-N,苯甲醚,C7H8O,COC1=CC=CC=C1,Binary only,60,60,0,4,canonical_smiles,True,0,0,1,1
smiles:COc1ccccc1O,COc1ccccc1O,LHGVFZTZFXWLCP-UHFFFAOYSA-N,愈创木酚,C7H8O2,COC1=CC=CC=C1O,Binary only,30,30,0,2,canonical_smiles,True,0,0,1,1
smiles:CS(C)=O,CS(C)=O,IAZDPXIOMUYVGZ-UHFFFAOYSA-N,二甲基亚砜,C2H6OS,CS(=O)C,Shared,335,235,100,17,canonical_smiles,True,0,0,1,1
smiles:CSC,CSC,QMMFVYPAHWMCMS-UHFFFAOYSA-N,2-硫杂丙烷,C2H6S,CSC,Binary only,93,93,0,4,canonical_smiles,True,0,0,1,1
smiles:CSSC,CSSC,WQOXQRCZOLPYPM-UHFFFAOYSA-N,"2,3-二硫杂丁烷",C2H6S2,CSSC,Binary only,36,36,0,3,canonical_smiles,True,0,0,1,1
smiles:C[N+](=O)[O-],C[N+](=O)[O-],LYGJENNIWJXYER-UHFFFAOYSA-N,硝基甲烷,CH3NO2,C[N+](=O)[O-],Binary only,87,87,0,2,canonical_smiles,True,0,0,1,1
smiles:Cc1cc(C)cc(C)c1,Cc1cc(C)cc(C)c1,AUHZEENZYGFFBQ-UHFFFAOYSA-N,"1,3,5-三甲苯",C9H12,CC1=CC(=CC(=C1)C)C,Binary only,21,21,0,1,canonical_smiles,True,0,0,1,1
smiles:Cc1ccc(C(C)C)cc1,Cc1ccc(C(C)C)cc1,HFPZCAJZSCWRBC-UHFFFAOYSA-N,对异丙基甲苯,C10H14,CC1=CC=C(C=C1)C(C)C,Shared,160,80,80,6,canonical_smiles,True,0,0,1,1
smiles:Cc1ccc(C)c(C)c1,Cc1ccc(C)c(C)c1,GWHJZXXIDMPWGX-UHFFFAOYSA-N,"1,2,4-三甲苯",C9H12,CC1=CC(=C(C=C1)C)C,Binary only,111,111,0,6,canonical_smiles,True,0,0,1,1
smiles:Cc1ccc(C)cc1,Cc1ccc(C)cc1,URLKBWYHVLBVBO-UHFFFAOYSA-N,对二甲苯,C8H10,CC1=CC=C(C=C1)C,Shared,207,132,75,10,canonical_smiles,True,0,0,1,1
smiles:Cc1ccc(C)o1,Cc1ccc(C)o1,GSNUFIFRDBKVIE-UHFFFAOYSA-N,"2,5-二甲基呋喃",C6H8O,CC1=CC=C(O1)C,Binary only,58,58,0,1,canonical_smiles,True,0,0,1,1
smiles:Cc1ccc(C)s1,Cc1ccc(C)s1,GWQOOADXMVQEFT-UHFFFAOYSA-N,"2,5-二甲基噻吩",C6H8S,CC1=CC=C(S1)C,Binary only,17,17,0,1,canonical_smiles,True,0,0,1,1
smiles:Cc1ccc(O)cc1,Cc1ccc(O)cc1,IWDCLRJOBJJRNH-UHFFFAOYSA-N,对甲酚,C7H8O,CC1=CC=C(C=C1)O,Binary only,15,15,0,1,canonical_smiles,True,0,0,1,1
smiles:Cc1cccc(C)c1,Cc1cccc(C)c1,IVSZLXZYQVIEFR-UHFFFAOYSA-N,间二甲苯,C8H10,CC1=CC(=CC=C1)C,Binary only,58,58,0,4,canonical_smiles,True,0,0,1,1
smiles:Cc1cccc(C)c1O,Cc1cccc(C)c1O,NXXYKOUNUYWIHA-UHFFFAOYSA-N,"2,6-二甲酚",C8H10O,CC1=C(C(=CC=C1)C)O,Binary only,22,22,0,2,canonical_smiles,True,0,0,1,1
smiles:Cc1cccc(C)n1,Cc1cccc(C)n1,OISVCGZHLKNMSJ-UHFFFAOYSA-N,"2,6-二甲基吡啶",C7H9N,CC1=NC(=CC=C1)C,Binary only,48,48,0,1,canonical_smiles,True,0,0,1,1
smiles:Cc1cccc(O)c1,Cc1cccc(O)c1,RLSSMJSEOOYNOY-UHFFFAOYSA-N,间甲酚,C7H8O,CC1=CC(=CC=C1)O,Binary only,37,37,0,3,canonical_smiles,True,0,0,1,1
smiles:Cc1ccccc1,Cc1ccccc1,YXFVVABEGXRONW-UHFFFAOYSA-N,甲苯,C7H8,CC1=CC=CC=C1,Shared,609,510,99,22,canonical_smiles,True,0,0,1,1
smiles:Cc1ccccc1C,Cc1ccccc1C,CTQNGGLPUBDAKN-UHFFFAOYSA-N,邻二甲苯,C8H10,CC1=CC=CC=C1C,Binary only,130,130,0,8,canonical_smiles,True,0,0,1,1
smiles:Cc1ccccc1O,Cc1ccccc1O,QWVGKYWNOKOFNN-UHFFFAOYSA-N,邻甲酚,C7H8O,CC1=CC=CC=C1O,Binary only,22,22,0,2,canonical_smiles,True,0,0,1,1
smiles:Cc1ccco1,Cc1ccco1,VQKFNUFAXTZWDK-UHFFFAOYSA-N,2-甲基呋喃,C5H6O,CC1=CC=CO1,Binary only,30,30,0,1,canonical_smiles,True,0,0,1,1
smiles:Cc1ccsc1,Cc1ccsc1,QENGPZGAWFQWCZ-UHFFFAOYSA-N,3-甲基噻吩,C5H6S,CC1=CSC=C1,Binary only,139,139,0,8,canonical_smiles,True,0,0,1,1
smiles:Cc1cncc(C)c1,Cc1cncc(C)c1,HWWYDZCSSYKIAD-UHFFFAOYSA-N,"3,5-二甲基吡啶",C7H9N,CC1=CC(=CN=C1)C,Binary only,56,56,0,1,canonical_smiles,True,0,0,1,1
smiles:Cc1cnccn1,Cc1cnccn1,CAWHJQAVHZEVTJ-UHFFFAOYSA-N,2-甲基吡嗪,C5H6N2,CC1=NC=CN=C1,Binary only,199,199,0,3,canonical_smiles,True,0,0,1,1
smiles:ClC(Cl)(Cl)Br,ClC(Cl)(Cl)Br,XNNQFQFUQLJSQT-UHFFFAOYSA-N,三氯溴甲烷,CBrCl3,C(Cl)(Cl)(Cl)Br,Binary only,51,51,0,3,canonical_smiles,True,0,0,1,1
smiles:ClC(Cl)C(Cl)Cl,ClC(Cl)C(Cl)Cl,QPFMBZIOSGYJDE-UHFFFAOYSA-N,"1,1,2,2-四氯乙烷",C2H2Cl4,C(C(Cl)Cl)(Cl)Cl,Binary only,102,102,0,3,canonical_smiles,True,0,0,1,1
smiles:ClC(Cl)Cl,ClC(Cl)Cl,HEDRZPFGACZZDS-UHFFFAOYSA-N,氯仿,CHCl3,C(Cl)(Cl)Cl,Shared,131,101,30,8,canonical_smiles,True,0,0,1,1
smiles:ClCBr,ClCBr,JPOXNPPZZKNXOV-UHFFFAOYSA-N,溴氯甲烷,CH2BrCl,C(Cl)Br,Binary only,52,52,0,3,canonical_smiles,True,0,0,1,1
smiles:ClCC1CO1,ClCC1CO1,BRLQWZUYTZBJKN-UHFFFAOYSA-N,"3-氯-1,2-环氧丙烷",C3H5ClO,C1C(O1)CCl,Binary only,79,79,0,2,canonical_smiles,True,0,0,1,1
smiles:ClCCBr,ClCCBr,IBYHHJPAARCAIE-UHFFFAOYSA-N,1-溴-2-氯乙烷,C2H4BrCl,C(CBr)Cl,Binary only,18,18,0,1,canonical_smiles,True,0,0,1,1
smiles:ClCCCCCl,ClCCCCCl,KJDRSWPQXHESDQ-UHFFFAOYSA-N,"1,4-二氯丁烷",C4H8Cl2,C(CCCl)CCl,Binary only,90,90,0,2,canonical_smiles,True,0,0,1,1
smiles:ClCCCl,ClCCCl,WSLDOOZREJYCGB-UHFFFAOYSA-N,"1,2-二氯乙烷",C2H4Cl2,C(CCl)Cl,Binary only,114,114,0,6,canonical_smiles,True,0,0,1,1
smiles:Cl[SiH2]Cl,Cl[SiH2]Cl,MROCJMGDEKINLD-UHFFFAOYSA-N,二氯氢硅,Cl2H2Si,[SiH2](Cl)Cl,Binary only,58,58,0,2,canonical_smiles,True,0,0,1,1
smiles:Cl[SiH](Cl)Cl,Cl[SiH](Cl)Cl,ZDHXKXAHOVTTAH-UHFFFAOYSA-N,三氯氢硅,Cl3HSi,[SiH](Cl)(Cl)Cl,Binary only,79,79,0,2,canonical_smiles,True,0,0,1,1
smiles:Cl[Si](Cl)(Cl)Cl,Cl[Si](Cl)(Cl)Cl,FDNAPBUWERUEDA-UHFFFAOYSA-N,四氯化硅,Cl4Si,[Si](Cl)(Cl)(Cl)Cl,Binary only,57,57,0,2,canonical_smiles,True,0,0,1,1
smiles:Clc1ccccc1,Clc1ccccc1,MVPPADPHJFYWMZ-UHFFFAOYSA-N,氯苯,C6H5Cl,C1=CC=C(C=C1)Cl,Binary only,28,28,0,2,canonical_smiles,True,0,0,1,1
smiles:F/C=C/C(F)(F)F,F/C=C/C(F)(F)F,CDOOAUSHHFGWSA-OWOJBTEDSA-N,"反式-1,3,3,3-四氟丙烯",C3H2F4,C(=C/F)\C(F)(F)F,Binary only,306,306,0,5,canonical_smiles,True,0,0,1,1
smiles:FC(C(F)(F)F)C(F)(F)F,FC(C(F)(F)F)C(F)(F)F,YFMFNYKEUDLDTL-UHFFFAOYSA-N,"1,1,1,2,3,3,3-七氟丙烷",C3HF7,C(C(F)(F)F)(C(F)(F)F)F,Binary only,203,203,0,4,canonical_smiles,True,0,0,1,1
smiles:FC(Cl)C(F)(F)F,FC(Cl)C(F)(F)F,BOUGCJDAQLKBQH-UHFFFAOYSA-N,"2-氯-1,1,1,2-四氟乙烷",C2HClF4,C(C(F)(F)F)(F)Cl,Binary only,22,22,0,1,canonical_smiles,True,0,0,1,1
smiles:FC(F)(F)C(Cl)Cl,FC(F)(F)C(Cl)Cl,OHMHBGPWCHTMQE-UHFFFAOYSA-N,"1,1-二氯-2,2,2-三氟乙烷",C2HCl2F3,C(C(F)(F)F)(Cl)Cl,Binary only,18,18,0,1,canonical_smiles,True,0,0,1,1
smiles:FC(F)(F)C(F)(F)C(F)(F)C(F)(F)C(F)(F)C(F)(F)C(F)(F)C(F)(F)C(F)(F)F,FC(F)(F)C(F)(F)C(F)(F)C(F)(F)C(F)(F)C(F)(F)C(F)(F)C(F)(F)C(F)(F)F,UVWPNDVAQBNQBG-UHFFFAOYSA-N,全氟壬烷,C9F20,C(C(C(C(C(F)(F)F)(F)F)(F)F)(F)F)(C(C(C(C(F)(F)F)(F)F)(F)F)(F)F)(F)F,Binary only,57,57,0,1,canonical_smiles,True,0,0,1,1
smiles:FC(F)(F)C(F)(F)C(F)(F)C(F)(F)C(F)(F)C(F)(F)C(F)(F)C(F)(F)F,FC(F)(F)C(F)(F)C(F)(F)C(F)(F)C(F)(F)C(F)(F)C(F)(F)C(F)(F)F,YVBBRRALBYAZBM-UHFFFAOYSA-N,全氟辛烷,C8F18,C(C(C(C(C(F)(F)F)(F)F)(F)F)(F)F)(C(C(C(F)(F)F)(F)F)(F)F)(F)F,Binary only,136,136,0,3,canonical_smiles,True,0,0,1,1
smiles:FC(F)(F)C(F)(F)C(F)(F)C(F)(F)C(F)(F)C(F)(F)C(F)(F)F,FC(F)(F)C(F)(F)C(F)(F)C(F)(F)C(F)(F)C(F)(F)C(F)(F)F,LGUZHRODIJCVOC-UHFFFAOYSA-N,全氟庚烷,C7F16,C(C(C(C(F)(F)F)(F)F)(F)F)(C(C(C(F)(F)F)(F)F)(F)F)(F)F,Binary only,32,32,0,1,canonical_smiles,True,0,0,1,1
smiles:FC(F)(F)C(F)(F)C(F)(F)C(F)(F)C(F)(F)C(F)(F)F,FC(F)(F)C(F)(F)C(F)(F)C(F)(F)C(F)(F)C(F)(F)F,ZJIJAJXFLBMLCK-UHFFFAOYSA-N,全氟己烷,C6F14,C(C(C(C(F)(F)F)(F)F)(F)F)(C(C(F)(F)F)(F)F)(F)F,Binary only,108,108,0,2,canonical_smiles,True,0,0,1,1
smiles:FC(F)(F)C(F)(F)C(F)(F)C(F)(F)F,FC(F)(F)C(F)(F)C(F)(F)C(F)(F)F,KAVGMUDTWQVPDF-UHFFFAOYSA-N,全氟丁烷,C4F10,C(C(C(F)(F)F)(F)F)(C(F)(F)F)(F)F,Binary only,298,298,0,5,canonical_smiles,True,0,0,1,1
smiles:FC(F)(F)C(F)(F)C(F)(F)F,FC(F)(F)C(F)(F)C(F)(F)F,QYSGYZVSCZSLHT-UHFFFAOYSA-N,八氟丙烷,C3F8,C(C(F)(F)F)(C(F)(F)F)(F)F,Binary only,20,20,0,1,canonical_smiles,True,0,0,1,1
smiles:FC(F)(F)C(F)(F)F,FC(F)(F)C(F)(F)F,WMIYKQLTONQJES-UHFFFAOYSA-N,六氟乙烷,C2F6,C(C(F)(F)F)(F)(F)F,Binary only,304,304,0,7,canonical_smiles,True,0,0,1,1
smiles:FC(F)(F)C1(F)OC1(F)F,FC(F)(F)C1(F)OC1(F)F,PGFXOWRDDHCDTE-UHFFFAOYSA-N,"2,2,3-三氟-3-(三氟甲基)环氧乙烷",C3F6O,C1(C(O1)(F)F)(C(F)(F)F)F,Binary only,197,197,0,4,canonical_smiles,True,0,0,1,1
smiles:FC(F)(F)F,FC(F)(F)F,TXEYQDLBPFQVAA-UHFFFAOYSA-N,四氟甲烷,CF4,C(F)(F)(F)F,Binary only,85,85,0,3,canonical_smiles,True,0,0,1,1
smiles:FC(F)(F)I,FC(F)(F)I,VPAYJEUHKVESSD-UHFFFAOYSA-N,三氟碘甲烷,CF3I,C(F)(F)(F)I,Binary only,223,223,0,6,canonical_smiles,True,0,0,1,1
smiles:FC(F)(F)c1ccccc1,FC(F)(F)c1ccccc1,GETTZEONDQJALK-UHFFFAOYSA-N,三氟甲苯,C7H5F3,C1=CC=C(C=C1)C(F)(F)F,Binary only,41,41,0,3,canonical_smiles,True,0,0,1,1
smiles:FC(F)=C(F)C(F)(F)F,FC(F)=C(F)C(F)(F)F,HCDGVLDPFQMKDK-UHFFFAOYSA-N,六氟丙烯,C3F6,C(=C(F)F)(C(F)(F)F)F,Binary only,267,267,0,6,canonical_smiles,True,0,0,1,1
smiles:FC(F)C(F)(F)F,FC(F)C(F)(F)F,GTLACDSXYULKMZ-UHFFFAOYSA-N,五氟乙烷,C2HF5,C(C(F)(F)F)(F)F,Shared,334,290,44,8,canonical_smiles,True,0,0,1,1
smiles:FC(F)C(F)F,FC(F)C(F)F,WXGNWUVNYMJENI-UHFFFAOYSA-N,"1,1,2,2-四氟乙烷",C2H2F4,C(C(F)F)(F)F,Binary only,263,263,0,6,canonical_smiles,True,0,0,1,1
smiles:FC(F)CC(F)(F)F,FC(F)CC(F)(F)F,MSSNHSVIGIHOJA-UHFFFAOYSA-N,"1,1,1,3,3-五氟丙烷",C3H3F5,C(C(F)F)C(F)(F)F,Binary only,106,106,0,2,canonical_smiles,True,0,0,1,1
smiles:FC(F)Cl,FC(F)Cl,VOPWNXZWBYDODV-UHFFFAOYSA-N,氯二氟甲烷,CHClF2,C(F)(F)Cl,Binary only,98,98,0,2,canonical_smiles,True,0,0,1,1
smiles:FC(F)F,FC(F)F,XPDWGBQVDMORPB-UHFFFAOYSA-N,三氟甲烷,CHF3,C(F)(F)F,Binary only,529,529,0,9,canonical_smiles,True,0,0,1,1
smiles:FCC(F)(F)F,FCC(F)(F)F,LVGUZGTVOIAKKC-UHFFFAOYSA-N,"1,1,1,2-四氟乙烷",C2H2F4,C(C(F)(F)F)F,Shared,634,590,44,10,canonical_smiles,True,0,0,1,1
smiles:FCF,FCF,RWRIWBAIICGTTQ-UHFFFAOYSA-N,二氟甲烷,CH2F2,C(F)F,Shared,713,649,64,9,canonical_smiles,True,0,0,1,1
smiles:Fc1ccccc1,Fc1ccccc1,PYLWMHQQBFSUBP-UHFFFAOYSA-N,氟苯,C6H5F,C1=CC=C(C=C1)F,Binary only,12,12,0,1,canonical_smiles,True,0,0,1,1
smiles:N,N,QGZKDVFQNNGYKY-UHFFFAOYSA-N,氨,H3N,N,Binary only,176,176,0,3,canonical_smiles,True,0,0,1,1
smiles:N#N,N#N,IJGRMHOSHXDMSA-UHFFFAOYSA-N,氮气,N2,N#N,Binary only,425,425,0,9,canonical_smiles,True,0,0,1,1
smiles:NC1CCCCC1,NC1CCCCC1,PAFZNILMFXTMIY-UHFFFAOYSA-N,环己胺,C6H13N,C1CCC(CC1)N,Shared,133,69,64,6,canonical_smiles,True,0,0,1,1
smiles:Nc1ccccc1,Nc1ccccc1,PAYRUJLWNCNPSJ-UHFFFAOYSA-N,苯胺,C6H7N,C1=CC=C(C=C1)N,Shared,113,56,57,6,canonical_smiles,True,0,0,1,1
smiles:O,O,XLYOFNOQVPJJNP-UHFFFAOYSA-N,水,H2O,O,Shared,2715,1133,1582,67,canonical_smiles;name_formula_linked_to_smiles,True,1582,0,1,1
smiles:O=C(C(F)(F)C(F)(F)F)C(F)(C(F)(F)F)C(F)(F)F,O=C(C(F)(F)C(F)(F)F)C(F)(C(F)(F)F)C(F)(F)F,RMLFHPWPTXWZNJ-UHFFFAOYSA-N,十二氟-2-甲基戊烷-3-酮,C6F12O,C(=O)(C(C(F)(F)F)(C(F)(F)F)F)C(C(F)(F)F)(F)F,Binary only,26,26,0,1,canonical_smiles,True,0,0,1,1
smiles:O=C(O)C(Cl)Cl,O=C(O)C(Cl)Cl,JXTHNDFMNIQAHM-UHFFFAOYSA-N,二氯乙酸,C2H2Cl2O2,C(C(=O)O)(Cl)Cl,Shared,114,60,54,3,canonical_smiles,True,0,0,1,1
smiles:O=C(O)C(F)(F)F,O=C(O)C(F)(F)F,DTQVDTLACAAQTR-UHFFFAOYSA-N,三氟乙酸,C2HF3O2,C(=O)(C(F)(F)F)O,Binary only,31,31,0,1,canonical_smiles,True,0,0,1,1
smiles:O=C(O)CCl,O=C(O)CCl,FOCAUTSVDIKZOP-UHFFFAOYSA-N,氯乙酸,C2H3ClO2,C(C(=O)O)Cl,Shared,120,66,54,3,canonical_smiles,True,0,0,1,1
smiles:O=C1CCCC1,O=C1CCCC1,BGTOWKSIORTVQH-UHFFFAOYSA-N,环戊酮,C5H8O,C1CCC(=O)C1,Binary only,54,54,0,1,canonical_smiles,True,0,0,1,1
smiles:O=C1CCCCC1,O=C1CCCCC1,JHIVVAPYMSGYDF-UHFFFAOYSA-N,环己酮,C6H10O,C1CCC(=O)CC1,Binary only,112,112,0,3,canonical_smiles,True,0,0,1,1
smiles:O=C1OC(=O)c2cc(Cl)ccc21,O=C1OC(=O)c2cc(Cl)ccc21,BTTRMCQEPDPCPA-UHFFFAOYSA-N,4-氯邻苯二甲酸酐,C8H3ClO3,C1=CC2=C(C=C1Cl)C(=O)OC2=O,Binary only,44,44,0,1,canonical_smiles,True,0,0,1,1
smiles:O=C1OC(=O)c2cc(F)ccc21,O=C1OC(=O)c2cc(F)ccc21,XVMKZAAFVWXIII-UHFFFAOYSA-N,"5-氟-1,3-异苯并呋喃二酮",C8H3FO3,C1=CC2=C(C=C1F)C(=O)OC2=O,Binary only,44,44,0,1,canonical_smiles,True,0,0,1,1
smiles:O=C=O,O=C=O,CURLTUGMZLYLDI-UHFFFAOYSA-N,二氧化碳,CO2,C(=O)=O,Shared,2628,2495,133,64,canonical_smiles,True,0,0,1,1
smiles:O=CN1CCOCC1,O=CN1CCOCC1,LCEDQNDDFOCWGG-UHFFFAOYSA-N,N-甲酰吗啉,C5H9NO2,C1COCCN1C=O,Binary only,65,65,0,4,canonical_smiles,True,0,0,1,1
smiles:O=Cc1ccccc1,O=Cc1ccccc1,HUMNYLRZRPPJDN-UHFFFAOYSA-N,苯甲醛,C7H6O,C1=CC=C(C=C1)C=O,Binary only,42,42,0,1,canonical_smiles,True,0,0,1,1
smiles:O=Cc1ccco1,O=Cc1ccco1,HYBBIBNJHNGZAN-UHFFFAOYSA-N,糠醛,C5H4O2,C1=COC(=C1)C=O,Binary only,110,110,0,6,canonical_smiles,True,0,0,1,1
smiles:O=O,O=O,MYMOFIZGZYHOMD-UHFFFAOYSA-N,氧气,O2,O=O,Shared,155,106,49,5,canonical_smiles,True,0,0,1,1
smiles:O=S1(=O)CCCC1,O=S1(=O)CCCC1,HXJUTPCZVOIRIF-UHFFFAOYSA-N,环丁砜,C4H8O2S,C1CCS(=O)(=O)C1,Binary only,33,33,0,3,canonical_smiles,True,0,0,1,1
smiles:O=S=O,O=S=O,RAHZWNYVWXNFOC-UHFFFAOYSA-N,二氧化硫,O2S,O=S=O,Shared,132,101,31,4,canonical_smiles,True,0,0,1,1
smiles:O=[N+]([O-])c1ccc(Cl)c(Cl)c1,O=[N+]([O-])c1ccc(Cl)c(Cl)c1,NTBYINQTYWZXLH-UHFFFAOYSA-N,"3,4-二氯-1-硝基苯",C6H3Cl2NO2,C1=CC(=C(C=C1[N+](=O)[O-])Cl)Cl,Binary only,45,45,0,1,canonical_smiles,True,0,0,1,1
smiles:O=[N+]([O-])c1cccc(Cl)c1Cl,O=[N+]([O-])c1cccc(Cl)c1Cl,CMVQZRLQEOAYSW-UHFFFAOYSA-N,"1,2-二氯-3-硝基苯",C6H3Cl2NO2,C1=CC(=C(C(=C1)Cl)Cl)[N+](=O)[O-],Binary only,45,45,0,1,canonical_smiles,True,0,0,1,1
smiles:O=[N+]([O-])c1ccccc1,O=[N+]([O-])c1ccccc1,LQNUZADURLCDLV-UHFFFAOYSA-N,硝基苯,C6H5NO2,C1=CC=C(C=C1)[N+](=O)[O-],Binary only,16,16,0,1,canonical_smiles,True,0,0,1,1
smiles:OC1CCCCC1,OC1CCCCC1,HPXRVTGHNJAIIH-UHFFFAOYSA-N,环己醇,C6H12O,C1CCC(CC1)O,Binary only,40,40,0,1,canonical_smiles,True,0,0,1,1
smiles:OCC(F)(F)C(F)(F)C(F)(F)C(F)F,OCC(F)(F)C(F)(F)C(F)(F)C(F)F,JUGSKHLZINSXPQ-UHFFFAOYSA-N,"2,2,3,3,4,4,5,5-八氟-1-戊醇",C5H4F8O,C(C(C(C(C(F)F)(F)F)(F)F)(F)F)O,Binary only,36,36,0,2,canonical_smiles,True,0,0,1,1
smiles:OCC(F)(F)C(F)F,OCC(F)(F)C(F)F,NBUKAOOFKZFCGD-UHFFFAOYSA-N,"2,2,3,3-四氟-1-丙醇",C3H4F4O,C(C(C(F)F)(F)F)O,Binary only,120,120,0,7,canonical_smiles,True,0,0,1,1
smiles:OCCCO,OCCCO,YPFDHNVEDLHUCE-UHFFFAOYSA-N,"1,3-丙二醇",C3H8O2,C(CO)CO,Shared,94,55,39,4,canonical_smiles,True,0,0,1,1
smiles:OCCN1CCCC1,OCCN1CCCC1,XBRDBODLCHKXHI-UHFFFAOYSA-N,1-(2-羟乙基)吡咯烷,C6H13NO,C1CCN(C1)CCO,Binary only,36,36,0,1,canonical_smiles,True,0,0,1,1
smiles:OCCNCCO,OCCNCCO,ZBCBWPMODOFKDW-UHFFFAOYSA-N,二乙醇胺,C4H11NO2,C(CO)NCCO,Binary only,30,30,0,2,canonical_smiles,True,0,0,1,1
smiles:OCCO,OCCO,LYCAIKOWRPUZTN-UHFFFAOYSA-N,乙二醇,C2H6O2,C(CO)O,Shared,137,60,77,6,canonical_smiles,True,0,0,1,1
smiles:OCCOCCOCCO,OCCOCCOCCO,ZIBGPFATKBEMQZ-UHFFFAOYSA-N,三甘醇,C6H14O4,C(COCCOCCO)O,Binary only,60,60,0,1,canonical_smiles,True,0,0,1,1
smiles:OCc1ccco1,OCc1ccco1,XPFVYQJUAUNWIW-UHFFFAOYSA-N,糠醇,C5H6O2,C1=COC(=C1)CO,Binary only,60,60,0,2,canonical_smiles,True,0,0,1,1
smiles:S,S,RWSOTUBLDIXVET-UHFFFAOYSA-N,硫化氢,H2S,S,Shared,59,35,24,2,canonical_smiles;name_formula_linked_to_smiles,True,24,0,1,1
smiles:[Ar],[Ar],XKRFYHLGVUSROY-UHFFFAOYSA-N,氩气,Ar,[Ar],Shared,172,154,18,3,canonical_smiles,True,0,0,1,1
smiles:[Bi],[Bi],JCXGWMGPZLAOME-UHFFFAOYSA-N,铋,Bi,[Bi],Shared,20,9,11,2,canonical_smiles,True,0,0,1,1
smiles:[C-]#[O+],[C-]#[O+],UGFAIRIUMAVXCW-UHFFFAOYSA-N,一氧化碳,CO,[C-]#[O+],Binary only,229,229,0,3,canonical_smiles,True,0,0,1,1
smiles:[Cu],[Cu],RYGMFSIKBFXOCR-UHFFFAOYSA-N,铜,Cu,[Cu],Shared,20,9,11,2,canonical_smiles,True,0,0,1,1
smiles:[N]=O,[N]=O,MWUXSHHQAYIFBG-UHFFFAOYSA-N,一氧化氮,NO,[N]=O,Binary only,32,32,0,1,canonical_smiles,True,0,0,1,1
smiles:[Sb],[Sb],WATWJIUSRGPENY-UHFFFAOYSA-N,锑,Sb,[Sb],Shared,16,5,11,2,canonical_smiles,True,0,0,1,1
smiles:[Sn],[Sn],ATJFFYVFTNAWJD-UHFFFAOYSA-N,锡,Sn,[Sn],Binary only,5,5,0,1,canonical_smiles,True,0,0,1,1
smiles:[Xe],[Xe],FHNFHKCVQCLJFQ-UHFFFAOYSA-N,氙气,Xe,[Xe],Binary only,10,10,0,1,canonical_smiles,True,0,0,1,1
smiles:c1ccc2c(c1)CCCC2,c1ccc2c(c1)CCCC2,CXWXQJXEFPUFDZ-UHFFFAOYSA-N,"1,2,3,4-四氢萘",C10H12,C1CCC2=CC=CC=C2C1,Binary only,14,14,0,1,canonical_smiles,True,0,0,1,1
smiles:c1ccc2sccc2c1,c1ccc2sccc2c1,FCEHBMOGCRZNNI-UHFFFAOYSA-N,苯并噻吩,C8H6S,C1=CC=C2C(=C1)C=CS2,Binary only,27,27,0,3,canonical_smiles,True,0,0,1,1
smiles:c1ccccc1,c1ccccc1,UHOVQNZJYSORNB-UHFFFAOYSA-N,苯,C6H6,C1=CC=CC=C1,Shared,348,158,190,12,canonical_smiles,True,0,0,1,1
smiles:c1ccoc1,c1ccoc1,YLQBMQCUIZJEEH-UHFFFAOYSA-N,呋喃,C4H4O,C1=COC=C1,Binary only,115,115,0,5,canonical_smiles,True,0,0,1,1
smiles:c1ccsc1,c1ccsc1,YTPLMLYBLZKORZ-UHFFFAOYSA-N,噻吩,C4H4S,C1=CSC=C1,Shared,305,249,56,10,canonical_smiles,True,0,0,1,1
