component_id,canonical_smiles,inchikey,representative_original_name,representative_formula,representative_raw_smiles,dataset_membership,record_occurrences,binary_record_occurrences,ternary_record_occurrences,unique_systems,identity_methods,has_parseable_smiles,raw_missing_smiles_occurrences,raw_smiles_parse_failures,name_variants,formula_variants,umap_1,umap_2,umap_status,molecular_weight_g_mol,logp,tpsa_a2,primary_functional_family,functional_families,fingerprint_radius,fingerprint_bits
fallback:09c8c05801be25b4,,,1-ethyl-3-methylimidazolium methylsulfate,C7H14N2O4S,,Ternary only,22,0,22,1,name_formula_fallback,False,22,0,1,1,,,unresolved_smiles,,,,unresolved,unresolved,2,2048
fallback:0a3ea5943f1d539f,,,glycerol,C3H8O3,,Ternary only,36,0,36,1,name_formula_fallback,False,36,0,1,1,,,unresolved_smiles,,,,unresolved,unresolved,2,2048
fallback:18b39535a92cfa87,,,D-xylose,C5H10O5,,Ternary only,22,0,22,1,name_formula_fallback,False,22,0,1,1,,,unresolved_smiles,,,,unresolved,unresolved,2,2048
fallback:234c6d4b0f0098c9,,,1-butyl-3-methylimidazolium diethyl phosphate,C12H25N2O4P,,Ternary only,42,0,42,1,name_formula_fallback,False,42,0,1,1,,,unresolved_smiles,,,,unresolved,unresolved,2,2048
fallback:2435468cddae75fa,,,石竹烯,C15H24,,Shared,103,78,25,5,name_formula_fallback,False,103,0,1,1,,,unresolved_smiles,,,,unresolved,unresolved,2,2048
fallback:2471c64d7f43614f,,,1-癸基-3-甲基咪唑双(三氟甲磺酰)亚胺,C16H27F6N3O4S2,,Binary only,14,14,0,1,name_formula_fallback,False,14,0,1,1,,,unresolved_smiles,,,,unresolved,unresolved,2,2048
fallback:2ae13e16f8903d30,,,2-aminoethanol hydrochloride,C2H8ClNO,,Ternary only,37,0,37,1,name_formula_fallback,False,37,0,1,1,,,unresolved_smiles,,,,unresolved,unresolved,2,2048
fallback:357f5f5bd0d80acf,,,氢气,H2,,Ternary only,16,0,16,1,name_formula_fallback,False,16,0,1,1,,,unresolved_smiles,,,,unresolved,unresolved,2,2048
fallback:4501d0d6bfddcc6a,,,乙酸异丙酯,C5H10O2,,Shared,275,94,181,8,name_formula_fallback,False,275,0,1,1,,,unresolved_smiles,,,,unresolved,unresolved,2,2048
fallback:4d0058e9bed0652d,,,乙酸苯酯,C8H8O2,,Binary only,15,15,0,2,name_formula_fallback,False,15,0,1,1,,,unresolved_smiles,,,,unresolved,unresolved,2,2048
fallback:4f66b328294879e4,,,1-辛基-3-甲基咪唑双三氟甲磺酰亚胺,C14H23F6N3O4S2,,Shared,39,6,33,3,name_formula_fallback,False,39,0,1,1,,,unresolved_smiles,,,,unresolved,unresolved,2,2048
fallback:55966609dcc48188,,,1-ethyl-3-methylimidazolium tetrafluoroborate,C6H11BF4N2,,Ternary only,60,0,60,2,name_formula_fallback,False,60,0,1,1,,,unresolved_smiles,,,,unresolved,unresolved,2,2048
fallback:5b8ad43214fe2db4,,,1-butyl-3-methylimidazolium bromide,C8H15BrN2,,Ternary only,88,0,88,2,name_formula_fallback,False,88,0,1,1,,,unresolved_smiles,,,,unresolved,unresolved,2,2048
fallback:5e3bddfb41e40d29,,,"1,1,1-三氟-2-丙烯",C3H3F3,,Binary only,44,44,0,1,name_formula_fallback,False,44,0,1,1,,,unresolved_smiles,,,,unresolved,unresolved,2,2048
fallback:60985056a62a6059,,,1-methyl-3-octylimidazolium acetate,C14H26N2O2,,Ternary only,114,0,114,2,name_formula_fallback,False,114,0,1,1,,,unresolved_smiles,,,,unresolved,unresolved,2,2048
fallback:62ea847887224036,,,"2,3-二甲基-1-辛基咪唑双三氟甲磺酰亚胺",C15H25F6N3O4S2,,Shared,39,6,33,3,name_formula_fallback,False,39,0,1,1,,,unresolved_smiles,,,,unresolved,unresolved,2,2048
fallback:6c50d69f00cb369a,,,1-butyl-3-methylimidazolium tetrafluoroborate,C8H15BF4N2,,Ternary only,72,0,72,2,name_formula_fallback,False,72,0,1,1,,,unresolved_smiles,,,,unresolved,unresolved,2,2048
fallback:7645054b0e40e378,,,1-decyl-3-methylimidazolium acetate,C16H30N2O2,,Ternary only,111,0,111,2,name_formula_fallback,False,111,0,1,1,,,unresolved_smiles,,,,unresolved,unresolved,2,2048
fallback:798af18edd056b45,,,1-hexyl-3-methylimidazolium bis[(trifluoromethyl)sulfonyl]imide,C12H19F6N3O4S2,,Ternary only,89,0,89,3,name_formula_fallback,False,89,0,1,1,,,unresolved_smiles,,,,unresolved,unresolved,2,2048
fallback:7c0d97d046e0044e,,,1-ethyl-3-methylimidazolium bromide,C6H11BrN2,,Ternary only,47,0,47,1,name_formula_fallback,False,47,0,1,1,,,unresolved_smiles,,,,unresolved,unresolved,2,2048
fallback:81afe1f2d822fd5d,,,甲酸异丁酯,C5H10O2,,Binary only,62,62,0,1,name_formula_fallback,False,62,0,1,1,,,unresolved_smiles,,,,unresolved,unresolved,2,2048
fallback:89339a0c54f732bb,,,3-hexyl-1-methylimidazolium acetate,C12H22N2O2,,Ternary only,111,0,111,2,name_formula_fallback,False,111,0,1,1,,,unresolved_smiles,,,,unresolved,unresolved,2,2048
fallback:95e7f54193c00c2e,,,1-ethyl-3-methylimidazolium hydrogen sulfate,C6H12N2O4S,,Ternary only,10,0,10,1,name_formula_fallback,False,10,0,1,1,,,unresolved_smiles,,,,unresolved,unresolved,2,2048
fallback:9b63a65c238214cc,,,1-ethyl-3-methylimidazolium acetate,C8H14N2O2,,Ternary only,90,0,90,2,name_formula_fallback,False,90,0,1,1,,,unresolved_smiles,,,,unresolved,unresolved,2,2048
fallback:9d9dd3751b800f25,,,1-ethyl-3-methylimidazolium diethyl phosphate,C10H21N2O4P,,Ternary only,87,0,87,2,name_formula_fallback,False,87,0,1,1,,,unresolved_smiles,,,,unresolved,unresolved,2,2048
fallback:9e7a748462a11dd6,,,(S)-1-methyl-4-(1-methylethenyl)cyclohexene,C10H16,,Ternary only,55,0,55,1,name_formula_fallback,False,55,0,1,1,,,unresolved_smiles,,,,unresolved,unresolved,2,2048
fallback:aa4d3d71d5f43049,,,1-(methoxymethoxy)-butane,C6H14O2,,Binary only,52,52,0,2,name_formula_fallback,False,52,0,1,1,,,unresolved_smiles,,,,unresolved,unresolved,2,2048
fallback:ab7dbdbf034d3efb,,,1-butyl-3-methylimidazolium chloride,C8H15ClN2,,Ternary only,67,0,67,2,name_formula_fallback,False,67,0,1,1,,,unresolved_smiles,,,,unresolved,unresolved,2,2048
fallback:b25e63c8696e8bf8,,,2-hydroxyethylammonium acetate,C4H11NO3,,Ternary only,44,0,44,1,name_formula_fallback,False,44,0,1,1,,,unresolved_smiles,,,,unresolved,unresolved,2,2048
fallback:b63ac75aa69de5ee,,,1-(2-(2-(戊氧基)乙氧基)乙氧基)戊烷,C14H30O3,,Shared,114,60,54,3,name_formula_fallback,False,114,0,1,1,,,unresolved_smiles,,,,unresolved,unresolved,2,2048
fallback:b94569dd5711d885,,,1-ethyl-3-methylimidazolium dicyanamide,C8H11N5,,Ternary only,171,0,171,2,name_formula_fallback,False,171,0,1,1,,,unresolved_smiles,,,,unresolved,unresolved,2,2048
fallback:c59c94f20e561d88,,,1-hexyl-3-methylimidazolium chloride,C10H19ClN2,,Ternary only,45,0,45,1,name_formula_fallback,False,45,0,1,1,,,unresolved_smiles,,,,unresolved,unresolved,2,2048
fallback:c602ac1290f3b380,,,1-methyl-3-octylimidazolium tetrafluoroborate,C12H23BF4N2,,Ternary only,30,0,30,1,name_formula_fallback,False,30,0,1,1,,,unresolved_smiles,,,,unresolved,unresolved,2,2048
fallback:d4cc18a1c3d5b401,,,1-butyl-3-methylimidazolium dibutyl phosphate,C16H33N2O4P,,Ternary only,119,0,119,3,name_formula_fallback,False,119,0,1,1,,,unresolved_smiles,,,,unresolved,unresolved,2,2048
fallback:d8cb57b6c8e8471d,,,(S)-2-羟基丙酸异丙酯,C6H12O3,,Binary only,34,34,0,1,name_formula_fallback,False,34,0,1,1,,,unresolved_smiles,,,,unresolved,unresolved,2,2048
fallback:d95b315545052123,,,"2-amino-2-(hydroxymethyl)-1,3-propanediol",C4H11NO3,,Ternary only,85,0,85,3,name_formula_fallback,False,85,0,1,1,,,unresolved_smiles,,,,unresolved,unresolved,2,2048
fallback:d9df4fd9b4b52f0e,,,(E)-3-苯基-2-丙烯醛,C9H8O,,Binary only,42,42,0,1,name_formula_fallback,False,42,0,1,1,,,unresolved_smiles,,,,unresolved,unresolved,2,2048
fallback:dac3f6dfac965522,,,sodium chloride,ClNa,,Ternary only,43,0,43,1,name_formula_fallback,False,43,0,1,1,,,unresolved_smiles,,,,unresolved,unresolved,2,2048
fallback:ddfbc2db9f602e7d,,,"顺式-1,3,3,3-四氟丙烯",C3H2F4,,Binary only,208,208,0,3,name_formula_fallback,False,208,0,1,1,,,unresolved_smiles,,,,unresolved,unresolved,2,2048
fallback:e1591e1a11bbc209,,,"(1S,2S,5R)-蒎烷",C10H18,,Shared,46,30,16,3,name_formula_fallback,False,46,0,1,1,,,unresolved_smiles,,,,unresolved,unresolved,2,2048
fallback:e3bc547e5efe17ce,,,D-fructose,C6H12O6,,Ternary only,64,0,64,1,name_formula_fallback,False,64,0,1,1,,,unresolved_smiles,,,,unresolved,unresolved,2,2048
fallback:edcf3a858853717f,,,D-glucose,C6H12O6,,Ternary only,25,0,25,1,name_formula_fallback,False,25,0,1,1,,,unresolved_smiles,,,,unresolved,unresolved,2,2048
fallback:efc4790aa0612d13,,,1-butyl-3-methylimidazolium bis(trifluoromethylsulfonyl)imide,C10H15F6N3O4S2,,Ternary only,143,0,143,4,name_formula_fallback,False,143,0,1,1,,,unresolved_smiles,,,,unresolved,unresolved,2,2048
fallback:f35cdcca756bacdc,,,1-allyl-3-methylimidazolium chloride,C7H11ClN2,,Ternary only,20,0,20,1,name_formula_fallback,False,20,0,1,1,,,unresolved_smiles,,,,unresolved,unresolved,2,2048
fallback:f5d528f59fc9b38a,,,"1,8-二氮杂双环[5.4.0]十一碳-7-烯",C9H16N2,,Binary only,42,42,0,1,name_formula_fallback,False,42,0,1,1,,,unresolved_smiles,,,,unresolved,unresolved,2,2048
fallback:f7fca512921887a7,,,"1,3-dimethylimidazolium dimethylphosphate",C7H15N2O4P,,Ternary only,72,0,72,2,name_formula_fallback,False,72,0,1,1,,,unresolved_smiles,,,,unresolved,unresolved,2,2048
fallback:f8eb462bdbd19d00,,,1-ethyl-3-methylimidazolium bis((trifluoromethyl)sulfonyl)imide,C8H11F6N3O4S2,,Ternary only,33,0,33,1,name_formula_fallback,False,33,0,1,1,,,unresolved_smiles,,,,unresolved,unresolved,2,2048
fallback:fbbde86d2d698521,,,1-butyl-3-methylimidazolium acetate,C10H18N2O2,,Ternary only,161,0,161,5,name_formula_fallback,False,161,0,1,1,,,unresolved_smiles,,,,unresolved,unresolved,2,2048
smiles:BrCBr,BrCBr,FJBFPHVGVWTDIP-UHFFFAOYSA-N,二溴甲烷,CH2Br2,C(Br)Br,Binary only,65,65,0,4,canonical_smiles,True,0,0,1,1,14.299702644348145,6.675095081329346,projected,173.83499999999998,1.7337,0.0,halogenated,halogenated,2,2048
smiles:BrCCBr,BrCCBr,PAAZPARNPHGIKF-UHFFFAOYSA-N,"1,2-二溴乙烷",C2H4Br2,C(CBr)Br,Binary only,51,51,0,3,canonical_smiles,True,0,0,1,1,14.404709815979004,6.691876411437988,projected,187.862,1.7762,0.0,halogenated,halogenated,2,2048
smiles:Brc1ccccc1,Brc1ccccc1,QARVLSVVCXYDNA-UHFFFAOYSA-N,溴苯,C6H5Br,C1=CC=C(C=C1)Br,Binary only,14,14,0,1,canonical_smiles,True,0,0,1,1,14.938458442687988,1.1255853176116943,projected,157.01,2.4491000000000005,0.0,halogenated,halogenated;aromatic,2,2048
smiles:C,C,VNWKTOKETHGBQD-UHFFFAOYSA-N,甲烷,CH4,C,Binary only,25,25,0,3,canonical_smiles,True,0,0,1,1,,,disconnected,16.043,0.6361,0.0,hydrocarbon,hydrocarbon,2,2048
smiles:C#CCCCC,C#CCCCC,CGHIBGNXEGJPQZ-UHFFFAOYSA-N,1-己炔,C6H10,CCCCC#C,Binary only,99,99,0,1,canonical_smiles,True,0,0,1,1,13.288067817687988,7.185642242431641,projected,82.146,1.8098,0.0,hydrocarbon,hydrocarbon,2,2048
smiles:C/C=C/C,C/C=C/C,IAQRGUVFOMOMEM-ONEGZZNKSA-N,反式-2-丁烯,C4H8,C/C=C/C,Binary only,25,25,0,1,canonical_smiles,True,0,0,1,1,11.637904167175293,5.926618576049805,projected,56.108000000000004,1.5824,0.0,hydrocarbon,hydrocarbon,2,2048
smiles:C/C=C/CC#N,C/C=C/CC#N,UVKXJAUUKPDDNW-NSCUHMNNSA-N,3-戊烯腈,C5H7N,C/C=C/CC#N,Binary only,18,18,0,1,canonical_smiles,True,0,0,1,1,11.931642532348633,6.313504695892334,projected,81.11800000000001,1.47618,23.79,other,other,2,2048
smiles:C/C=C\C,C/C=C\C,IAQRGUVFOMOMEM-ARJAWSKDSA-N,顺式-2-丁烯,C4H8,C/C=C\C,Binary only,26,26,0,1,canonical_smiles,True,0,0,1,1,11.566211700439453,5.937954902648926,projected,56.108000000000004,1.5824,0.0,hydrocarbon,hydrocarbon,2,2048
smiles:C1=CCCCC1,C1=CCCCC1,HGCIXCUEYOPUTN-UHFFFAOYSA-N,环己烯,C6H10,C1CCC=CC1,Shared,130,88,42,3,canonical_smiles,True,0,0,1,1,16.615859985351562,3.934536933898926,projected,82.146,2.1166,0.0,hydrocarbon,hydrocarbon,2,2048
smiles:C1CC1,C1CC1,LVZWSLJZHVFIQJ-UHFFFAOYSA-N,环丙烷,C3H6,C1CC1,Binary only,78,78,0,2,canonical_smiles,True,0,0,1,1,16.665374755859375,4.067130088806152,projected,42.080999999999996,1.1703,0.0,hydrocarbon,hydrocarbon,2,2048
smiles:C1CCCC1,C1CCCC1,RGSFGYAAUTVSQA-UHFFFAOYSA-N,环戊烷,C5H10,C1CCCC1,Binary only,47,47,0,2,canonical_smiles,True,0,0,1,1,16.71053695678711,4.025638103485107,projected,70.135,1.9505000000000001,0.0,hydrocarbon,hydrocarbon,2,2048
smiles:C1CCCCC1,C1CCCCC1,XDTMQSROBMDMFD-UHFFFAOYSA-N,环己烷,C6H12,C1CCCCC1,Shared,965,717,248,24,canonical_smiles,True,0,0,1,1,16.71527671813965,3.960930109024048,projected,84.162,2.3406000000000002,0.0,hydrocarbon,hydrocarbon,2,2048
smiles:C1CCOC1,C1CCOC1,WYURNTSHIVDZCO-UHFFFAOYSA-N,四氢呋喃,C4H8O,C1CCOC1,Shared,155,138,17,6,canonical_smiles,True,0,0,1,1,17.02426528930664,4.138522624969482,projected,72.107,0.7968,9.23,ether,ether,2,2048
smiles:C1CCOCC1,C1CCOCC1,DHXVGJBLRPWPCS-UHFFFAOYSA-N,四氢吡喃,C5H10O,C1CCOCC1,Shared,438,350,88,13,canonical_smiles,True,0,0,1,1,16.88095474243164,4.042872428894043,projected,86.134,1.1869,9.23,ether,ether,2,2048
smiles:C1CCSC1,C1CCSC1,RAOIDOHSFRTOEL-UHFFFAOYSA-N,四氢噻吩,C4H8S,C1CCSC1,Binary only,51,51,0,2,canonical_smiles,True,0,0,1,1,16.825937271118164,3.8337180614471436,projected,88.175,1.5133999999999999,0.0,sulfur-containing,sulfur-containing,2,2048
smiles:C1CN=C2CCCN2C1,C1CN=C2CCCN2C1,SGUVLZREKBPKCE-UHFFFAOYSA-N,"1,5-二氮杂双环[4.3.0]壬-5-烯",C7H12N2,C1CC2=NCCCN2C1,Binary only,63,63,0,1,canonical_smiles,True,0,0,1,1,16.57172203063965,3.53959321975708,projected,124.187,0.8844000000000001,15.6,amine,amine,2,2048
smiles:C1COCCN1,C1COCCN1,YNAVUWVOSKDBBP-UHFFFAOYSA-N,"四氢-1,4-噁嗪",C4H9NO,C1COCCN1,Shared,91,49,42,3,canonical_smiles,True,0,0,1,1,17.083446502685547,4.320349216461182,projected,87.122,-0.3938000000000001,21.259999999999998,amine,amine;ether,2,2048
smiles:C1COCCO1,C1COCCO1,RYHBNJHYFVUHQT-UHFFFAOYSA-N,"1,4-二噁烷",C4H8O2,C1COCCO1,Binary only,174,174,0,5,canonical_smiles,True,0,0,1,1,17.196447372436523,4.158718109130859,projected,88.106,0.03320000000000001,18.46,ether,ether,2,2048
smiles:C1COCO1,C1COCO1,WNXJIVFYUVYPPR-UHFFFAOYSA-N,"1,3-二噁戊环",C3H6O2,C1COCO1,Binary only,99,99,0,3,canonical_smiles,True,0,0,1,1,17.11241340637207,4.216058731079102,projected,74.079,-0.009299999999999975,18.46,ether,ether,2,2048
smiles:C1C[C@@H]2[C@@H]3CC[C@@H](C3)[C@@H]2C1,C1C[C@@H]2[C@@H]3CC[C@@H](C3)[C@@H]2C1,LPSXSORODABQKT-YNFQOJQRSA-N,内-四氢二环戊二烯,C10H16,C1C[C@@H]2[C@@H]3CC[C@@H](C3)[C@@H]2C1,Binary only,78,78,0,1,canonical_smiles,True,0,0,1,1,16.18683433532715,4.22090482711792,projected,136.238,2.832600000000001,0.0,hydrocarbon,hydrocarbon,2,2048
smiles:C1C[C@@H]2[C@H]3CC[C@H](C3)[C@@H]2C1,C1C[C@@H]2[C@H]3CC[C@H](C3)[C@@H]2C1,LPSXSORODABQKT-FIRGSJFUSA-N,外-四氢二环戊二烯,C10H16,C1C[C@H]2[C@@H]3CC[C@@H](C3)[C@H]2C1,Binary only,78,78,0,1,canonical_smiles,True,0,0,1,1,16.16657257080078,4.228512763977051,projected,136.238,2.832600000000001,0.0,hydrocarbon,hydrocarbon,2,2048
smiles:C=C,C=C,VGGSQFUCUMXWEO-UHFFFAOYSA-N,乙烯,C2H4,C=C,Binary only,393,393,0,8,canonical_smiles,True,0,0,1,1,12.102970123291016,5.989449501037598,projected,28.053999999999995,0.8022,0.0,hydrocarbon,hydrocarbon,2,2048
smiles:C=C(C)C,C=C(C)C,VQTUBCCKSQIDNK-UHFFFAOYSA-N,2-甲基丙烯,C4H8,CC(=C)C,Binary only,117,117,0,3,canonical_smiles,True,0,0,1,1,9.875244140625,5.03101921081543,projected,56.10799999999999,1.5824,0.0,hydrocarbon,hydrocarbon,2,2048
smiles:C=C(C)C(C)C,C=C(C)C(C)C,OWWIWYDDISJUMY-UHFFFAOYSA-N,"2,3-二甲基-1-丁烯",C6H12,CC(C)C(=C)C,Binary only,75,75,0,2,canonical_smiles,True,0,0,1,1,9.984707832336426,4.796393871307373,projected,84.16199999999999,2.2184999999999997,0.0,hydrocarbon,hydrocarbon,2,2048
smiles:C=C(C)CC(C)(C)C,C=C(C)CC(C)(C)C,FXNDIJDIPNCZQJ-UHFFFAOYSA-N,"2,4,4-三甲基-1-戊烯",C8H16,CC(=C)CC(C)(C)C,Binary only,37,37,0,2,canonical_smiles,True,0,0,1,1,9.756896018981934,4.647269248962402,projected,112.21599999999998,2.9987000000000013,0.0,hydrocarbon,hydrocarbon,2,2048
smiles:C=C(C)[C@H]1CC=C(C)CC1,C=C(C)[C@H]1CC=C(C)CC1,XMGQYMWWDOXHJM-JTQLQIEISA-N,(R)-1-methyl-4-(1-methylethenyl)cyclohexene,C10H16,CC1=CC[C@@H](CC1)C(=C)C,Binary only,69,69,0,1,canonical_smiles,True,0,0,1,1,15.593957901000977,3.4588301181793213,projected,136.23799999999997,3.308900000000002,0.0,hydrocarbon,hydrocarbon,2,2048
smiles:C=C(Cl)C(F)(F)F,C=C(Cl)C(F)(F)F,OQISUJXQFPPARX-UHFFFAOYSA-N,"2-氯-3,3,3-三氟丙烯",C3H2ClF3,C=C(C(F)(F)F)Cl,Binary only,60,60,0,2,canonical_smiles,True,0,0,1,1,8.175153732299805,2.9364824295043945,projected,130.496,2.3011999999999997,0.0,halogenated,halogenated,2,2048
smiles:C=C(F)C(F)(F)F,C=C(F)C(F)(F)F,FXRLMCRCYDHQFW-UHFFFAOYSA-N,"2,3,3,3-四氟-1-丙烯",C3H2F4,C=C(C(F)(F)F)F,Binary only,711,711,0,14,canonical_smiles,True,0,0,1,1,8.16070556640625,2.963603973388672,projected,114.04100000000001,2.0319,0.0,halogenated,halogenated,2,2048
smiles:C=C1C2CCC(C2)C1(C)C,C=C1C2CCC(C2)C1(C)C,CRPUJAZIXJMDBK-UHFFFAOYSA-N,冰片烯,C10H16,CC1(C2CCC(C2)C1=C)C,Binary only,62,62,0,3,canonical_smiles,True,0,0,1,1,15.7764892578125,3.8097991943359375,projected,136.238,2.9987000000000013,0.0,hydrocarbon,hydrocarbon,2,2048
smiles:C=CC,C=CC,QQONPFPTGQHPMA-UHFFFAOYSA-N,丙烯,C3H6,CC=C,Binary only,195,195,0,3,canonical_smiles,True,0,0,1,1,12.09735107421875,6.071345329284668,projected,42.080999999999996,1.1923,0.0,hydrocarbon,hydrocarbon,2,2048
smiles:C=CC#N,C=CC#N,NLHHRLWOUZZQLW-UHFFFAOYSA-N,丙烯腈,C3H3N,C=CC#N,Binary only,15,15,0,1,canonical_smiles,True,0,0,1,1,12.09185791015625,6.310758590698242,projected,53.06399999999999,0.6959799999999999,23.79,other,other,2,2048
smiles:C=CC(=C)CCC=C(C)C,C=CC(=C)CCC=C(C)C,UAHWPYUMFXYFJY-UHFFFAOYSA-N,"2-甲基-6-亚甲基-2,7-辛二烯",C10H16,CC(=CCCC(=C)C=C)C,Shared,22,6,16,2,canonical_smiles,True,0,0,1,1,12.342841148376465,5.682196140289307,projected,136.238,3.4750000000000023,0.0,hydrocarbon,hydrocarbon,2,2048
smiles:C=CC(C)(O)CCC=C(C)C,C=CC(C)(O)CCC=C(C)C,CDOSHBSSFJOMGT-UHFFFAOYSA-N,芳樟醇,C10H18O,CC(=CCCC(C)(C=C)O)C,Binary only,38,38,0,1,canonical_smiles,True,0,0,1,1,12.406001091003418,5.549463748931885,projected,154.253,2.6698000000000013,20.23,alcohol,alcohol,2,2048
smiles:C=CC(C)CCC=C(C)C,C=CC(C)CCC=C(C)C,FUDNBFMOXDUIIE-UHFFFAOYSA-N,"3,7-二甲基-1,6-辛二烯",C10H18,CC(CCC=C(C)C)C=C,Shared,42,26,16,3,canonical_smiles,True,0,0,1,1,12.344008445739746,5.495380878448486,projected,138.254,3.5549000000000026,0.0,hydrocarbon,hydrocarbon,2,2048
smiles:C=CC(C)CCCC(C)(C)O,C=CC(C)CCCC(C)(C)O,XSNQECSCDATQEL-UHFFFAOYSA-N,"2,6-二甲基-7-辛烯-2-醇",C10H20O,CC(CCCC(C)(C)O)C=C,Shared,46,30,16,3,canonical_smiles,True,0,0,1,1,12.034567832946777,5.237236976623535,projected,156.269,2.749700000000001,20.23,alcohol,alcohol,2,2048
smiles:C=CC1CC=CCC1,C=CC1CC=CCC1,BBDKZWKEPDTENS-UHFFFAOYSA-N,4-乙烯基环己烯,C8H12,C=CC1CCC=CC1,Binary only,18,18,0,1,canonical_smiles,True,0,0,1,1,15.808073997497559,4.09456205368042,projected,108.18399999999998,2.5287000000000006,0.0,hydrocarbon,hydrocarbon,2,2048
smiles:C=CCC,C=CCC,VXNZUUAINFGPBY-UHFFFAOYSA-N,1-丁烯,C4H8,CCC=C,Binary only,193,193,0,6,canonical_smiles,True,0,0,1,1,12.65843677520752,6.239016056060791,projected,56.10799999999999,1.5824,0.0,hydrocarbon,hydrocarbon,2,2048
smiles:C=CCCCC,C=CCCCC,LIKMAJRDDDTEIG-UHFFFAOYSA-N,1-己烯,C6H12,CCCCC=C,Binary only,191,191,0,5,canonical_smiles,True,0,0,1,1,13.096415519714355,6.5761919021606445,projected,84.16199999999999,2.3626000000000005,0.0,hydrocarbon,hydrocarbon,2,2048
smiles:C=CCCCCCCCCCC,C=CCCCCCCCCCC,CRSBERNSMYQZNG-UHFFFAOYSA-N,1-十二烯,C12H24,CCCCCCCCCCC=C,Binary only,9,9,0,1,canonical_smiles,True,0,0,1,1,13.3182373046875,6.598151683807373,projected,168.32399999999998,4.703200000000004,0.0,hydrocarbon,hydrocarbon,2,2048
smiles:C=CCO,C=CCO,XXROGKLTLUQVRX-UHFFFAOYSA-N,丙烯醇,C3H6O,C=CCO,Binary only,80,80,0,4,canonical_smiles,True,0,0,1,1,12.59460735321045,6.1283278465271,projected,58.08,0.1647,20.23,alcohol,alcohol,2,2048
smiles:CC,CC,OTMSDBZUPAUEDD-UHFFFAOYSA-N,乙烷,C2H6,CC,Binary only,129,129,0,3,canonical_smiles,True,0,0,1,1,10.798127174377441,5.429108619689941,projected,30.07,1.0262,0.0,hydrocarbon,hydrocarbon,2,2048
smiles:CC#CCCC,CC#CCCC,MELUCTCJOARQQG-UHFFFAOYSA-N,2-己炔,C6H10,CCCC#CC,Binary only,77,77,0,1,canonical_smiles,True,0,0,1,1,13.044649124145508,7.007295608520508,projected,82.146,1.8098,0.0,hydrocarbon,hydrocarbon,2,2048
smiles:CC#N,CC#N,WEVYAHXRMPXWCK-UHFFFAOYSA-N,乙腈,C2H3N,CC#N,Shared,752,175,577,27,canonical_smiles,True,0,0,1,1,12.010281562805176,6.504056453704834,projected,41.053,0.52988,23.79,other,other,2,2048
smiles:CC(=O)C(C)(C)C,CC(=O)C(C)(C)C,PJGSXYOJTGTZAV-UHFFFAOYSA-N,"3,3-二甲基-2-丁酮",C6H12O,CC(=O)C(C)(C)C,Shared,129,77,52,3,canonical_smiles,True,0,0,1,1,9.385927200317383,5.002378463745117,projected,100.16099999999999,1.6215,17.07,ketone,ketone,2,2048
smiles:CC(=O)C(C)C,CC(=O)C(C)C,SYBYTAAJFKOIEJ-UHFFFAOYSA-N,3-甲基-2-丁酮,C5H10O,CC(C)C(=O)C,Shared,316,166,150,6,canonical_smiles,True,0,0,1,1,9.305254936218262,5.344684600830078,projected,86.134,1.2314,17.07,ketone,ketone,2,2048
smiles:CC(=O)CC(C)C,CC(=O)CC(C)C,NTIZESTWPVYFNL-UHFFFAOYSA-N,4-甲基-2-戊酮,C6H12O,CC(C)CC(=O)C,Shared,485,200,285,9,canonical_smiles,True,0,0,1,1,8.890047073364258,5.473488807678223,projected,100.16099999999999,1.6215,17.07,ketone,ketone,2,2048
smiles:CC(=O)N(C)C,CC(=O)N(C)C,FXHOOIRPVKKKFG-UHFFFAOYSA-N,"N,N-二甲基乙酰胺",C4H9NO,CC(=O)N(C)C,Shared,208,141,67,8,canonical_smiles,True,0,0,1,1,9.49122428894043,5.503187656402588,projected,87.122,0.09450000000000003,20.310000000000002,amide,amide,2,2048
smiles:CC(=O)O,CC(=O)O,QTBSBXVTEAMEQO-UHFFFAOYSA-N,乙酸,C2H4O2,CC(=O)O,Shared,458,240,218,18,canonical_smiles,True,0,0,1,1,9.3362398147583,5.385553359985352,projected,60.05200000000001,0.09089999999999993,37.3,acid,acid;alcohol,2,2048
smiles:CC(=O)OCC(C)C,CC(=O)OCC(C)C,GJRQTCIYDGXPES-UHFFFAOYSA-N,乙酸异丁酯,C6H12O2,CC(C)COC(=O)C,Shared,219,93,126,8,canonical_smiles,True,0,0,1,1,8.718317985534668,6.085901260375977,projected,116.16,1.2055,26.3,ester,ester;ether,2,2048
smiles:CC(C)(C)CO,CC(C)(C)CO,KPSSIOMAKSHJJG-UHFFFAOYSA-N,"2,2-二甲基-1-丙醇",C5H12O,CC(C)(C)CO,Shared,111,59,52,3,canonical_smiles,True,0,0,1,1,9.611893653869629,4.4457011222839355,projected,88.14999999999999,1.0248,20.23,alcohol,alcohol,2,2048
smiles:CC(C)(C)Cl,CC(C)(C)Cl,NBRKLOOSMBRFMH-UHFFFAOYSA-N,2-氯-2-甲基丙烷,C4H9Cl,CC(C)(C)Cl,Binary only,139,139,0,4,canonical_smiles,True,0,0,1,1,9.095017433166504,3.759528160095215,projected,92.569,2.0237,0.0,halogenated,halogenated,2,2048
smiles:CC(C)(C)O,CC(C)(C)O,DKGAVHZHDRPRBM-UHFFFAOYSA-N,2-甲基-2-丙醇,C4H10O,CC(C)(C)O,Shared,245,118,127,6,canonical_smiles,True,0,0,1,1,9.412063598632812,4.407205581665039,projected,74.12299999999999,0.7771999999999999,20.23,alcohol,alcohol,2,2048
smiles:CC(C)(N)CO,CC(C)(N)CO,CBTVGIZVANVGBH-UHFFFAOYSA-N,2-氨基-2-甲基-1-丙醇,C4H11NO,CC(C)(CO)N,Binary only,27,27,0,1,canonical_smiles,True,0,0,1,1,9.41020679473877,4.291679382324219,projected,89.13799999999999,-0.2840000000000001,46.25,alcohol,alcohol;amine,2,2048
smiles:CC(C)=C(C)C,CC(C)=C(C)C,WGLLSSPDPJPLOR-UHFFFAOYSA-N,"2,3-二甲基-2-丁烯",C6H12,CC(=C(C)C)C,Binary only,124,124,0,2,canonical_smiles,True,0,0,1,1,9.754877090454102,5.245876789093018,projected,84.16199999999999,2.3626000000000005,0.0,hydrocarbon,hydrocarbon,2,2048
smiles:CC(C)=CCC/C(C)=C/CC/C(C)=C/CC/C(C)=C/CC/C(C)=C/CC/C(C)=C/CC/C(C)=C/CC/C(C)=C/CC/C(C)=C/CO,CC(C)=CCC/C(C)=C/CC/C(C)=C/CC/C(C)=C/CC/C(C)=C/CC/C(C)=C/CC/C(C)=C/CC/C(C)=C/CC/C(C)=C/CO,AFPLNGZPBSKHHQ-MEGGAXOGSA-N,茄尼醇,C45H74O,CC(=CCC/C(=C/CC/C(=C/CC/C(=C/CC/C(=C/CC/C(=C/CC/C(=C/CC/C(=C/CC/C(=C/CO)/C)/C)/C)/C)/C)/C)/C)/C)C,Shared,12,3,9,2,canonical_smiles,True,0,0,1,1,12.476487159729004,5.637178897857666,projected,631.0860000000002,14.756899999999963,20.23,alcohol,alcohol,2,2048
smiles:CC(C)=O,CC(C)=O,CSCPPACGZOOCGX-UHFFFAOYSA-N,丙酮,C3H6O,CC(=O)C,Shared,613,357,256,16,canonical_smiles,True,0,0,1,1,9.477582931518555,5.446635723114014,projected,58.080000000000005,0.5952999999999999,17.07,ketone,ketone,2,2048
smiles:CC(C)C,CC(C)C,NNPPMTNAJDCUHE-UHFFFAOYSA-N,2-甲基丙烷,C4H10,CC(C)C,Shared,428,408,20,11,canonical_smiles,True,0,0,1,1,10.56225299835205,4.135514736175537,projected,58.123999999999995,1.6622999999999999,0.0,hydrocarbon,hydrocarbon,2,2048
smiles:CC(C)C(=O)C(C)C,CC(C)C(=O)C(C)C,HXVNBWAKAOHACI-UHFFFAOYSA-N,"2,4-二甲基-3-戊酮",C7H14O,CC(C)C(=O)C(C)C,Shared,144,80,64,3,canonical_smiles,True,0,0,1,1,9.313651084899902,5.269617557525635,projected,114.18799999999997,1.8675,17.07,ketone,ketone,2,2048
smiles:CC(C)C(C)C,CC(C)C(C)C,ZFFMLCVRJBZUDZ-UHFFFAOYSA-N,"2,3-二甲基丁烷",C6H14,CC(C)C(C)C,Shared,178,94,84,3,canonical_smiles,True,0,0,1,1,10.589594841003418,4.063446044921875,projected,86.178,2.2984,0.0,hydrocarbon,hydrocarbon,2,2048
smiles:CC(C)C(C)O,CC(C)C(C)O,MXLMTQWGSQIYOW-UHFFFAOYSA-N,3-甲基-2-丁醇,C5H12O,CC(C)C(C)O,Binary only,24,24,0,1,canonical_smiles,True,0,0,1,1,10.484971046447754,4.507967472076416,projected,88.14999999999999,1.0231999999999999,20.23,alcohol,alcohol,2,2048
smiles:CC(C)CC(C)(C)C,CC(C)CC(C)(C)C,NHTMVDHEPJAVLT-UHFFFAOYSA-N,异辛烷,C8H18,CC(C)CC(C)(C)C,Shared,1043,617,426,27,canonical_smiles,True,0,0,1,1,11.332320213317871,4.412666320800781,projected,114.23199999999999,3.0786000000000016,0.0,hydrocarbon,hydrocarbon,2,2048
smiles:CC(C)CCO,CC(C)CCO,PHTQWCKDNZKARW-UHFFFAOYSA-N,3-甲基-1-丁醇,C5H12O,CC(C)CCO,Binary only,113,113,0,5,canonical_smiles,True,0,0,1,1,11.30866527557373,4.737232685089111,projected,88.14999999999999,1.0248,20.23,alcohol,alcohol,2,2048
smiles:CC(C)CCl,CC(C)CCl,QTBFPMKWQKYFLR-UHFFFAOYSA-N,1-氯-2-甲基丙烷,C4H9Cl,CC(C)CCl,Binary only,137,137,0,4,canonical_smiles,True,0,0,1,1,11.406715393066406,4.51870059967041,projected,92.56899999999999,1.8812,0.0,halogenated,halogenated,2,2048
smiles:CC(C)CO,CC(C)CO,ZXEKIIBDNHEJCQ-UHFFFAOYSA-N,2-甲基-1-丙醇,C4H10O,CC(C)CO,Shared,517,306,211,13,canonical_smiles,True,0,0,1,1,11.028115272521973,4.555063724517822,projected,74.12299999999999,0.6347,20.23,alcohol,alcohol,2,2048
smiles:CC(C)N(C)C,CC(C)N(C)C,VMOWKUTXPNPTEN-UHFFFAOYSA-N,"N,N-二甲基异丙胺",C5H13N,CC(C)N(C)C,Binary only,61,61,0,3,canonical_smiles,True,0,0,1,1,10.637804985046387,4.11847448348999,projected,87.166,0.9564,3.24,amine,amine,2,2048
smiles:CC(C)O,CC(C)O,KFZMGEQAYNKOFK-UHFFFAOYSA-N,2-丙醇,C3H8O,CC(C)O,Shared,1853,882,971,47,canonical_smiles,True,0,0,1,1,10.488741874694824,4.577208518981934,projected,60.096000000000004,0.38710000000000006,20.23,alcohol,alcohol,2,2048
smiles:CC(C)OC(C)C,CC(C)OC(C)C,ZAFNJMIOTHYJRJ-UHFFFAOYSA-N,二异丙醚,C6H14O,CC(C)OC(C)C,Shared,815,543,272,20,canonical_smiles,True,0,0,1,1,10.653116226196289,3.938257932662964,projected,102.17699999999999,1.8197999999999999,9.23,ether,ether,2,2048
smiles:CC(C)OCCO,CC(C)OCCO,HCGFUIQPSOCUHI-UHFFFAOYSA-N,2-异丙氧基乙醇,C5H12O2,CC(C)OCCO,Binary only,41,41,0,1,canonical_smiles,True,0,0,1,1,10.63387680053711,7.762871265411377,projected,104.149,0.4037,29.46,alcohol,alcohol;ether,2,2048
smiles:CC(C)c1ccccc1,CC(C)c1ccccc1,RWGFKTVRMDUZSP-UHFFFAOYSA-N,异丙苯,C9H12,CC(C)C1=CC=CC=C1,Binary only,25,25,0,2,canonical_smiles,True,0,0,1,1,15.107434272766113,1.375575304031372,projected,120.19499999999995,2.8100000000000014,0.0,aromatic,aromatic,2,2048
smiles:CC(CC(C)(C)C)CP(=O)([O-])CC(C)CC(C)(C)C.CCCCCCCCCCCCCC[P+](CCCCCC)(CCCCCC)CCCCCC,CC(CC(C)(C)C)CP(=O)([O-])CC(C)CC(C)(C)C.CCCCCCCCCCCCCC[P+](CCCCCC)(CCCCCC)CCCCCC,ZKQLVOZSJHOZBL-UHFFFAOYSA-M,"三己基十四烷基膦双(2,4,4-三甲基戊基)亚膦酸酯",C48H102O2P2,CCCCCCCCCCCCCC[P+](CCCCCC)(CCCCCC)CCCCCC.CC(CC(C)(C)C)CP(=O)(CC(C)CC(C)(C)C)[O-],Binary only,145,145,0,5,canonical_smiles,True,0,0,1,1,13.32947063446045,7.516091346740723,projected,773.2899999999995,17.21539999999997,40.129999999999995,other,other,2,2048
smiles:CC(Cl)(Cl)Cl,CC(Cl)(Cl)Cl,UOCLXMDMGBRAIB-UHFFFAOYSA-N,"1,1,1-三氯乙烷",C2H3Cl3,CC(Cl)(Cl)Cl,Binary only,42,42,0,1,canonical_smiles,True,0,0,1,1,9.159676551818848,3.8314874172210693,projected,133.405,2.376500000000001,0.0,halogenated,halogenated,2,2048
smiles:CC(F)(Cl)C(F)(F)F,CC(F)(Cl)C(F)(F)F,SMCNZLDHTZESTK-UHFFFAOYSA-N,"2-氯-1,1,1,2-四氟丙烷",C3H3ClF4,CC(C(F)(F)F)(F)Cl,Binary only,30,30,0,1,canonical_smiles,True,0,0,1,1,8.6541166305542,3.0940985679626465,projected,150.50199999999998,2.4732000000000003,0.0,halogenated,halogenated,2,2048
smiles:CC(F)(F)C(F)(F)F,CC(F)(F)C(F)(F)F,FDOPVENYMZRARC-UHFFFAOYSA-N,"1,1,1,2,2-五氟丙烷",C3H3F5,CC(C(F)(F)F)(F)F,Binary only,44,44,0,1,canonical_smiles,True,0,0,1,1,8.46977424621582,2.919727087020874,projected,134.047,2.2039,0.0,halogenated,halogenated,2,2048
smiles:CC(F)(F)CC(F)(F)F,CC(F)(F)CC(F)(F)F,WZLFPVPRZGTCKP-UHFFFAOYSA-N,"1,1,1,3,3-五氟丁烷",C4H5F5,CC(CC(F)(F)F)(F)F,Binary only,75,75,0,1,canonical_smiles,True,0,0,1,1,8.878252983093262,3.036590099334717,projected,148.07399999999998,2.594000000000001,0.0,halogenated,halogenated,2,2048
smiles:CC(F)(F)F,CC(F)(F)F,UJPMYEOUBPIPHQ-UHFFFAOYSA-N,"1,1,1-三氟乙烷",C2H3F3,CC(F)(F)F,Binary only,257,257,0,5,canonical_smiles,True,0,0,1,1,8.584319114685059,2.845221519470215,projected,84.04,1.5686000000000002,0.0,halogenated,halogenated,2,2048
smiles:CC(F)F,CC(F)F,NPNPZTNLOVBDOC-UHFFFAOYSA-N,"1,1-二氟乙烷",C2H4F2,CC(F)F,Binary only,309,309,0,5,canonical_smiles,True,0,0,1,1,10.155133247375488,3.633528232574463,projected,66.05,1.2714,0.0,halogenated,halogenated,2,2048
smiles:CC(O)C(C)O,CC(O)C(C)O,OWBTYPJTUOEWEK-UHFFFAOYSA-N,"1,2-丁二醇",C4H10O2,CC(C(C)O)O,Binary only,49,49,0,3,canonical_smiles,True,0,0,1,1,10.584159851074219,4.403702735900879,projected,90.122,-0.252,40.46,alcohol,alcohol,2,2048
smiles:CC12CCC(CC1)C(C)(C)O2,CC12CCC(CC1)C(C)(C)O2,WEEGYLXZBRQIMU-UHFFFAOYSA-N,"1,3,3-三甲基-2-氧杂双环[2.2.2]辛烷",C10H18O,CC1(C2CCC(O1)(CC2)C)C,Binary only,53,53,0,1,canonical_smiles,True,0,0,1,1,15.831854820251465,3.9214906692504883,projected,154.253,2.7441000000000013,9.23,ether,ether,2,2048
smiles:CC1=CCC2C(C1)C2(C)C,CC1=CCC2C(C1)C2(C)C,BQOFWKZOCNGFEC-UHFFFAOYSA-N,3-蒈烯,C10H16,CC1=CCC2C(C1)C2(C)C,Shared,64,39,25,3,canonical_smiles,True,0,0,1,1,15.612369537353516,3.512232542037964,projected,136.238,2.9987000000000013,0.0,hydrocarbon,hydrocarbon,2,2048
smiles:CC1=CCC2CC1C2(C)C,CC1=CCC2CC1C2(C)C,GRWFGVWFFZKLTI-UHFFFAOYSA-N,2-蒎烯,C10H16,CC1=CCC2CC1C2(C)C,Shared,139,84,55,5,canonical_smiles,True,0,0,1,1,15.536825180053711,3.4371910095214844,projected,136.238,2.9987000000000013,0.0,hydrocarbon,hydrocarbon,2,2048
smiles:CC1=CC[C@@H]2[C@H](C1)C2(C)C,CC1=CC[C@@H]2[C@H](C1)C2(C)C,BQOFWKZOCNGFEC-BDAKNGLRSA-N,(+)-3-蒈烯,C10H16,CC1=CC[C@@H]2[C@H](C1)C2(C)C,Binary only,23,23,0,1,canonical_smiles,True,0,0,1,1,15.528522491455078,3.3959238529205322,projected,136.238,2.9987000000000013,0.0,hydrocarbon,hydrocarbon,2,2048
smiles:CC1CCCC1,CC1CCCC1,GDOPTJXRTPNYNR-UHFFFAOYSA-N,甲基环戊烷,C6H12,CC1CCCC1,Binary only,23,23,0,2,canonical_smiles,True,0,0,1,1,16.176536560058594,4.197360038757324,projected,84.162,2.1965000000000003,0.0,hydrocarbon,hydrocarbon,2,2048
smiles:CC1CCCCC1,CC1CCCCC1,UAEPNZWRGJTJPN-UHFFFAOYSA-N,甲基环己烷,C7H14,CC1CCCCC1,Shared,192,131,61,7,canonical_smiles,True,0,0,1,1,16.2119083404541,4.189155101776123,projected,98.18900000000001,2.5866000000000007,0.0,hydrocarbon,hydrocarbon,2,2048
smiles:CCC,CCC,ATUOYWHBWRKTHZ-UHFFFAOYSA-N,丙烷,C3H8,CCC,Shared,714,694,20,12,canonical_smiles,True,0,0,1,1,12.416281700134277,7.120262145996094,projected,44.096999999999994,1.4163,0.0,hydrocarbon,hydrocarbon,2,2048
smiles:CCC#CCC,CCC#CCC,DQQNMIPXXNPGCV-UHFFFAOYSA-N,3-己炔,C6H10,CCC#CCC,Binary only,88,88,0,1,canonical_smiles,True,0,0,1,1,12.585341453552246,7.015312194824219,projected,82.14599999999999,1.8098,0.0,hydrocarbon,hydrocarbon,2,2048
smiles:CCC#N,CCC#N,FVSKHRXBFJPNKK-UHFFFAOYSA-N,丙腈,C3H5N,CCC#N,Binary only,103,103,0,4,canonical_smiles,True,0,0,1,1,12.162531852722168,6.642945766448975,projected,55.07999999999999,0.91998,23.79,other,other,2,2048
smiles:CCC(=O)O,CCC(=O)O,XBDQKXXYIPTUBI-UHFFFAOYSA-N,丙酸,C3H6O2,CCC(=O)O,Binary only,222,222,0,6,canonical_smiles,True,0,0,1,1,8.217175483703613,5.208803653717041,projected,74.079,0.481,37.3,acid,acid;alcohol,2,2048
smiles:CCC(=O)OC,CCC(=O)OC,RJUFJBKOKNCXHH-UHFFFAOYSA-N,丙酸甲酯,C4H8O2,CCC(=O)OC,Shared,91,58,33,3,canonical_smiles,True,0,0,1,1,7.526130199432373,6.3519673347473145,projected,88.106,0.5694,26.3,ester,ester;ether,2,2048
smiles:CCC(=O)OC(C)C,CCC(=O)OC(C)C,IJMWOMHMDSDKGK-UHFFFAOYSA-N,丙酸异丙酯,C6H12O2,CCC(=O)OC(C)C,Binary only,36,36,0,2,canonical_smiles,True,0,0,1,1,7.929527282714844,6.298286437988281,projected,116.15999999999998,1.3479999999999999,26.3,ester,ester;ether,2,2048
smiles:CCC(=O)OCCC(C)C,CCC(=O)OCCC(C)C,XAOGXQMKWQFZEM-UHFFFAOYSA-N,异戊酸异戊酯,C8H16O2,CCC(=O)OCCC(C)C,Binary only,66,66,0,2,canonical_smiles,True,0,0,1,1,8.066428184509277,6.3695573806762695,projected,144.21399999999997,1.9857,26.3,ester,ester;ether,2,2048
smiles:CCC(C)(C)O,CCC(C)(C)O,MSXVEPNJUHWQHW-UHFFFAOYSA-N,2-甲基-2-丁醇,C5H12O,CCC(C)(C)O,Binary only,15,15,0,1,canonical_smiles,True,0,0,1,1,9.42798900604248,4.569186687469482,projected,88.14999999999998,1.1673,20.23,alcohol,alcohol,2,2048
smiles:CCC(C)(C)OC,CCC(C)(C)OC,HVZJRWJGKQPSFL-UHFFFAOYSA-N,2-甲氧基-2-甲基丁烷,C6H14O,CCC(C)(C)OC,Binary only,27,27,0,1,canonical_smiles,True,0,0,1,1,9.640841484069824,6.95778751373291,projected,102.17699999999998,1.8214000000000001,9.23,ether,ether,2,2048
smiles:CCC(C)=O,CCC(C)=O,ZWEHNKRNPOVVGH-UHFFFAOYSA-N,丁酮,C4H8O,CCC(=O)C,Shared,380,183,197,12,canonical_smiles,True,0,0,1,1,8.667654037475586,5.497959613800049,projected,72.10699999999999,0.9854,17.07,ketone,ketone,2,2048
smiles:CCC(C)C,CCC(C)C,QWTDNUCVQCZILF-UHFFFAOYSA-N,2-甲基丁烷,C5H12,CCC(C)C,Binary only,20,20,0,1,canonical_smiles,True,0,0,1,1,11.223400115966797,4.406156063079834,projected,72.151,2.0524,0.0,hydrocarbon,hydrocarbon,2,2048
smiles:CCC(C)CC,CCC(C)CC,PFEOZHBOMNWTJB-UHFFFAOYSA-N,3-甲基戊烷,C6H14,CCC(C)CC,Binary only,75,75,0,2,canonical_smiles,True,0,0,1,1,11.085594177246094,4.248518943786621,projected,86.178,2.442500000000001,0.0,hydrocarbon,hydrocarbon,2,2048
smiles:CCC(C)Cl,CCC(C)Cl,BSPCSKHALVHRSR-UHFFFAOYSA-N,2-氯丁烷,C4H9Cl,CCC(C)Cl,Binary only,327,327,0,6,canonical_smiles,True,0,0,1,1,11.106937408447266,4.214177131652832,projected,92.569,2.0237,0.0,halogenated,halogenated,2,2048
smiles:CCC(C)O,CCC(C)O,BTANRVKWQNVYAZ-UHFFFAOYSA-N,2-丁醇,C4H10O,CCC(C)O,Shared,520,476,44,16,canonical_smiles,True,0,0,1,1,10.861629486083984,4.633424282073975,projected,74.12299999999999,0.7771999999999999,20.23,alcohol,alcohol,2,2048
smiles:CCC(C)OC(C)=O,CCC(C)OC(C)=O,DCKVNWZUADLDEH-UHFFFAOYSA-N,乙酸仲丁酯,C6H12O2,CCC(C)OC(=O)C,Shared,146,102,44,7,canonical_smiles,True,0,0,1,1,8.712270736694336,6.057478904724121,projected,116.15999999999998,1.3479999999999999,26.3,ester,ester;ether,2,2048
smiles:CCC(O)CC,CCC(O)CC,AQIXEPGDORPWBJ-UHFFFAOYSA-N,3-戊醇,C5H12O,CCC(CC)O,Binary only,26,26,0,1,canonical_smiles,True,0,0,1,1,10.898735046386719,4.549177646636963,projected,88.15,1.1673,20.23,alcohol,alcohol,2,2048
smiles:CCC=C(C)C,CCC=C(C)C,JMMZCWZIJXAGKW-UHFFFAOYSA-N,2-甲基-2-戊烯,C6H12,CCC=C(C)C,Binary only,13,13,0,1,canonical_smiles,True,0,0,1,1,12.442349433898926,5.618215560913086,projected,84.16199999999999,2.3626000000000005,0.0,hydrocarbon,hydrocarbon,2,2048
smiles:CCCC,CCCC,IJDNQMDRQITEOD-UHFFFAOYSA-N,丁烷,C4H10,CCCC,Binary only,692,692,0,14,canonical_smiles,True,0,0,1,1,12.849435806274414,7.132304668426514,projected,58.123999999999995,1.8064,0.0,hydrocarbon,hydrocarbon,2,2048
smiles:CCCC(=O)O,CCCC(=O)O,FERIUCNNQQJTOY-UHFFFAOYSA-N,丁酸,C4H8O2,CCCC(=O)O,Binary only,150,150,0,3,canonical_smiles,True,0,0,1,1,7.87827730178833,5.191977500915527,projected,88.10599999999998,0.8711,37.3,acid,acid;alcohol,2,2048
smiles:CCCC(=O)OCC,CCCC(=O)OCC,OBNCKNCVKJNDBV-UHFFFAOYSA-N,丁酸乙酯,C6H12O2,CCCC(=O)OCC,Binary only,23,23,0,1,canonical_smiles,True,0,0,1,1,7.736200332641602,6.00053071975708,projected,116.15999999999998,1.3496000000000001,26.3,ester,ester;ether,2,2048
smiles:CCCC(=O)OCC1CO1,CCCC(=O)OCC1CO1,YLNSNVGRSIOCEU-UHFFFAOYSA-N,丁二酸缩水甘油酯,C7H12O3,CCCC(=O)OCC1CO1,Binary only,52,52,0,1,canonical_smiles,True,0,0,1,1,7.5234479904174805,5.980326175689697,projected,144.16999999999996,0.7285,38.83,ester,ester;ether,2,2048
smiles:CCCC(C)=O,CCCC(C)=O,XNLICIUVMPYHGG-UHFFFAOYSA-N,2-戊酮,C5H10O,CCCC(=O)C,Binary only,35,35,0,1,canonical_smiles,True,0,0,1,1,8.354853630065918,5.459787368774414,projected,86.13399999999999,1.3755,17.07,ketone,ketone,2,2048
smiles:CCCC(C)C,CCCC(C)C,AFABGHUZZDYHJO-UHFFFAOYSA-N,2-甲基戊烷,C6H14,CCCC(C)C,Binary only,11,11,0,1,canonical_smiles,True,0,0,1,1,11.339542388916016,4.618246555328369,projected,86.178,2.442500000000001,0.0,hydrocarbon,hydrocarbon,2,2048
smiles:CCCC(C)O,CCCC(C)O,JYVLIDXNZAXMDK-UHFFFAOYSA-N,2-戊醇,C5H12O,CCCC(C)O,Shared,267,212,55,10,canonical_smiles,True,0,0,1,1,11.033495903015137,4.795420169830322,projected,88.14999999999999,1.1673,20.23,alcohol,alcohol,2,2048
smiles:CCCCC,CCCCC,OFBQJSOFQDEBGM-UHFFFAOYSA-N,戊烷,C5H12,CCCCC,Binary only,195,195,0,6,canonical_smiles,True,0,0,1,1,13.075884819030762,7.154505252838135,projected,72.151,2.1965000000000003,0.0,hydrocarbon,hydrocarbon,2,2048
smiles:CCCCC(CC)CO,CCCCC(CC)CO,YIWUKEYIRIRTPP-UHFFFAOYSA-N,2-乙基-1-己醇,C8H18O,CCCCC(CC)CO,Binary only,28,28,0,2,canonical_smiles,True,0,0,1,1,12.1094331741333,8.596501350402832,projected,130.231,2.1951000000000005,20.23,alcohol,alcohol,2,2048
smiles:CCCCC1CCCCC1,CCCCC1CCCCC1,GGBJHURWWWLEQH-UHFFFAOYSA-N,丁基环己烷,C10H20,CCCCC1CCCCC1,Binary only,21,21,0,1,canonical_smiles,True,0,0,1,1,13.55704116821289,6.916025638580322,projected,140.26999999999998,3.7569000000000026,0.0,hydrocarbon,hydrocarbon,2,2048
smiles:CCCCCC,CCCCCC,VLKZOEOYAKHREP-UHFFFAOYSA-N,正己烷,C6H14,CCCCCC,Shared,488,331,157,13,canonical_smiles,True,0,0,1,1,13.29552173614502,7.2682952880859375,projected,86.178,2.5866000000000007,0.0,hydrocarbon,hydrocarbon,2,2048
smiles:CCCCCC(=O)O,CCCCCC(=O)O,FUZZWVXGSFPDMH-UHFFFAOYSA-N,己酸,C6H12O2,CCCCCC(=O)O,Binary only,33,33,0,1,canonical_smiles,True,0,0,1,1,7.72216272354126,5.14028787612915,projected,116.15999999999998,1.6513,37.3,acid,acid;alcohol,2,2048
smiles:CCCCCC=O,CCCCCC=O,JARKCYVAAOWBJS-UHFFFAOYSA-N,己醛,C6H12O,CCCCCC=O,Binary only,16,16,0,1,canonical_smiles,True,0,0,1,1,13.2371244430542,6.659805774688721,projected,100.16099999999999,1.7656,17.07,other,other,2,2048
smiles:CCCCCCC,CCCCCCC,IMNFDUFMRHMDMM-UHFFFAOYSA-N,正庚烷,C7H16,CCCCCCC,Binary only,1098,1098,0,29,canonical_smiles,True,0,0,1,1,13.431510925292969,7.260071277618408,projected,100.205,2.976700000000002,0.0,hydrocarbon,hydrocarbon,2,2048
smiles:CCCCCCCC,CCCCCCCC,TVMXDCGIABBOFY-UHFFFAOYSA-N,正辛烷,C8H18,CCCCCCCC,Shared,401,281,120,13,canonical_smiles,True,0,0,1,1,13.526597023010254,7.311701774597168,projected,114.232,3.3668000000000022,0.0,hydrocarbon,hydrocarbon,2,2048
smiles:CCCCCCCC(=O)OC,CCCCCCCC(=O)OC,JGHZJRVDZXSNKQ-UHFFFAOYSA-N,辛酸甲酯,C9H18O2,CCCCCCCC(=O)OC,Binary only,39,39,0,1,canonical_smiles,True,0,0,1,1,6.939561367034912,6.107189178466797,projected,158.24099999999999,2.5199000000000007,26.3,ester,ester;ether,2,2048
smiles:CCCCCCCC/C=C\CCCCCCCC(=O)OC,CCCCCCCC/C=C\CCCCCCCC(=O)OC,QYDYPVFESGNLHU-KHPPLWFESA-N,顺式油酸甲酯,C19H36O2,CCCCCCCC/C=C\CCCCCCCC(=O)OC,Binary only,9,9,0,1,canonical_smiles,True,0,0,1,1,6.7615766525268555,6.03200101852417,projected,296.49499999999995,6.1969000000000065,26.3,ester,ester;ether,2,2048
smiles:CCCCCCCC/C=C\CCCCCCCC(=O)OCC(COC(=O)CCCCCCC/C=C\CCCCCCCC)OC(=O)CCCCCCC/C=C\CCCCCCCC,CCCCCCCC/C=C\CCCCCCCC(=O)OCC(COC(=O)CCCCCCC/C=C\CCCCCCCC)OC(=O)CCCCCCC/C=C\CCCCCCCC,PHYFQTYBJUILEZ-IUPFWZBJSA-N,三油酸甘油酯,C57H104O6,CCCCCCCC/C=C\CCCCCCCC(=O)OCC(OC(=O)CCCCCCC/C=C\CCCCCCCC)COC(=O)CCCCCCC/C=C\CCCCCCCC,Binary only,21,21,0,1,canonical_smiles,True,0,0,1,1,7.108854293823242,5.861665725708008,projected,885.4529999999991,18.097099999999976,78.9,ester,ester;ether,2,2048
smiles:CCCCCCCCC,CCCCCCCCC,BKIMMITUMNQMOS-UHFFFAOYSA-N,正壬烷,C9H20,CCCCCCCCC,Binary only,296,296,0,12,canonical_smiles,True,0,0,1,1,13.526021957397461,7.312888145446777,projected,128.259,3.7569000000000026,0.0,hydrocarbon,hydrocarbon,2,2048
smiles:CCCCCCCCCC,CCCCCCCCCC,DIOQZVSQGTUSAI-UHFFFAOYSA-N,正癸烷,C10H22,CCCCCCCCCC,Binary only,166,166,0,10,canonical_smiles,True,0,0,1,1,13.580228805541992,7.192279815673828,projected,142.286,4.147000000000004,0.0,hydrocarbon,hydrocarbon,2,2048
smiles:CCCCCCCCCC(=O)OC,CCCCCCCCCC(=O)OC,YRHYCMZPEVDGFQ-UHFFFAOYSA-N,癸酸甲酯,C11H22O2,CCCCCCCCCC(=O)OC,Binary only,78,78,0,2,canonical_smiles,True,0,0,1,1,6.884303092956543,5.954699516296387,projected,186.295,3.3001000000000023,26.3,ester,ester;ether,2,2048
smiles:CCCCCCCCCCC,CCCCCCCCCCC,RSJKGSCJYJTIGS-UHFFFAOYSA-N,十一烷,C11H24,CCCCCCCCCCC,Binary only,86,86,0,4,canonical_smiles,True,0,0,1,1,13.495626449584961,7.1683831214904785,projected,156.313,4.537100000000004,0.0,hydrocarbon,hydrocarbon,2,2048
smiles:CCCCCCCCCCCC,CCCCCCCCCCCC,SNRUBQQJIBEYMU-UHFFFAOYSA-N,十二烷,C12H26,CCCCCCCCCCCC,Binary only,10,10,0,1,canonical_smiles,True,0,0,1,1,13.629317283630371,7.381401538848877,projected,170.33999999999997,4.9272000000000045,0.0,hydrocarbon,hydrocarbon,2,2048
smiles:CCCCCCCCCCCC(=O)OC,CCCCCCCCCCCC(=O)OC,UQDUPQYQJKYHQI-UHFFFAOYSA-N,十二酸甲酯,C13H26O2,CCCCCCCCCCCC(=O)OC,Binary only,59,59,0,2,canonical_smiles,True,0,0,1,1,6.8630571365356445,6.002167224884033,projected,214.34899999999996,4.080300000000003,26.3,ester,ester;ether,2,2048
smiles:CCCCCCCCCCCC(=O)OCC,CCCCCCCCCCCC(=O)OCC,MMXKVMNBHPAILY-UHFFFAOYSA-N,十二酸乙酯,C14H28O2,CCCCCCCCCCCC(=O)OCC,Binary only,22,22,0,1,canonical_smiles,True,0,0,1,1,7.320180416107178,5.932638168334961,projected,228.37599999999995,4.470400000000004,26.3,ester,ester;ether,2,2048
smiles:CCCCCCCCCCCCCC,CCCCCCCCCCCCCC,BGHCVCJVXZWKCC-UHFFFAOYSA-N,十四烷,C14H30,CCCCCCCCCCCCCC,Binary only,13,13,0,1,canonical_smiles,True,0,0,1,1,13.564725875854492,7.34890079498291,projected,198.39399999999995,5.707400000000006,0.0,hydrocarbon,hydrocarbon,2,2048
smiles:CCCCCCCCCCCCCC(=O)O,CCCCCCCCCCCCCC(=O)O,TUNFSRHWOTWDNC-UHFFFAOYSA-N,肉豆蔻酸,C14H28O2,CCCCCCCCCCCCCC(=O)O,Binary only,22,22,0,2,canonical_smiles,True,0,0,1,1,7.674553394317627,5.133121967315674,projected,228.37599999999995,4.772100000000004,37.3,acid,acid;alcohol,2,2048
smiles:CCCCCCCCCCCCCC(=O)OC,CCCCCCCCCCCCCC(=O)OC,ZAZKJZBWRNNLDS-UHFFFAOYSA-N,肉豆蔻酸甲酯,C15H30O2,CCCCCCCCCCCCCC(=O)OC,Binary only,93,93,0,5,canonical_smiles,True,0,0,1,1,6.864976406097412,5.96915340423584,projected,242.40299999999993,4.8605000000000045,26.3,ester,ester;ether,2,2048
smiles:CCCCCCCCCCCCCC(=O)OCC,CCCCCCCCCCCCCC(=O)OCC,MMKRHZKQPFCLLS-UHFFFAOYSA-N,十四酸乙酯,C16H32O2,CCCCCCCCCCCCCC(=O)OCC,Binary only,19,19,0,1,canonical_smiles,True,0,0,1,1,7.393733978271484,6.052116870880127,projected,256.4299999999999,5.250600000000005,26.3,ester,ester;ether,2,2048
smiles:CCCCCCCCCCCCCCC,CCCCCCCCCCCCCCC,YCOZIPAWZNQLMR-UHFFFAOYSA-N,十五烷,C15H32,CCCCCCCCCCCCCCC,Binary only,11,11,0,1,canonical_smiles,True,0,0,1,1,13.499975204467773,7.529808044433594,projected,212.42099999999994,6.097500000000006,0.0,hydrocarbon,hydrocarbon,2,2048
smiles:CCCCCCCCCCCCCCCC,CCCCCCCCCCCCCCCC,DCAYPVUWAIABOU-UHFFFAOYSA-N,十六烷,C16H34,CCCCCCCCCCCCCCCC,Binary only,26,26,0,2,canonical_smiles,True,0,0,1,1,13.573040962219238,7.1800432205200195,projected,226.44799999999992,6.487600000000007,0.0,hydrocarbon,hydrocarbon,2,2048
smiles:CCCCCCCCCCCCCCCC(=O)O,CCCCCCCCCCCCCCCC(=O)O,IPCSVZSSVZVIGE-UHFFFAOYSA-N,棕榈酸,C16H32O2,CCCCCCCCCCCCCCCC(=O)O,Binary only,21,21,0,2,canonical_smiles,True,0,0,1,1,7.536651611328125,5.2046051025390625,projected,256.4299999999999,5.552300000000005,37.3,acid,acid;alcohol,2,2048
smiles:CCCCCCCCCCCCCCCC(=O)OC,CCCCCCCCCCCCCCCC(=O)OC,FLIACVVOZYBSBS-UHFFFAOYSA-N,棕榈酸甲酯,C17H34O2,CCCCCCCCCCCCCCCC(=O)OC,Binary only,38,38,0,1,canonical_smiles,True,0,0,1,1,6.941174030303955,6.0621771812438965,projected,270.45699999999994,5.640700000000005,26.3,ester,ester;ether,2,2048
smiles:CCCCCCCCCCCCCCCCCC(=O)O,CCCCCCCCCCCCCCCCCC(=O)O,QIQXTHQIDYTFRH-UHFFFAOYSA-N,硬脂酸,C18H36O2,CCCCCCCCCCCCCCCCCC(=O)O,Binary only,21,21,0,2,canonical_smiles,True,0,0,1,1,7.654867649078369,5.124990940093994,projected,284.4839999999999,6.332500000000007,37.3,acid,acid;alcohol,2,2048
smiles:CCCCCCCCCCCCO,CCCCCCCCCCCCO,LQZZUXJYWNFBMV-UHFFFAOYSA-N,1-十二醇,C12H26O,CCCCCCCCCCCCO,Binary only,47,47,0,1,canonical_smiles,True,0,0,1,1,11.9108247756958,8.748939514160156,projected,186.33899999999997,3.8996000000000035,20.23,alcohol,alcohol,2,2048
smiles:CCCCCCCCCCCO,CCCCCCCCCCCO,KJIOQYGWTQBHNH-UHFFFAOYSA-N,1-十一醇,C11H24O,CCCCCCCCCCCO,Binary only,120,120,0,1,canonical_smiles,True,0,0,1,1,11.87630558013916,8.795938491821289,projected,172.31199999999998,3.5095000000000023,20.23,alcohol,alcohol,2,2048
smiles:CCCCCCCCO,CCCCCCCCO,KBPLFHHGFOOTCA-UHFFFAOYSA-N,1-辛醇,C8H18O,CCCCCCCCO,Binary only,59,59,0,4,canonical_smiles,True,0,0,1,1,11.928488731384277,8.801854133605957,projected,130.23100000000002,2.3392000000000013,20.23,alcohol,alcohol,2,2048
smiles:CCCCCCCO,CCCCCCCO,BBMCTIGTTCKYKF-UHFFFAOYSA-N,1-庚醇,C7H16O,CCCCCCCO,Binary only,52,52,0,1,canonical_smiles,True,0,0,1,1,11.872971534729004,8.684556007385254,projected,116.204,1.9491,20.23,alcohol,alcohol,2,2048
smiles:CCCCCCCl,CCCCCCCl,MLRVZFYXUZQSRU-UHFFFAOYSA-N,1-氯己烷,C6H13Cl,CCCCCCCl,Binary only,117,117,0,4,canonical_smiles,True,0,0,1,1,14.134831428527832,7.2165141105651855,projected,120.623,2.805500000000001,0.0,halogenated,halogenated,2,2048
smiles:CCCCCCO,CCCCCCO,ZSIAUFGUXNUGDI-UHFFFAOYSA-N,1-己醇,C6H14O,CCCCCCO,Shared,316,274,42,14,canonical_smiles,True,0,0,1,1,11.848918914794922,8.76632308959961,projected,102.17699999999999,1.559,20.23,alcohol,alcohol,2,2048
smiles:CCCCCCl,CCCCCCl,SQCZQTSHSZLZIQ-UHFFFAOYSA-N,1-氯戊烷,C5H11Cl,CCCCCCl,Binary only,246,246,0,6,canonical_smiles,True,0,0,1,1,14.280486106872559,7.183166980743408,projected,106.596,2.415400000000001,0.0,halogenated,halogenated,2,2048
smiles:CCCCCO,CCCCCO,AMQJEAYHLZJPGS-UHFFFAOYSA-N,1-戊醇,C5H12O,CCCCCO,Shared,466,413,53,16,canonical_smiles,True,0,0,1,1,11.832174301147461,8.765528678894043,projected,88.14999999999999,1.1689,20.23,alcohol,alcohol,2,2048
smiles:CCCCCOC=O,CCCCCOC=O,DIQMPQMYFZXDAX-UHFFFAOYSA-N,甲酸正戊酯,C6H12O2,CCCCCOC=O,Binary only,65,65,0,1,canonical_smiles,True,0,0,1,1,10.838700294494629,6.809874534606934,projected,116.15999999999998,1.3496,26.3,ester,ester;ether,2,2048
smiles:CCCCCS,CCCCCS,ZRKMQKLGEQPLNS-UHFFFAOYSA-N,1-戊硫醇,C5H12S,CCCCCS,Binary only,19,19,0,1,canonical_smiles,True,0,0,1,1,13.774307250976562,7.499247074127197,projected,104.218,2.1064000000000003,0.0,sulfur-containing,sulfur-containing,2,2048
smiles:CCCCCl,CCCCCl,VFWCMGCRMGJXDK-UHFFFAOYSA-N,1-氯丁烷,C4H9Cl,CCCCCl,Binary only,412,412,0,9,canonical_smiles,True,0,0,1,1,14.218717575073242,7.24139928817749,projected,92.56899999999999,2.0253,0.0,halogenated,halogenated,2,2048
smiles:CCCCO,CCCCO,LRHPLDYGYMQRHN-UHFFFAOYSA-N,1-丁醇,C4H10O,CCCCO,Shared,734,528,206,23,canonical_smiles,True,0,0,1,1,11.986186981201172,8.446192741394043,projected,74.12299999999999,0.7787999999999999,20.23,alcohol,alcohol,2,2048
smiles:CCCCOC(=O)C(C)O,CCCCOC(=O)C(C)O,MRABAEUHTLLEML-UHFFFAOYSA-N,L-乳酸丁酯,C7H14O3,CCCCOC(=O)C(C)O,Binary only,26,26,0,1,canonical_smiles,True,0,0,1,1,8.460349082946777,6.436148643493652,projected,146.18599999999998,0.7104999999999999,46.53,ester,ester;alcohol;ether,2,2048
smiles:CCCCOC(=O)CC,CCCCOC(=O)CC,BTMVHUNTONAYDX-UHFFFAOYSA-N,丙酸正丁酯,C7H14O2,CCCCOC(=O)CC,Shared,100,58,42,4,canonical_smiles,True,0,0,1,1,8.121005058288574,6.518843173980713,projected,130.18699999999998,1.7397,26.3,ester,ester;ether,2,2048
smiles:CCCCOC(C)(C)C,CCCCOC(C)(C)C,JJNQHLLBFBGKEL-UHFFFAOYSA-N,1-(叔丁氧基)丁烷,C8H18O,CCCCOC(C)(C)C,Shared,196,54,142,4,canonical_smiles,True,0,0,1,1,10.331305503845215,7.189525604248047,projected,130.23099999999997,2.6016000000000012,9.23,ether,ether,2,2048
smiles:CCCCOC(C)=O,CCCCOC(C)=O,DKPFZGUDAPQIHT-UHFFFAOYSA-N,乙酸正丁酯,C6H12O2,CCCCOC(=O)C,Binary only,99,99,0,5,canonical_smiles,True,0,0,1,1,8.538039207458496,6.50880241394043,projected,116.15999999999998,1.3496000000000001,26.3,ester,ester;ether,2,2048
smiles:CCCCOC=O,CCCCOC=O,NMJJFJNHVMGPGM-UHFFFAOYSA-N,甲酸正丁酯,C5H10O2,CCCCOC=O,Binary only,205,205,0,6,canonical_smiles,True,0,0,1,1,10.70447063446045,6.934336185455322,projected,102.13299999999998,0.9595,26.3,ester,ester;ether,2,2048
smiles:CCCCOCC,CCCCOCC,PZHIWRCQKBBTOW-UHFFFAOYSA-N,乙基丁基醚,C6H14O,CCCCOCC,Binary only,138,138,0,4,canonical_smiles,True,0,0,1,1,10.528297424316406,7.462713718414307,projected,102.17699999999999,1.823,9.23,ether,ether,2,2048
smiles:CCCCOCCCC,CCCCOCCCC,DURPTKYDGMDSBL-UHFFFAOYSA-N,二丁醚,C8H18O,CCCCOCCCC,Binary only,61,61,0,2,canonical_smiles,True,0,0,1,1,10.692867279052734,7.526896953582764,projected,130.231,2.603200000000001,9.23,ether,ether,2,2048
smiles:CCCCOCCO,CCCCOCCO,POAOYUHQDCAZBD-UHFFFAOYSA-N,2-丁氧基乙醇,C6H14O2,CCCCOCCO,Binary only,15,15,0,1,canonical_smiles,True,0,0,1,1,10.853083610534668,7.898150444030762,projected,118.17599999999999,0.7953999999999999,29.46,alcohol,alcohol;ether,2,2048
smiles:CCCCS,CCCCS,WQAQPCDUOCURKW-UHFFFAOYSA-N,1-丁硫醇,C4H10S,CCCCS,Binary only,28,28,0,2,canonical_smiles,True,0,0,1,1,13.749133110046387,7.374453067779541,projected,90.19099999999999,1.7163,0.0,sulfur-containing,sulfur-containing,2,2048
smiles:CCCCc1ccccc1,CCCCc1ccccc1,OCKPCBLVNKHBMX-UHFFFAOYSA-N,正丁苯,C10H14,CCCCC1=CC=CC=C1,Binary only,34,34,0,2,canonical_smiles,True,0,0,1,1,14.868876457214355,1.8542821407318115,projected,134.22199999999998,3.0292000000000012,0.0,aromatic,aromatic,2,2048
smiles:CCCCl,CCCCl,SNMVRZFUUCLYTO-UHFFFAOYSA-N,1-氯丙烷,C3H7Cl,CCCCl,Binary only,143,143,0,5,canonical_smiles,True,0,0,1,1,14.110595703125,7.091553688049316,projected,78.542,1.6352,0.0,halogenated,halogenated,2,2048
smiles:CCCO,CCCO,BDERNNFJNOPAEC-UHFFFAOYSA-N,1-丙醇,C3H8O,CCCO,Shared,922,751,171,29,canonical_smiles,True,0,0,1,1,11.749700546264648,8.163325309753418,projected,60.096,0.3887,20.23,alcohol,alcohol,2,2048
smiles:CCCOC(C)=O,CCCOC(C)=O,YKYONYBAUNKHLG-UHFFFAOYSA-N,乙酸正丙酯,C5H10O2,CCCOC(=O)C,Shared,655,593,62,14,canonical_smiles,True,0,0,1,1,8.569026947021484,6.313209056854248,projected,102.13299999999998,0.9595,26.3,ester,ester;ether,2,2048
smiles:CCCOC=O,CCCOC=O,KFNNIILCVOLYIR-UHFFFAOYSA-N,甲酸正丙酯,C4H8O2,CCCOC=O,Binary only,137,137,0,5,canonical_smiles,True,0,0,1,1,10.613237380981445,6.828564167022705,projected,88.10599999999998,0.5694,26.3,ester,ester;ether,2,2048
smiles:CCCOCCC,CCCOCCC,POLCUAVZOMRGSN-UHFFFAOYSA-N,二丙醚,C6H14O,CCCOCCC,Shared,167,85,82,5,canonical_smiles,True,0,0,1,1,10.417313575744629,7.630218982696533,projected,102.17699999999999,1.823,9.23,ether,ether,2,2048
smiles:CCCOCCO,CCCOCCO,YEYKMVJDLWJFOA-UHFFFAOYSA-N,2-丙氧基乙醇,C5H12O2,CCCOCCO,Binary only,78,78,0,2,canonical_smiles,True,0,0,1,1,10.741476058959961,7.910370349884033,projected,104.14899999999999,0.40530000000000005,29.46,alcohol,alcohol;ether,2,2048
smiles:CCCOCOC,CCCOCOC,XDEBEEKYERBCBM-UHFFFAOYSA-N,1-(甲氧基甲氧基)丙烷,C5H12O2,CCCOCOC,Binary only,56,56,0,2,canonical_smiles,True,0,0,1,1,9.9942045211792,7.554391860961914,projected,104.14899999999999,1.0169000000000001,18.46,ether,ether,2,2048
smiles:CCCOCOCC,CCCOCOCC,SWQFQRIECLCLQG-UHFFFAOYSA-N,1-(乙氧基甲氧基)丙烷,C6H14O2,CCCOCOCC,Binary only,49,49,0,2,canonical_smiles,True,0,0,1,1,10.236205101013184,7.611896514892578,projected,118.17599999999999,1.407,18.46,ether,ether,2,2048
smiles:CCF,CCF,UHCBBWUQDAVSMS-UHFFFAOYSA-N,氟乙烷,C2H5F,CCF,Binary only,408,408,0,5,canonical_smiles,True,0,0,1,1,12.448686599731445,7.160989761352539,projected,48.06,0.9758,0.0,halogenated,halogenated,2,2048
smiles:CCI,CCI,HVTICUPFWKNHNG-UHFFFAOYSA-N,碘乙烷,C2H5I,CCI,Binary only,49,49,0,3,canonical_smiles,True,0,0,1,1,12.616257667541504,7.221014499664307,projected,155.966,1.4413,0.0,halogenated,halogenated,2,2048
smiles:CCN(CC)CCCO,CCN(CC)CCCO,WKCYFSZDBICRKL-UHFFFAOYSA-N,3-二乙氨基-1-丙醇,C7H17NO,CCN(CC)CCCO,Binary only,44,44,0,1,canonical_smiles,True,0,0,1,1,11.732796669006348,8.741087913513184,projected,131.21900000000002,0.7105999999999999,23.47,alcohol,alcohol;amine,2,2048
smiles:CCO,CCO,LFQSCWFLJHTTHZ-UHFFFAOYSA-N,乙醇,C2H6O,CCO,Shared,2717,1442,1275,64,canonical_smiles,True,0,0,1,1,12.012288093566895,7.7307939529418945,projected,46.069,-0.0014000000000000123,20.23,alcohol,alcohol,2,2048
smiles:CCOC(=O)C(C)C,CCOC(=O)C(C)C,WDAXFOBOLVPGLV-UHFFFAOYSA-N,2-甲基丙酸乙酯,C6H12O2,CCOC(=O)C(C)C,Binary only,142,142,0,2,canonical_smiles,True,0,0,1,1,8.155159950256348,6.039242267608643,projected,116.15999999999998,1.2055,26.3,ester,ester;ether,2,2048
smiles:CCOC(=O)C(C)CC,CCOC(=O)C(C)CC,HCRBXQFHJMCTLF-UHFFFAOYSA-N,2-甲基丁酸乙酯,C7H14O2,CCC(C)C(=O)OCC,Binary only,19,19,0,1,canonical_smiles,True,0,0,1,1,8.19667911529541,6.122162818908691,projected,130.18699999999998,1.5956000000000001,26.3,ester,ester;ether,2,2048
smiles:CCOC(=O)C(F)(F)F,CCOC(=O)C(F)(F)F,STSCVKRWJPWALQ-UHFFFAOYSA-N,三氟乙酸乙酯,C4H5F3O2,CCOC(=O)C(F)(F)F,Binary only,32,32,0,1,canonical_smiles,True,0,0,1,1,8.055954933166504,5.861040115356445,projected,142.076,1.1118000000000001,26.3,ester,ester;ether;halogenated,2,2048
smiles:CCOC(=O)CC,CCOC(=O)CC,FKRCODPIKNYEAC-UHFFFAOYSA-N,丙酸乙酯,C5H10O2,CCC(=O)OCC,Shared,510,146,364,9,canonical_smiles,True,0,0,1,1,7.894657135009766,6.274195671081543,projected,102.133,0.9595,26.3,ester,ester;ether,2,2048
smiles:CCOC(=O)OCC,CCOC(=O)OCC,OIFBSDVPJOWBCH-UHFFFAOYSA-N,碳酸二乙酯,C5H10O3,CCOC(=O)OCC,Shared,285,241,44,10,canonical_smiles,True,0,0,1,1,8.172455787658691,6.067382335662842,projected,118.13199999999999,1.1794,35.53,ester,ester;ether,2,2048
smiles:CCOC(=O)[C@H](C)O,CCOC(=O)[C@H](C)O,LZCLXQDLBQLTDK-BYPYZUCNSA-N,(S)-(-)-乳酸乙酯,C5H10O3,CCOC(=O)[C@H](C)O,Binary only,36,36,0,1,canonical_smiles,True,0,0,1,1,8.107743263244629,6.126582622528076,projected,118.13199999999998,-0.06970000000000004,46.53,ester,ester;alcohol;ether,2,2048
smiles:CCOC(C)(C)C,CCOC(C)(C)C,NUMQCACRALPSHD-UHFFFAOYSA-N,2-乙氧基-2-甲基丙烷,C6H14O,CCOC(C)(C)C,Binary only,126,126,0,3,canonical_smiles,True,0,0,1,1,9.831799507141113,6.841681003570557,projected,102.17699999999999,1.8214000000000001,9.23,ether,ether,2,2048
smiles:CCOC(C)(C)CC,CCOC(C)(C)CC,KFRVYYGHSPLXSZ-UHFFFAOYSA-N,"乙基-1,1-二甲基丙基醚",C7H16O,CCC(C)(C)OCC,Shared,245,52,193,4,canonical_smiles,True,0,0,1,1,9.631067276000977,6.887181282043457,projected,116.204,2.2115,9.23,ether,ether,2,2048
smiles:CCOC(C)=O,CCOC(C)=O,XEKOWRVHYACXOJ-UHFFFAOYSA-N,乙酸乙酯,C4H8O2,CCOC(=O)C,Shared,509,287,222,18,canonical_smiles,True,0,0,1,1,8.49787425994873,6.1737565994262695,projected,88.106,0.5694,26.3,ester,ester;ether,2,2048
smiles:CCOC=O,CCOC=O,WBJINCZRORDGAQ-UHFFFAOYSA-N,甲酸乙酯,C3H6O2,CCOC=O,Binary only,134,134,0,5,canonical_smiles,True,0,0,1,1,10.493203163146973,6.721841812133789,projected,74.07900000000001,0.17930000000000001,26.3,ester,ester;ether,2,2048
smiles:CCOCC(C)O,CCOCC(C)O,JOLQKTGDSGKSKJ-UHFFFAOYSA-N,1-乙氧基-2-丙醇,C5H12O2,CCOCC(C)O,Binary only,56,56,0,3,canonical_smiles,True,0,0,1,1,10.584331512451172,5.048769474029541,projected,104.14899999999999,0.4037,29.46,alcohol,alcohol;ether,2,2048
smiles:CCOCCO,CCOCCO,ZNQVEEAIQZEUHB-UHFFFAOYSA-N,2-乙氧基乙醇,C4H10O2,CCOCCO,Shared,334,155,179,7,canonical_smiles,True,0,0,1,1,10.768937110900879,7.942554473876953,projected,90.122,0.015200000000000047,29.46,alcohol,alcohol;ether,2,2048
smiles:CCSCC,CCSCC,LJSQFQKUNVCTIA-UHFFFAOYSA-N,3-硫杂戊烷,C4H10S,CCSCC,Binary only,279,279,0,11,canonical_smiles,True,0,0,1,1,12.656793594360352,7.096742153167725,projected,90.191,1.7593999999999999,0.0,sulfur-containing,sulfur-containing,2,2048
smiles:CCSSCC,CCSSCC,CETBSQOFQKLHHZ-UHFFFAOYSA-N,"3,4-二硫杂己烷",C4H10S2,CCSSCC,Binary only,10,10,0,1,canonical_smiles,True,0,0,1,1,12.680577278137207,7.2970733642578125,projected,122.258,2.4076000000000004,0.0,sulfur-containing,sulfur-containing,2,2048
smiles:CC[N+](=O)[O-],CC[N+](=O)[O-],MCSAJNNLRCFZED-UHFFFAOYSA-N,硝基乙烷,C2H5NO2,CC[N+](=O)[O-],Binary only,170,170,0,4,canonical_smiles,True,0,0,1,1,11.452568054199219,6.746895790100098,projected,75.067,0.2829999999999999,43.14,amine,amine,2,2048
smiles:CCc1ccc(C)cc1,CCc1ccc(C)cc1,JRLPEMVDPFPYPJ-UHFFFAOYSA-N,1-乙基-4-甲基苯,C9H12,CCC1=CC=C(C=C1)C,Binary only,15,15,0,1,canonical_smiles,True,0,0,1,1,15.088277816772461,2.122818946838379,projected,120.19499999999996,2.5574200000000005,0.0,aromatic,aromatic,2,2048
smiles:CCc1cccc(C)c1,CCc1cccc(C)c1,ZLCSFXXPPANWQY-UHFFFAOYSA-N,1-乙基-3-甲基苯,C9H12,CCC1=CC=CC(=C1)C,Binary only,16,16,0,1,canonical_smiles,True,0,0,1,1,15.032539367675781,1.9584418535232544,projected,120.19499999999996,2.5574200000000005,0.0,aromatic,aromatic,2,2048
smiles:CCc1ccccc1,CCc1ccccc1,YNQLUTRBYVCPMQ-UHFFFAOYSA-N,乙苯,C8H10,CCC1=CC=CC=C1,Binary only,39,39,0,3,canonical_smiles,True,0,0,1,1,15.0082368850708,1.5551352500915527,projected,106.16799999999996,2.2490000000000006,0.0,aromatic,aromatic,2,2048
smiles:CCc1cccs1,CCc1cccs1,JCCCMAAJYSNBPR-UHFFFAOYSA-N,2-乙基噻吩,C6H8S,CCC1=CC=CS1,Binary only,56,56,0,3,canonical_smiles,True,0,0,1,1,14.743766784667969,1.80775785446167,projected,112.19699999999997,2.3105,0.0,sulfur-containing,sulfur-containing;aromatic,2,2048
smiles:CN(C)C=O,CN(C)C=O,ZMXDDKWLCZADIW-UHFFFAOYSA-N,"N,N-二甲基甲酰胺",C3H7NO,CN(C)C=O,Shared,267,193,74,13,canonical_smiles,True,0,0,1,1,10.24233341217041,6.328150272369385,projected,73.095,-0.2956000000000001,20.310000000000002,amide,amide,2,2048
smiles:CN(C)CCCO,CN(C)CCCO,PYSGFFTXMUWEOT-UHFFFAOYSA-N,3-二甲氨基-1-丙醇,C5H13NO,CN(C)CCCO,Binary only,43,43,0,1,canonical_smiles,True,0,0,1,1,11.729521751403809,8.825963973999023,projected,103.16499999999999,-0.06960000000000005,23.47,alcohol,alcohol;amine,2,2048
smiles:CN1CCCC1=O,CN1CCCC1=O,SECXISVLQFMRJM-UHFFFAOYSA-N,N-甲基吡咯烷酮,C5H9NO,CN1CCCC1=O,Shared,158,122,36,10,canonical_smiles,True,0,0,1,1,16.54091453552246,3.5054519176483154,projected,99.133,0.23859999999999992,20.310000000000002,amide,amide,2,2048
smiles:CN1CCC[C@H]1c1cccnc1,CN1CCC[C@H]1c1cccnc1,SNICXCGAKADSCV-JTQLQIEISA-N,(-)-3-(N-甲基吡咯烷基)吡啶,C10H14N2,CN1CCC[C@H]1C2=CN=CC=C2,Shared,14,5,9,2,canonical_smiles,True,0,0,1,1,15.719517707824707,2.8972949981689453,projected,162.236,1.8483,16.130000000000003,amine,amine;aromatic,2,2048
smiles:CNC(C)=O,CNC(C)=O,OHLUUHNLEMFGTQ-UHFFFAOYSA-N,N-甲基乙酰胺,C3H7NO,CC(=O)NC,Shared,44,29,15,2,canonical_smiles,True,0,0,1,1,9.603083610534668,5.73386812210083,projected,73.095,-0.24770000000000003,29.1,amide,amide,2,2048
smiles:CNC=O,CNC=O,ATHHXGZTWNVVOU-UHFFFAOYSA-N,N-甲基甲酰胺,C2H5NO,CNC=O,Binary only,36,36,0,2,canonical_smiles,True,0,0,1,1,10.389200210571289,6.23395299911499,projected,59.068000000000005,-0.6378000000000001,29.1,amide,amide,2,2048
smiles:CO,CO,OKKJLVBELUTLKV-UHFFFAOYSA-N,甲醇,CH4O,CO,Shared,2159,1054,1105,53,canonical_smiles;name_formula_linked_to_smiles,True,1105,0,1,1,10.213095664978027,5.13684606552124,projected,32.042,-0.3915,20.23,alcohol,alcohol,2,2048
smiles:COC,COC,LCGLNKUTAGEVQW-UHFFFAOYSA-N,dimethyl ether,C2H6O,COC,Binary only,352,352,0,6,canonical_smiles,True,0,0,1,1,9.908370971679688,6.985286712646484,projected,46.069,0.26260000000000006,9.23,ether,ether,2,2048
smiles:COC(=O)CCC(=O)OC,COC(=O)CCC(=O)OC,MUXOBHXGJLMRAB-UHFFFAOYSA-N,丁二酸二甲酯,C6H10O4,COC(=O)CCC(=O)OC,Binary only,90,90,0,2,canonical_smiles,True,0,0,1,1,7.274668216705322,6.38787841796875,projected,146.142,0.11259999999999981,52.60000000000001,ester,ester;ether,2,2048
smiles:COC(=O)CCCC(=O)OC,COC(=O)CCCC(=O)OC,XTDYIOOONNVFMA-UHFFFAOYSA-N,戊二酸二甲酯,C7H12O4,COC(=O)CCCC(=O)OC,Binary only,105,105,0,2,canonical_smiles,True,0,0,1,1,7.123916149139404,6.3231520652771,projected,160.169,0.5026999999999999,52.60000000000001,ester,ester;ether,2,2048
smiles:COC(=O)CCCCC(=O)OC,COC(=O)CCCCC(=O)OC,UDSFAEKRVUSQDD-UHFFFAOYSA-N,己二酸二甲酯,C8H14O4,COC(=O)CCCCC(=O)OC,Binary only,105,105,0,2,canonical_smiles,True,0,0,1,1,6.884521484375,6.29904317855835,projected,174.196,0.8927999999999998,52.60000000000001,ester,ester;ether,2,2048
smiles:COC(=O)OC,COC(=O)OC,IEJIGPNLZYLLBP-UHFFFAOYSA-N,碳酸二甲酯,C3H6O3,COC(=O)OC,Shared,660,298,362,16,canonical_smiles,True,0,0,1,1,9.188942909240723,5.822118759155273,projected,90.078,0.3992,35.53,ester,ester;ether,2,2048
smiles:COC(=O)Oc1ccccc1,COC(=O)Oc1ccccc1,XTBFPVLHGVYOQH-UHFFFAOYSA-N,碳酸甲酯苯酯,C8H8O3,COC(=O)OC1=CC=CC=C1,Binary only,44,44,0,2,canonical_smiles,True,0,0,1,1,15.455642700195312,1.5208234786987305,projected,152.149,1.8317999999999999,35.53,ester,ester;ether;aromatic,2,2048
smiles:COC(C)(C)C,COC(C)(C)C,BZLVMXJERCGZMT-UHFFFAOYSA-N,2-甲氧基-2-甲基丙烷,C5H12O,CC(C)(C)OC,Shared,163,111,52,5,canonical_smiles,True,0,0,1,1,9.746114730834961,6.812597751617432,projected,88.14999999999999,1.4313,9.23,ether,ether,2,2048
smiles:COC(C)=O,COC(C)=O,KXKVLQRXCPHEJC-UHFFFAOYSA-N,乙酸甲酯,C3H6O2,CC(=O)OC,Shared,184,102,82,9,canonical_smiles,True,0,0,1,1,9.285651206970215,5.875643253326416,projected,74.079,0.17930000000000001,26.3,ester,ester;ether,2,2048
smiles:COC=O,COC=O,TZIHFWKZFHZASV-UHFFFAOYSA-N,甲酸甲酯,C2H4O2,COC=O,Binary only,154,154,0,6,canonical_smiles,True,0,0,1,1,10.333656311035156,6.5093560218811035,projected,60.05200000000001,-0.2108000000000001,26.3,ester,ester;ether,2,2048
smiles:COCC(C)O,COCC(C)O,ARXJGSRGQADJSQ-UHFFFAOYSA-N,1-甲氧基-2-丙醇,C4H10O2,CC(COC)O,Binary only,121,121,0,3,canonical_smiles,True,0,0,1,1,10.356561660766602,5.418231010437012,projected,90.122,0.013600000000000112,29.46,alcohol,alcohol;ether,2,2048
smiles:COCC(C)OC(C)=O,COCC(C)OC(C)=O,LLHKCFNBLRBOGN-UHFFFAOYSA-N,1-甲氧基-2-丙醇乙酸酯,C6H12O3,CC(COC)OC(=O)C,Binary only,56,56,0,1,canonical_smiles,True,0,0,1,1,8.971331596374512,6.110430717468262,projected,132.159,0.5844,35.53,ester,ester;ether,2,2048
smiles:COCCO,COCCO,XNWFRZJHXBZDAG-UHFFFAOYSA-N,2-甲氧基乙醇,C3H8O2,COCCO,Shared,233,215,18,10,canonical_smiles,True,0,0,1,1,10.473816871643066,7.893880844116211,projected,76.095,-0.37489999999999996,29.46,alcohol,alcohol;ether,2,2048
smiles:COCCOC,COCCOC,XTHFKEDIFFGKHM-UHFFFAOYSA-N,"1,2-二甲氧基乙烷",C4H10O2,COCCOC,Binary only,32,32,0,1,canonical_smiles,True,0,0,1,1,9.87117862701416,7.314517021179199,projected,90.122,0.2792,18.46,ether,ether,2,2048
smiles:COCOC,COCOC,NKDDWNXOKDWJAK-UHFFFAOYSA-N,二甲氧基甲烷,C3H8O2,COCOC,Shared,65,41,24,4,canonical_smiles,True,0,0,1,1,9.79793643951416,7.33827018737793,projected,76.095,0.23670000000000002,18.46,ether,ether,2,2048
smiles:COCOCC(C)C,COCOCC(C)C,FFXUOVPOFHKUKL-UHFFFAOYSA-N,1-(甲氧基甲氧基)-2-甲基丙烷,C6H14O2,CC(C)COCOC,Binary only,47,47,0,2,canonical_smiles,True,0,0,1,1,9.594696044921875,7.283664226531982,projected,118.17599999999999,1.2629000000000001,18.46,ether,ether,2,2048
smiles:COCOCOC,COCOCOC,NSPJNIDYTSSIIY-UHFFFAOYSA-N,"2,4,6-三氧杂庚烷",C4H10O3,COCOCOC,Binary only,27,27,0,1,canonical_smiles,True,0,0,1,1,9.777533531188965,7.474356174468994,projected,106.121,0.2108000000000001,27.69,ether,ether,2,2048
smiles:COCOCOCOC,COCOCOCOC,NYENPQBYHWPGNG-UHFFFAOYSA-N,"2,4,6,8-四氧杂壬烷",C5H12O4,COCOCOCOC,Binary only,20,20,0,1,canonical_smiles,True,0,0,1,1,9.779062271118164,7.475058078765869,projected,136.147,0.18490000000000006,36.92,ether,ether,2,2048
smiles:CON=C(C)C,CON=C(C)C,QMOLZSLXSAVSPU-UHFFFAOYSA-N,丙酮 O-甲基肟,C4H9NO,CC(=NOC)C,Binary only,29,29,0,1,canonical_smiles,True,0,0,1,1,9.245780944824219,6.050010681152344,projected,87.12199999999999,1.0286,21.59,other,other,2,2048
smiles:COc1ccccc1,COc1ccccc1,RDOXTESZEPMUJZ-UHFFFAOYSA-N,苯甲醚,C7H8O,COC1=CC=CC=C1,Binary only,60,60,0,4,canonical_smiles,True,0,0,1,1,15.350647926330566,1.5117038488388062,projected,108.13999999999997,1.6952,9.23,ether,ether;aromatic,2,2048
smiles:COc1ccccc1O,COc1ccccc1O,LHGVFZTZFXWLCP-UHFFFAOYSA-N,愈创木酚,C7H8O2,COC1=CC=CC=C1O,Binary only,30,30,0,2,canonical_smiles,True,0,0,1,1,15.39845085144043,1.7465776205062866,projected,124.13899999999997,1.4008,29.46,alcohol,alcohol;ether;aromatic,2,2048
smiles:CS(C)=O,CS(C)=O,IAZDPXIOMUYVGZ-UHFFFAOYSA-N,二甲基亚砜,C2H6OS,CS(=O)C,Shared,335,235,100,17,canonical_smiles,True,0,0,1,1,9.912325859069824,5.808807373046875,projected,78.136,-0.005299999999999971,17.07,sulfur-containing,sulfur-containing,2,2048
smiles:CSC,CSC,QMMFVYPAHWMCMS-UHFFFAOYSA-N,2-硫杂丙烷,C2H6S,CSC,Binary only,93,93,0,4,canonical_smiles,True,0,0,1,1,11.054317474365234,5.677230358123779,projected,62.137,0.9792,0.0,sulfur-containing,sulfur-containing,2,2048
smiles:CSSC,CSSC,WQOXQRCZOLPYPM-UHFFFAOYSA-N,"2,3-二硫杂丁烷",C2H6S2,CSSC,Binary only,36,36,0,3,canonical_smiles,True,0,0,1,1,11.047616958618164,5.709535598754883,projected,94.20400000000001,1.6274,0.0,sulfur-containing,sulfur-containing,2,2048
smiles:C[N+](=O)[O-],C[N+](=O)[O-],LYGJENNIWJXYER-UHFFFAOYSA-N,硝基甲烷,CH3NO2,C[N+](=O)[O-],Binary only,87,87,0,2,canonical_smiles,True,0,0,1,1,10.333207130432129,6.0336127281188965,projected,61.040000000000006,-0.10710000000000008,43.14,amine,amine,2,2048
smiles:Cc1cc(C)cc(C)c1,Cc1cc(C)cc(C)c1,AUHZEENZYGFFBQ-UHFFFAOYSA-N,"1,3,5-三甲苯",C9H12,CC1=CC(=CC(=C1)C)C,Binary only,21,21,0,1,canonical_smiles,True,0,0,1,1,15.005974769592285,2.638737201690674,projected,120.19499999999998,2.611860000000001,0.0,aromatic,aromatic,2,2048
smiles:Cc1ccc(C(C)C)cc1,Cc1ccc(C(C)C)cc1,HFPZCAJZSCWRBC-UHFFFAOYSA-N,对异丙基甲苯,C10H14,CC1=CC=C(C=C1)C(C)C,Shared,160,80,80,6,canonical_smiles,True,0,0,1,1,15.157472610473633,2.3127059936523438,projected,134.222,3.1184200000000013,0.0,aromatic,aromatic,2,2048
smiles:Cc1ccc(C)c(C)c1,Cc1ccc(C)c(C)c1,GWHJZXXIDMPWGX-UHFFFAOYSA-N,"1,2,4-三甲苯",C9H12,CC1=CC(=C(C=C1)C)C,Binary only,111,111,0,6,canonical_smiles,True,0,0,1,1,15.141368865966797,2.3353044986724854,projected,120.195,2.611860000000001,0.0,aromatic,aromatic,2,2048
smiles:Cc1ccc(C)cc1,Cc1ccc(C)cc1,URLKBWYHVLBVBO-UHFFFAOYSA-N,对二甲苯,C8H10,CC1=CC=C(C=C1)C,Shared,207,132,75,10,canonical_smiles,True,0,0,1,1,15.12052059173584,2.3454349040985107,projected,106.16799999999999,2.30344,0.0,aromatic,aromatic,2,2048
smiles:Cc1ccc(C)o1,Cc1ccc(C)o1,GSNUFIFRDBKVIE-UHFFFAOYSA-N,"2,5-二甲基呋喃",C6H8O,CC1=CC=C(O1)C,Binary only,58,58,0,1,canonical_smiles,True,0,0,1,1,14.973001480102539,2.4676527976989746,projected,96.129,1.89644,13.14,aromatic,aromatic,2,2048
smiles:Cc1ccc(C)s1,Cc1ccc(C)s1,GWQOOADXMVQEFT-UHFFFAOYSA-N,"2,5-二甲基噻吩",C6H8S,CC1=CC=C(S1)C,Binary only,17,17,0,1,canonical_smiles,True,0,0,1,1,15.159842491149902,2.4013850688934326,projected,112.197,2.3649400000000007,0.0,sulfur-containing,sulfur-containing;aromatic,2,2048
smiles:Cc1ccc(O)cc1,Cc1ccc(O)cc1,IWDCLRJOBJJRNH-UHFFFAOYSA-N,对甲酚,C7H8O,CC1=CC=C(C=C1)O,Binary only,15,15,0,1,canonical_smiles,True,0,0,1,1,14.953150749206543,2.459381341934204,projected,108.13999999999999,1.7006199999999998,20.23,alcohol,alcohol;aromatic,2,2048
smiles:Cc1cccc(C)c1,Cc1cccc(C)c1,IVSZLXZYQVIEFR-UHFFFAOYSA-N,间二甲苯,C8H10,CC1=CC(=CC=C1)C,Binary only,58,58,0,4,canonical_smiles,True,0,0,1,1,15.078493118286133,2.2513465881347656,projected,106.16799999999999,2.30344,0.0,aromatic,aromatic,2,2048
smiles:Cc1cccc(C)c1O,Cc1cccc(C)c1O,NXXYKOUNUYWIHA-UHFFFAOYSA-N,"2,6-二甲酚",C8H10O,CC1=C(C(=CC=C1)C)O,Binary only,22,22,0,2,canonical_smiles,True,0,0,1,1,15.392959594726562,2.044828176498413,projected,122.16699999999999,2.00904,20.23,alcohol,alcohol;aromatic,2,2048
smiles:Cc1cccc(C)n1,Cc1cccc(C)n1,OISVCGZHLKNMSJ-UHFFFAOYSA-N,"2,6-二甲基吡啶",C7H9N,CC1=NC(=CC=C1)C,Binary only,48,48,0,1,canonical_smiles,True,0,0,1,1,15.277273178100586,2.2244150638580322,projected,107.156,1.69844,12.89,aromatic,aromatic,2,2048
smiles:Cc1cccc(O)c1,Cc1cccc(O)c1,RLSSMJSEOOYNOY-UHFFFAOYSA-N,间甲酚,C7H8O,CC1=CC(=CC=C1)O,Binary only,37,37,0,3,canonical_smiles,True,0,0,1,1,15.121891021728516,2.0464415550231934,projected,108.13999999999999,1.7006199999999998,20.23,alcohol,alcohol;aromatic,2,2048
smiles:Cc1ccccc1,Cc1ccccc1,YXFVVABEGXRONW-UHFFFAOYSA-N,甲苯,C7H8,CC1=CC=CC=C1,Shared,609,510,99,22,canonical_smiles,True,0,0,1,1,15.151260375976562,1.6585683822631836,projected,92.14099999999999,1.99502,0.0,aromatic,aromatic,2,2048
smiles:Cc1ccccc1C,Cc1ccccc1C,CTQNGGLPUBDAKN-UHFFFAOYSA-N,邻二甲苯,C8H10,CC1=CC=CC=C1C,Binary only,130,130,0,8,canonical_smiles,True,0,0,1,1,15.468911170959473,2.106509208679199,projected,106.16799999999999,2.30344,0.0,aromatic,aromatic,2,2048
smiles:Cc1ccccc1O,Cc1ccccc1O,QWVGKYWNOKOFNN-UHFFFAOYSA-N,邻甲酚,C7H8O,CC1=CC=CC=C1O,Binary only,22,22,0,2,canonical_smiles,True,0,0,1,1,15.494695663452148,1.925992488861084,projected,108.13999999999999,1.70062,20.23,alcohol,alcohol;aromatic,2,2048
smiles:Cc1ccco1,Cc1ccco1,VQKFNUFAXTZWDK-UHFFFAOYSA-N,2-甲基呋喃,C5H6O,CC1=CC=CO1,Binary only,30,30,0,1,canonical_smiles,True,0,0,1,1,14.403616905212402,1.9128680229187012,projected,82.102,1.58802,13.14,aromatic,aromatic,2,2048
smiles:Cc1ccsc1,Cc1ccsc1,QENGPZGAWFQWCZ-UHFFFAOYSA-N,3-甲基噻吩,C5H6S,CC1=CSC=C1,Binary only,139,139,0,8,canonical_smiles,True,0,0,1,1,14.895180702209473,2.292973756790161,projected,98.17,2.05652,0.0,sulfur-containing,sulfur-containing;aromatic,2,2048
smiles:Cc1cncc(C)c1,Cc1cncc(C)c1,HWWYDZCSSYKIAD-UHFFFAOYSA-N,"3,5-二甲基吡啶",C7H9N,CC1=CC(=CN=C1)C,Binary only,56,56,0,1,canonical_smiles,True,0,0,1,1,15.108470916748047,2.604813814163208,projected,107.15599999999998,1.69844,12.89,aromatic,aromatic,2,2048
smiles:Cc1cnccn1,Cc1cnccn1,CAWHJQAVHZEVTJ-UHFFFAOYSA-N,2-甲基吡嗪,C5H6N2,CC1=NC=CN=C1,Binary only,199,199,0,3,canonical_smiles,True,0,0,1,1,15.367525100708008,2.6561267375946045,projected,94.11699999999999,0.7850199999999998,25.78,aromatic,aromatic,2,2048
smiles:ClC(Cl)(Cl)Br,ClC(Cl)(Cl)Br,XNNQFQFUQLJSQT-UHFFFAOYSA-N,三氯溴甲烷,CBrCl3,C(Cl)(Cl)(Cl)Br,Binary only,51,51,0,3,canonical_smiles,True,0,0,1,1,9.12741470336914,3.6669933795928955,projected,198.274,2.709,0.0,halogenated,halogenated,2,2048
smiles:ClC(Cl)C(Cl)Cl,ClC(Cl)C(Cl)Cl,QPFMBZIOSGYJDE-UHFFFAOYSA-N,"1,1,2,2-四氯乙烷",C2H2Cl4,C(C(Cl)Cl)(Cl)Cl,Binary only,102,102,0,3,canonical_smiles,True,0,0,1,1,9.894959449768066,3.008047342300415,projected,167.85,2.5938,0.0,halogenated,halogenated,2,2048
smiles:ClC(Cl)Cl,ClC(Cl)Cl,HEDRZPFGACZZDS-UHFFFAOYSA-N,氯仿,CHCl3,C(Cl)(Cl)Cl,Shared,131,101,30,8,canonical_smiles,True,0,0,1,1,9.952998161315918,2.9684691429138184,projected,119.37800000000001,1.9864,0.0,halogenated,halogenated,2,2048
smiles:ClCBr,ClCBr,JPOXNPPZZKNXOV-UHFFFAOYSA-N,溴氯甲烷,CH2BrCl,C(Cl)Br,Binary only,52,52,0,3,canonical_smiles,True,0,0,1,1,14.42595386505127,6.6816840171813965,projected,129.384,1.5776,0.0,halogenated,halogenated,2,2048
smiles:ClCC1CO1,ClCC1CO1,BRLQWZUYTZBJKN-UHFFFAOYSA-N,"3-氯-1,2-环氧丙烷",C3H5ClO,C1C(O1)CCl,Binary only,79,79,0,2,canonical_smiles,True,0,0,1,1,14.60954761505127,6.893916130065918,projected,92.525,0.624,12.53,ether,ether;halogenated,2,2048
smiles:ClCCBr,ClCCBr,IBYHHJPAARCAIE-UHFFFAOYSA-N,1-溴-2-氯乙烷,C2H4BrCl,C(CBr)Cl,Binary only,18,18,0,1,canonical_smiles,True,0,0,1,1,14.425955772399902,6.70695161819458,projected,143.411,1.6200999999999999,0.0,halogenated,halogenated,2,2048
smiles:ClCCCCCl,ClCCCCCl,KJDRSWPQXHESDQ-UHFFFAOYSA-N,"1,4-二氯丁烷",C4H8Cl2,C(CCCl)CCl,Binary only,90,90,0,2,canonical_smiles,True,0,0,1,1,14.380735397338867,7.117214679718018,projected,127.01400000000001,2.2442,0.0,halogenated,halogenated,2,2048
smiles:ClCCCl,ClCCCl,WSLDOOZREJYCGB-UHFFFAOYSA-N,"1,2-二氯乙烷",C2H4Cl2,C(CCl)Cl,Binary only,114,114,0,6,canonical_smiles,True,0,0,1,1,14.543807029724121,6.781983852386475,projected,98.96000000000001,1.464,0.0,halogenated,halogenated,2,2048
smiles:Cl[SiH2]Cl,Cl[SiH2]Cl,MROCJMGDEKINLD-UHFFFAOYSA-N,二氯氢硅,Cl2H2Si,[SiH2](Cl)Cl,Binary only,58,58,0,2,canonical_smiles,True,0,0,1,1,10.116827964782715,2.8796777725219727,projected,101.00800000000001,0.46279999999999993,0.0,halogenated,halogenated,2,2048
smiles:Cl[SiH](Cl)Cl,Cl[SiH](Cl)Cl,ZDHXKXAHOVTTAH-UHFFFAOYSA-N,三氯氢硅,Cl3HSi,[SiH](Cl)(Cl)Cl,Binary only,79,79,0,2,canonical_smiles,True,0,0,1,1,10.184218406677246,2.8505382537841797,projected,135.453,1.42,0.0,halogenated,halogenated,2,2048
smiles:Cl[Si](Cl)(Cl)Cl,Cl[Si](Cl)(Cl)Cl,FDNAPBUWERUEDA-UHFFFAOYSA-N,四氯化硅,Cl4Si,[Si](Cl)(Cl)(Cl)Cl,Binary only,57,57,0,2,canonical_smiles,True,0,0,1,1,10.228093147277832,2.816499948501587,projected,169.898,2.3772,0.0,halogenated,halogenated,2,2048
smiles:Clc1ccccc1,Clc1ccccc1,MVPPADPHJFYWMZ-UHFFFAOYSA-N,氯苯,C6H5Cl,C1=CC=C(C=C1)Cl,Binary only,28,28,0,2,canonical_smiles,True,0,0,1,1,14.888700485229492,1.1149702072143555,projected,112.55899999999997,2.34,0.0,halogenated,halogenated;aromatic,2,2048
smiles:F/C=C/C(F)(F)F,F/C=C/C(F)(F)F,CDOOAUSHHFGWSA-OWOJBTEDSA-N,"反式-1,3,3,3-四氟丙烯",C3H2F4,C(=C/F)\C(F)(F)F,Binary only,306,306,0,5,canonical_smiles,True,0,0,1,1,8.513137817382812,2.561264753341675,projected,114.04100000000003,2.0319000000000003,0.0,halogenated,halogenated,2,2048
smiles:FC(C(F)(F)F)C(F)(F)F,FC(C(F)(F)F)C(F)(F)F,YFMFNYKEUDLDTL-UHFFFAOYSA-N,"1,1,1,2,3,3,3-七氟丙烷",C3HF7,C(C(F)(F)F)(C(F)(F)F)F,Binary only,203,203,0,4,canonical_smiles,True,0,0,1,1,9.151357650756836,2.6361589431762695,projected,170.027,2.4490999999999996,0.0,halogenated,halogenated,2,2048
smiles:FC(Cl)C(F)(F)F,FC(Cl)C(F)(F)F,BOUGCJDAQLKBQH-UHFFFAOYSA-N,"2-氯-1,1,1,2-四氟乙烷",C2HClF4,C(C(F)(F)F)(F)Cl,Binary only,22,22,0,1,canonical_smiles,True,0,0,1,1,9.4545259475708,2.742814064025879,projected,136.475,2.0831,0.0,halogenated,halogenated,2,2048
smiles:FC(F)(F)C(Cl)Cl,FC(F)(F)C(Cl)Cl,OHMHBGPWCHTMQE-UHFFFAOYSA-N,"1,1-二氯-2,2,2-三氟乙烷",C2HCl2F3,C(C(F)(F)F)(Cl)Cl,Binary only,18,18,0,1,canonical_smiles,True,0,0,1,1,9.480579376220703,2.8827409744262695,projected,152.93,2.3524000000000003,0.0,halogenated,halogenated,2,2048
smiles:FC(F)(F)C(F)(F)C(F)(F)C(F)(F)C(F)(F)C(F)(F)C(F)(F)C(F)(F)C(F)(F)F,FC(F)(F)C(F)(F)C(F)(F)C(F)(F)C(F)(F)C(F)(F)C(F)(F)C(F)(F)C(F)(F)F,UVWPNDVAQBNQBG-UHFFFAOYSA-N,全氟壬烷,C9F20,C(C(C(C(C(F)(F)F)(F)F)(F)F)(F)F)(C(C(C(C(F)(F)F)(F)F)(F)F)(F)F)(F)F,Binary only,57,57,0,1,canonical_smiles,True,0,0,1,1,8.10079288482666,2.3044185638427734,projected,488.05899999999997,6.558100000000003,0.0,halogenated,halogenated,2,2048
smiles:FC(F)(F)C(F)(F)C(F)(F)C(F)(F)C(F)(F)C(F)(F)C(F)(F)C(F)(F)F,FC(F)(F)C(F)(F)C(F)(F)C(F)(F)C(F)(F)C(F)(F)C(F)(F)C(F)(F)F,YVBBRRALBYAZBM-UHFFFAOYSA-N,全氟辛烷,C8F18,C(C(C(C(C(F)(F)F)(F)F)(F)F)(F)F)(C(C(C(F)(F)F)(F)F)(F)F)(F)F,Binary only,136,136,0,3,canonical_smiles,True,0,0,1,1,8.106327056884766,2.2195327281951904,projected,438.05199999999996,5.922800000000002,0.0,halogenated,halogenated,2,2048
smiles:FC(F)(F)C(F)(F)C(F)(F)C(F)(F)C(F)(F)C(F)(F)C(F)(F)F,FC(F)(F)C(F)(F)C(F)(F)C(F)(F)C(F)(F)C(F)(F)C(F)(F)F,LGUZHRODIJCVOC-UHFFFAOYSA-N,全氟庚烷,C7F16,C(C(C(C(F)(F)F)(F)F)(F)F)(C(C(C(F)(F)F)(F)F)(F)F)(F)F,Binary only,32,32,0,1,canonical_smiles,True,0,0,1,1,8.063815116882324,2.2865705490112305,projected,388.04499999999996,5.287500000000001,0.0,halogenated,halogenated,2,2048
smiles:FC(F)(F)C(F)(F)C(F)(F)C(F)(F)C(F)(F)C(F)(F)F,FC(F)(F)C(F)(F)C(F)(F)C(F)(F)C(F)(F)C(F)(F)F,ZJIJAJXFLBMLCK-UHFFFAOYSA-N,全氟己烷,C6F14,C(C(C(C(F)(F)F)(F)F)(F)F)(C(C(F)(F)F)(F)F)(F)F,Binary only,108,108,0,2,canonical_smiles,True,0,0,1,1,8.159914016723633,2.210113286972046,projected,338.03799999999995,4.652200000000001,0.0,halogenated,halogenated,2,2048
smiles:FC(F)(F)C(F)(F)C(F)(F)C(F)(F)F,FC(F)(F)C(F)(F)C(F)(F)C(F)(F)F,KAVGMUDTWQVPDF-UHFFFAOYSA-N,全氟丁烷,C4F10,C(C(C(F)(F)F)(F)F)(C(F)(F)F)(F)F,Binary only,298,298,0,5,canonical_smiles,True,0,0,1,1,8.076825141906738,2.327624797821045,projected,238.02399999999997,3.3815999999999997,0.0,halogenated,halogenated,2,2048
smiles:FC(F)(F)C(F)(F)C(F)(F)F,FC(F)(F)C(F)(F)C(F)(F)F,QYSGYZVSCZSLHT-UHFFFAOYSA-N,八氟丙烷,C3F8,C(C(F)(F)F)(C(F)(F)F)(F)F,Binary only,20,20,0,1,canonical_smiles,True,0,0,1,1,8.12503719329834,2.4159162044525146,projected,188.017,2.7462999999999997,0.0,halogenated,halogenated,2,2048
smiles:FC(F)(F)C(F)(F)F,FC(F)(F)C(F)(F)F,WMIYKQLTONQJES-UHFFFAOYSA-N,六氟乙烷,C2F6,C(C(F)(F)F)(F)(F)F,Binary only,304,304,0,7,canonical_smiles,True,0,0,1,1,8.21431827545166,2.5735557079315186,projected,138.01000000000002,2.1109999999999998,0.0,halogenated,halogenated,2,2048
smiles:FC(F)(F)C1(F)OC1(F)F,FC(F)(F)C1(F)OC1(F)F,PGFXOWRDDHCDTE-UHFFFAOYSA-N,"2,2,3-三氟-3-(三氟甲基)环氧乙烷",C3F6O,C1(C(O1)(F)F)(C(F)(F)F)F,Binary only,197,197,0,4,canonical_smiles,True,0,0,1,1,8.494768142700195,2.4864797592163086,projected,166.01999999999998,1.8375,12.53,ether,ether;halogenated,2,2048
smiles:FC(F)(F)F,FC(F)(F)F,TXEYQDLBPFQVAA-UHFFFAOYSA-N,四氟甲烷,CF4,C(F)(F)(F)F,Binary only,85,85,0,3,canonical_smiles,True,0,0,1,1,8.569438934326172,2.5359957218170166,projected,88.00300000000001,1.4756999999999998,0.0,halogenated,halogenated,2,2048
smiles:FC(F)(F)I,FC(F)(F)I,VPAYJEUHKVESSD-UHFFFAOYSA-N,三氟碘甲烷,CF3I,C(F)(F)(F)I,Binary only,223,223,0,6,canonical_smiles,True,0,0,1,1,8.347992897033691,2.3951869010925293,projected,195.909,1.9411999999999998,0.0,halogenated,halogenated,2,2048
smiles:FC(F)(F)c1ccccc1,FC(F)(F)c1ccccc1,GETTZEONDQJALK-UHFFFAOYSA-N,三氟甲苯,C7H5F3,C1=CC=C(C=C1)C(F)(F)F,Binary only,41,41,0,3,canonical_smiles,True,0,0,1,1,14.926729202270508,1.1335452795028687,projected,146.111,2.705400000000001,0.0,halogenated,halogenated;aromatic,2,2048
smiles:FC(F)=C(F)C(F)(F)F,FC(F)=C(F)C(F)(F)F,HCDGVLDPFQMKDK-UHFFFAOYSA-N,六氟丙烯,C3F6,C(=C(F)F)(C(F)(F)F)F,Binary only,267,267,0,6,canonical_smiles,True,0,0,1,1,8.130597114562988,2.881371021270752,projected,150.021,2.6263,0.0,halogenated,halogenated,2,2048
smiles:FC(F)C(F)(F)F,FC(F)C(F)(F)F,GTLACDSXYULKMZ-UHFFFAOYSA-N,五氟乙烷,C2HF5,C(C(F)(F)F)(F)F,Shared,334,290,44,8,canonical_smiles,True,0,0,1,1,9.231437683105469,2.5825397968292236,projected,120.02000000000001,1.8137999999999999,0.0,halogenated,halogenated,2,2048
smiles:FC(F)C(F)F,FC(F)C(F)F,WXGNWUVNYMJENI-UHFFFAOYSA-N,"1,1,2,2-四氟乙烷",C2H2F4,C(C(F)F)(F)F,Binary only,263,263,0,6,canonical_smiles,True,0,0,1,1,9.599923133850098,2.8905141353607178,projected,102.03,1.5166,0.0,halogenated,halogenated,2,2048
smiles:FC(F)CC(F)(F)F,FC(F)CC(F)(F)F,MSSNHSVIGIHOJA-UHFFFAOYSA-N,"1,1,1,3,3-五氟丙烷",C3H3F5,C(C(F)F)C(F)(F)F,Binary only,106,106,0,2,canonical_smiles,True,0,0,1,1,9.128950119018555,2.6109254360198975,projected,134.047,2.2039,0.0,halogenated,halogenated,2,2048
smiles:FC(F)Cl,FC(F)Cl,VOPWNXZWBYDODV-UHFFFAOYSA-N,氯二氟甲烷,CHClF2,C(F)(F)Cl,Binary only,98,98,0,2,canonical_smiles,True,0,0,1,1,9.697847366333008,2.8834760189056396,projected,86.468,1.4478,0.0,halogenated,halogenated,2,2048
smiles:FC(F)F,FC(F)F,XPDWGBQVDMORPB-UHFFFAOYSA-N,三氟甲烷,CHF3,C(F)(F)F,Binary only,529,529,0,9,canonical_smiles,True,0,0,1,1,9.547072410583496,2.8248815536499023,projected,70.013,1.1784999999999999,0.0,halogenated,halogenated,2,2048
smiles:FCC(F)(F)F,FCC(F)(F)F,LVGUZGTVOIAKKC-UHFFFAOYSA-N,"1,1,1,2-四氟乙烷",C2H2F4,C(C(F)(F)F)F,Shared,634,590,44,10,canonical_smiles,True,0,0,1,1,8.918791770935059,2.824270248413086,projected,102.03000000000002,1.5182000000000002,0.0,halogenated,halogenated,2,2048
smiles:FCF,FCF,RWRIWBAIICGTTQ-UHFFFAOYSA-N,二氟甲烷,CH2F2,C(F)F,Shared,713,649,64,9,canonical_smiles,True,0,0,1,1,9.179646492004395,3.2628366947174072,projected,52.022999999999996,0.8829,0.0,halogenated,halogenated,2,2048
smiles:Fc1ccccc1,Fc1ccccc1,PYLWMHQQBFSUBP-UHFFFAOYSA-N,氟苯,C6H5F,C1=CC=C(C=C1)F,Binary only,12,12,0,1,canonical_smiles,True,0,0,1,1,14.954377174377441,1.2310007810592651,projected,96.10399999999998,1.8256999999999999,0.0,halogenated,halogenated;aromatic,2,2048
smiles:N,N,QGZKDVFQNNGYKY-UHFFFAOYSA-N,氨,H3N,N,Binary only,176,176,0,3,canonical_smiles,True,0,0,1,1,,,disconnected,17.031,0.16199999999999998,35.0,amine,amine,2,2048
smiles:N#N,N#N,IJGRMHOSHXDMSA-UHFFFAOYSA-N,氮气,N2,N#N,Binary only,425,425,0,9,canonical_smiles,True,0,0,1,1,11.932657241821289,6.366001605987549,projected,28.014,0.03016,47.58,other,other,2,2048
smiles:NC1CCCCC1,NC1CCCCC1,PAFZNILMFXTMIY-UHFFFAOYSA-N,环己胺,C6H13N,C1CCC(CC1)N,Shared,133,69,64,6,canonical_smiles,True,0,0,1,1,16.305870056152344,4.1515350341796875,projected,99.177,1.2778,26.02,amine,amine,2,2048
smiles:Nc1ccccc1,Nc1ccccc1,PAYRUJLWNCNPSJ-UHFFFAOYSA-N,苯胺,C6H7N,C1=CC=C(C=C1)N,Shared,113,56,57,6,canonical_smiles,True,0,0,1,1,15.05694580078125,1.3034865856170654,projected,93.12899999999999,1.2688000000000001,26.02,amine,amine;aromatic,2,2048
smiles:O,O,XLYOFNOQVPJJNP-UHFFFAOYSA-N,水,H2O,O,Shared,2715,1133,1582,67,canonical_smiles;name_formula_linked_to_smiles,True,1582,0,1,1,12.041752815246582,6.472464084625244,projected,18.015,-0.8247,31.5,water,water,2,2048
smiles:O=C(C(F)(F)C(F)(F)F)C(F)(C(F)(F)F)C(F)(F)F,O=C(C(F)(F)C(F)(F)F)C(F)(C(F)(F)F)C(F)(F)F,RMLFHPWPTXWZNJ-UHFFFAOYSA-N,十二氟-2-甲基戊烷-3-酮,C6F12O,C(=O)(C(C(F)(F)F)(C(F)(F)F)F)C(C(F)(F)F)(F)F,Binary only,26,26,0,1,canonical_smiles,True,0,0,1,1,7.986443996429443,2.783704996109009,projected,316.04099999999994,3.586,17.07,ketone,ketone;halogenated,2,2048
smiles:O=C(O)C(Cl)Cl,O=C(O)C(Cl)Cl,JXTHNDFMNIQAHM-UHFFFAOYSA-N,二氯乙酸,C2H2Cl2O2,C(C(=O)O)(Cl)Cl,Shared,114,60,54,3,canonical_smiles,True,0,0,1,1,8.677734375,4.900250434875488,projected,128.942,0.8747,37.3,acid,acid;alcohol;halogenated,2,2048
smiles:O=C(O)C(F)(F)F,O=C(O)C(F)(F)F,DTQVDTLACAAQTR-UHFFFAOYSA-N,三氟乙酸,C2HF3O2,C(=O)(C(F)(F)F)O,Binary only,31,31,0,1,canonical_smiles,True,0,0,1,1,7.966508388519287,3.1318962574005127,projected,114.02200000000002,0.6333,37.3,acid,acid;alcohol;halogenated,2,2048
smiles:O=C(O)CCl,O=C(O)CCl,FOCAUTSVDIKZOP-UHFFFAOYSA-N,氯乙酸,C2H3ClO2,C(C(=O)O)Cl,Shared,120,66,54,3,canonical_smiles,True,0,0,1,1,8.224140167236328,5.028342247009277,projected,94.49700000000001,0.3098,37.3,acid,acid;alcohol;halogenated,2,2048
smiles:O=C1CCCC1,O=C1CCCC1,BGTOWKSIORTVQH-UHFFFAOYSA-N,环戊酮,C5H8O,C1CCC(=O)C1,Binary only,54,54,0,1,canonical_smiles,True,0,0,1,1,16.66381072998047,3.5982799530029297,projected,84.11800000000001,1.1295,17.07,ketone,ketone,2,2048
smiles:O=C1CCCCC1,O=C1CCCCC1,JHIVVAPYMSGYDF-UHFFFAOYSA-N,环己酮,C6H10O,C1CCC(=O)CC1,Binary only,112,112,0,3,canonical_smiles,True,0,0,1,1,16.686532974243164,3.803903818130493,projected,98.14500000000001,1.5196,17.07,ketone,ketone,2,2048
smiles:O=C1OC(=O)c2cc(Cl)ccc21,O=C1OC(=O)c2cc(Cl)ccc21,BTTRMCQEPDPCPA-UHFFFAOYSA-N,4-氯邻苯二甲酸酐,C8H3ClO3,C1=CC2=C(C=C1Cl)C(=O)OC2=O,Binary only,44,44,0,1,canonical_smiles,True,0,0,1,1,14.340025901794434,1.4397172927856445,projected,182.56199999999998,1.6506,43.370000000000005,ester,ester;ether;halogenated;aromatic,2,2048
smiles:O=C1OC(=O)c2cc(F)ccc21,O=C1OC(=O)c2cc(F)ccc21,XVMKZAAFVWXIII-UHFFFAOYSA-N,"5-氟-1,3-异苯并呋喃二酮",C8H3FO3,C1=CC2=C(C=C1F)C(=O)OC2=O,Binary only,44,44,0,1,canonical_smiles,True,0,0,1,1,14.405064582824707,1.4849120378494263,projected,166.10699999999997,1.1363,43.370000000000005,ester,ester;ether;halogenated;aromatic,2,2048
smiles:O=C=O,O=C=O,CURLTUGMZLYLDI-UHFFFAOYSA-N,二氧化碳,CO2,C(=O)=O,Shared,2628,2495,133,64,canonical_smiles,True,0,0,1,1,10.536763191223145,6.0770697593688965,projected,44.009,-0.5835,34.14,other,other,2,2048
smiles:O=CN1CCOCC1,O=CN1CCOCC1,LCEDQNDDFOCWGG-UHFFFAOYSA-N,N-甲酰吗啉,C5H9NO2,C1COCCN1C=O,Binary only,65,65,0,4,canonical_smiles,True,0,0,1,1,17.146848678588867,4.236393928527832,projected,115.132,-0.5250000000000001,29.540000000000003,amide,amide;ether,2,2048
smiles:O=Cc1ccccc1,O=Cc1ccccc1,HUMNYLRZRPPJDN-UHFFFAOYSA-N,苯甲醛,C7H6O,C1=CC=C(C=C1)C=O,Binary only,42,42,0,1,canonical_smiles,True,0,0,1,1,14.832610130310059,1.2826393842697144,projected,106.12399999999997,1.4990999999999999,17.07,aromatic,aromatic,2,2048
smiles:O=Cc1ccco1,O=Cc1ccco1,HYBBIBNJHNGZAN-UHFFFAOYSA-N,糠醛,C5H4O2,C1=COC(=C1)C=O,Binary only,110,110,0,6,canonical_smiles,True,0,0,1,1,14.352034568786621,1.496667504310608,projected,96.08499999999998,1.0920999999999998,30.21,aromatic,aromatic,2,2048
smiles:O=O,O=O,MYMOFIZGZYHOMD-UHFFFAOYSA-N,氧气,O2,O=O,Shared,155,106,49,5,canonical_smiles,True,0,0,1,1,10.471614837646484,6.053032875061035,projected,31.998,0.067,34.14,other,other,2,2048
smiles:O=S1(=O)CCCC1,O=S1(=O)CCCC1,HXJUTPCZVOIRIF-UHFFFAOYSA-N,环丁砜,C4H8O2S,C1CCS(=O)(=O)C1,Binary only,33,33,0,3,canonical_smiles,True,0,0,1,1,16.855459213256836,3.8994975090026855,projected,120.173,0.19500000000000006,34.14,sulfur-containing,sulfur-containing,2,2048
smiles:O=S=O,O=S=O,RAHZWNYVWXNFOC-UHFFFAOYSA-N,二氧化硫,O2S,O=S=O,Shared,132,101,31,4,canonical_smiles,True,0,0,1,1,10.545897483825684,6.007697582244873,projected,64.065,-0.6701999999999999,34.14,sulfur-containing,sulfur-containing,2,2048
smiles:O=[N+]([O-])c1ccc(Cl)c(Cl)c1,O=[N+]([O-])c1ccc(Cl)c(Cl)c1,NTBYINQTYWZXLH-UHFFFAOYSA-N,"3,4-二氯-1-硝基苯",C6H3Cl2NO2,C1=CC(=C(C=C1[N+](=O)[O-])Cl)Cl,Binary only,45,45,0,1,canonical_smiles,True,0,0,1,1,14.356389999389648,1.1280940771102905,projected,192.00099999999998,2.901600000000001,43.14,amine,amine;halogenated;aromatic,2,2048
smiles:O=[N+]([O-])c1cccc(Cl)c1Cl,O=[N+]([O-])c1cccc(Cl)c1Cl,CMVQZRLQEOAYSW-UHFFFAOYSA-N,"1,2-二氯-3-硝基苯",C6H3Cl2NO2,C1=CC(=C(C(=C1)Cl)Cl)[N+](=O)[O-],Binary only,45,45,0,1,canonical_smiles,True,0,0,1,1,14.383707046508789,1.1592937707901,projected,192.00099999999998,2.901600000000001,43.14,amine,amine;halogenated;aromatic,2,2048
smiles:O=[N+]([O-])c1ccccc1,O=[N+]([O-])c1ccccc1,LQNUZADURLCDLV-UHFFFAOYSA-N,硝基苯,C6H5NO2,C1=CC=C(C=C1)[N+](=O)[O-],Binary only,16,16,0,1,canonical_smiles,True,0,0,1,1,14.47122573852539,1.031049370765686,projected,123.11099999999996,1.5948,43.14,amine,amine;aromatic,2,2048
smiles:OC1CCCCC1,OC1CCCCC1,HPXRVTGHNJAIIH-UHFFFAOYSA-N,环己醇,C6H12O,C1CCC(CC1)O,Binary only,40,40,0,1,canonical_smiles,True,0,0,1,1,16.291154861450195,4.191312313079834,projected,100.161,1.3114,20.23,alcohol,alcohol,2,2048
smiles:OCC(F)(F)C(F)(F)C(F)(F)C(F)F,OCC(F)(F)C(F)(F)C(F)(F)C(F)F,JUGSKHLZINSXPQ-UHFFFAOYSA-N,"2,2,3,3,4,4,5,5-八氟-1-戊醇",C5H4F8O,C(C(C(C(C(F)F)(F)F)(F)F)(F)F)O,Binary only,36,36,0,2,canonical_smiles,True,0,0,1,1,9.058150291442871,2.520272970199585,projected,232.06999999999996,2.1497,20.23,alcohol,alcohol;halogenated,2,2048
smiles:OCC(F)(F)C(F)F,OCC(F)(F)C(F)F,NBUKAOOFKZFCGD-UHFFFAOYSA-N,"2,2,3,3-四氟-1-丙醇",C3H4F4O,C(C(C(F)F)(F)F)O,Binary only,120,120,0,7,canonical_smiles,True,0,0,1,1,9.223140716552734,2.593205690383911,projected,132.056,0.8791,20.23,alcohol,alcohol;halogenated,2,2048
smiles:OCCCO,OCCCO,YPFDHNVEDLHUCE-UHFFFAOYSA-N,"1,3-丙二醇",C3H8O2,C(CO)CO,Shared,94,55,39,4,canonical_smiles,True,0,0,1,1,12.000323295593262,8.403347969055176,projected,76.095,-0.6389,40.46,alcohol,alcohol,2,2048
smiles:OCCN1CCCC1,OCCN1CCCC1,XBRDBODLCHKXHI-UHFFFAOYSA-N,1-(2-羟乙基)吡咯烷,C6H13NO,C1CCN(C1)CCO,Binary only,36,36,0,1,canonical_smiles,True,0,0,1,1,11.805516242980957,8.190587043762207,projected,115.176,0.07449999999999979,23.47,alcohol,alcohol;amine,2,2048
smiles:OCCNCCO,OCCNCCO,ZBCBWPMODOFKDW-UHFFFAOYSA-N,二乙醇胺,C4H11NO2,C(CO)NCCO,Binary only,30,30,0,2,canonical_smiles,True,0,0,1,1,11.809353828430176,8.362661361694336,projected,105.137,-1.4393999999999998,52.489999999999995,alcohol,alcohol;amine,2,2048
smiles:OCCO,OCCO,LYCAIKOWRPUZTN-UHFFFAOYSA-N,乙二醇,C2H6O2,C(CO)O,Shared,137,60,77,6,canonical_smiles,True,0,0,1,1,11.760034561157227,8.187602043151855,projected,62.068000000000005,-1.0290000000000001,40.46,alcohol,alcohol,2,2048
smiles:OCCOCCOCCO,OCCOCCOCCO,ZIBGPFATKBEMQZ-UHFFFAOYSA-N,三甘醇,C6H14O4,C(COCCOCCO)O,Binary only,60,60,0,1,canonical_smiles,True,0,0,1,1,10.94995403289795,8.024248123168945,projected,150.174,-0.9958000000000002,58.92,alcohol,alcohol;ether,2,2048
smiles:OCc1ccco1,OCc1ccco1,XPFVYQJUAUNWIW-UHFFFAOYSA-N,糠醇,C5H6O2,C1=COC(=C1)CO,Binary only,60,60,0,2,canonical_smiles,True,0,0,1,1,14.409914016723633,1.781192660331726,projected,98.10099999999998,0.7719,33.370000000000005,alcohol,alcohol;aromatic,2,2048
smiles:S,S,RWSOTUBLDIXVET-UHFFFAOYSA-N,硫化氢,H2S,S,Shared,59,35,24,2,canonical_smiles;name_formula_linked_to_smiles,True,24,0,1,1,,,disconnected,34.083,0.11280000000000001,0.0,sulfur-containing,sulfur-containing,2,2048
smiles:[Ar],[Ar],XKRFYHLGVUSROY-UHFFFAOYSA-N,氩气,Ar,[Ar],Shared,172,154,18,3,canonical_smiles,True,0,0,1,1,,,disconnected,39.948,0.0,0.0,other,other,2,2048
smiles:[Bi],[Bi],JCXGWMGPZLAOME-UHFFFAOYSA-N,铋,Bi,[Bi],Shared,20,9,11,2,canonical_smiles,True,0,0,1,1,,,disconnected,208.98,-0.3808,0.0,other,other,2,2048
smiles:[C-]#[O+],[C-]#[O+],UGFAIRIUMAVXCW-UHFFFAOYSA-N,一氧化碳,CO,[C-]#[O+],Binary only,229,229,0,3,canonical_smiles,True,0,0,1,1,12.64642333984375,7.867892742156982,projected,28.009999999999998,-0.03751,19.9,other,other,2,2048
smiles:[Cu],[Cu],RYGMFSIKBFXOCR-UHFFFAOYSA-N,铜,Cu,[Cu],Shared,20,9,11,2,canonical_smiles,True,0,0,1,1,,,disconnected,63.546,-0.0025,0.0,other,other,2,2048
smiles:[N]=O,[N]=O,MWUXSHHQAYIFBG-UHFFFAOYSA-N,一氧化氮,NO,[N]=O,Binary only,32,32,0,1,canonical_smiles,True,0,0,1,1,10.589312553405762,6.137001991271973,projected,30.006,-0.44710000000000005,39.370000000000005,other,other,2,2048
smiles:[Sb],[Sb],WATWJIUSRGPENY-UHFFFAOYSA-N,锑,Sb,[Sb],Shared,16,5,11,2,canonical_smiles,True,0,0,1,1,,,disconnected,121.76,-0.3808,0.0,other,other,2,2048
smiles:[Sn],[Sn],ATJFFYVFTNAWJD-UHFFFAOYSA-N,锡,Sn,[Sn],Binary only,5,5,0,1,canonical_smiles,True,0,0,1,1,,,disconnected,118.711,-0.3808,0.0,other,other,2,2048
smiles:[Xe],[Xe],FHNFHKCVQCLJFQ-UHFFFAOYSA-N,氙气,Xe,[Xe],Binary only,10,10,0,1,canonical_smiles,True,0,0,1,1,,,disconnected,131.29,0.0,0.0,other,other,2,2048
smiles:c1ccc2c(c1)CCCC2,c1ccc2c(c1)CCCC2,CXWXQJXEFPUFDZ-UHFFFAOYSA-N,"1,2,3,4-四氢萘",C10H12,C1CCC2=CC=CC=C2C1,Binary only,14,14,0,1,canonical_smiles,True,0,0,1,1,16.04109764099121,2.6611318588256836,projected,132.206,2.5654000000000003,0.0,aromatic,aromatic,2,2048
smiles:c1ccc2sccc2c1,c1ccc2sccc2c1,FCEHBMOGCRZNNI-UHFFFAOYSA-N,苯并噻吩,C8H6S,C1=CC=C2C(=C1)C=CS2,Binary only,27,27,0,3,canonical_smiles,True,0,0,1,1,14.901403427124023,1.5460625886917114,projected,134.20299999999997,2.901300000000001,0.0,sulfur-containing,sulfur-containing;aromatic,2,2048
smiles:c1ccccc1,c1ccccc1,UHOVQNZJYSORNB-UHFFFAOYSA-N,苯,C6H6,C1=CC=CC=C1,Shared,348,158,190,12,canonical_smiles,True,0,0,1,1,14.800434112548828,1.281503438949585,projected,78.11399999999999,1.6866,0.0,aromatic,aromatic,2,2048
smiles:c1ccoc1,c1ccoc1,YLQBMQCUIZJEEH-UHFFFAOYSA-N,呋喃,C4H4O,C1=COC=C1,Binary only,115,115,0,5,canonical_smiles,True,0,0,1,1,14.38330364227295,1.708582878112793,projected,68.07499999999999,1.2795999999999998,13.14,aromatic,aromatic,2,2048
smiles:c1ccsc1,c1ccsc1,YTPLMLYBLZKORZ-UHFFFAOYSA-N,噻吩,C4H4S,C1=CSC=C1,Shared,305,249,56,10,canonical_smiles,True,0,0,1,1,14.72275161743164,1.83738374710083,projected,84.14299999999999,1.7480999999999998,0.0,sulfur-containing,sulfur-containing;aromatic,2,2048
