dataset,rank,system_id,system_label,data_points
Binary,1,smiles:FCC(F)(F)F || smiles:FCF,"1,1,1,2-四氟乙烷 / 二氟甲烷",209
Binary,2,smiles:CCF || smiles:FCF,氟乙烷 / 二氟甲烷,151
Binary,3,smiles:CCO || smiles:O,乙醇 / 水,149
Binary,4,smiles:CC(F)F || smiles:CCCC,"1,1-二氟乙烷 / 丁烷",147
Binary,5,smiles:O=C=O || smiles:[C-]#[O+],二氧化碳 / 一氧化碳,139
Binary,6,smiles:CCC || smiles:O=C=O,丙烷 / 二氧化碳,138
Binary,7,smiles:CCCCCCC || smiles:N#N,正庚烷 / 氮气,136
Binary,8,smiles:O=C=O || smiles:[Ar],二氧化碳 / 氩气,133
Binary,9,smiles:CCCC || smiles:CCO,丁烷 / 乙醇,122
Binary,10,smiles:CCCCCCCCCCCO || smiles:O=C=O,1-十一醇 / 二氧化碳,120
Binary,11,smiles:CCC(C)Cl || smiles:CCCCCCC,2-氯丁烷 / 正庚烷,119
Binary,12,smiles:F/C=C/C(F)(F)F || smiles:FCF,"反式-1,3,3,3-四氟丙烯 / 二氟甲烷",116
Binary,13,smiles:C=C(F)C(F)(F)F || smiles:CCF,"2,3,3,3-四氟-1-丙烯 / 氟乙烷",115
Binary,14,smiles:CC(C)O || smiles:O,2-丙醇 / 水,115
Binary,15,smiles:CO || smiles:COC(=O)OC,甲醇 / 碳酸二甲酯,114
Binary,16,smiles:CCCCCCC || smiles:CCCCCl,正庚烷 / 1-氯丁烷,112
Binary,17,smiles:C1CCCCC1 || smiles:CCO,环己烷 / 乙醇,111
Binary,18,smiles:CCC || smiles:FC(F)F,丙烷 / 三氟甲烷,111
Binary,19,smiles:CC(C)CC(C)(C)C || smiles:CC(C)O,异辛烷 / 2-丙醇,110
Binary,20,smiles:CCCCO || smiles:CCCOC(C)=O,1-丁醇 / 乙酸正丙酯,106
Binary,21,smiles:CC(C)=O || smiles:CO,丙酮 / 甲醇,106
Binary,22,smiles:C=C(F)C(F)(F)F || smiles:FC(F)F,"2,3,3,3-四氟-1-丙烯 / 三氟甲烷",100
Binary,23,smiles:C#CCCCC || smiles:CCCOC(C)=O,1-己炔 / 乙酸正丙酯,99
Binary,24,smiles:CCCO || smiles:O,1-丙醇 / 水,92
Binary,25,smiles:COC || smiles:FC(F)(F)C(F)(F)C(F)(F)C(F)(F)F,dimethyl ether / 全氟丁烷,92
Binary,26,smiles:C=CC || smiles:CCC,丙烯 / 丙烷,90
Binary,27,smiles:CCC#CCC || smiles:CCCOC(C)=O,3-己炔 / 乙酸正丙酯,88
Binary,28,smiles:CCCC || smiles:CO,丁烷 / 甲醇,87
Binary,29,smiles:CC(C)=C(C)C || smiles:CO,"2,3-二甲基-2-丁烯 / 甲醇",85
Binary,30,smiles:FC(F)(F)C(F)(F)C(F)(F)C(F)(F)C(F)(F)C(F)(F)F || smiles:O=C=O,全氟己烷 / 二氧化碳,84
Binary,31,smiles:FC(F)(F)C(F)(F)F || smiles:FCC(F)(F)F,"六氟乙烷 / 1,1,1,2-四氟乙烷",81
Binary,32,smiles:C=C || smiles:FC(F)Cl,乙烯 / 氯二氟甲烷,79
Binary,33,smiles:C1C[C@@H]2[C@@H]3CC[C@@H](C3)[C@@H]2C1 || smiles:C1C[C@@H]2[C@H]3CC[C@H](C3)[C@@H]2C1,内-四氢二环戊二烯 / 外-四氢二环戊二烯,78
Binary,34,smiles:CC#CCCC || smiles:CCCOC(C)=O,2-己炔 / 乙酸正丙酯,77
Binary,35,smiles:CCCCCCC || smiles:Cc1cnccn1,正庚烷 / 2-甲基吡嗪,77
Binary,36,smiles:CCO || smiles:CCOC(C)=O,乙醇 / 乙酸乙酯,76
Binary,37,smiles:CC(F)(F)CC(F)(F)F || smiles:FC(F)(F)C(F)(F)C(F)(F)C(F)(F)F,"1,1,1,3,3-五氟丁烷 / 全氟丁烷",75
Binary,38,smiles:CCC(C)O || smiles:CCCOC(C)=O,2-丁醇 / 乙酸正丙酯,75
Binary,39,smiles:COC || smiles:FC(F)C(F)(F)F,dimethyl ether / 五氟乙烷,75
Binary,40,smiles:CC(=O)O || smiles:O,乙酸 / 水,74
Binary,41,smiles:FC(F)(F)C(F)(F)F || smiles:O=C=O,六氟乙烷 / 二氧化碳,74
Binary,42,smiles:O=C=O || smiles:O=O,二氧化碳 / 氧气,72
Binary,43,smiles:CCCO || smiles:CCOC(=O)C(C)C,1-丙醇 / 2-甲基丙酸乙酯,72
Binary,44,smiles:CCCCC || smiles:N#N,戊烷 / 氮气,71
Binary,45,fallback:ddfbc2db9f602e7d || smiles:FC(F)C(F)F,"顺式-1,3,3,3-四氟丙烯 / 1,1,2,2-四氟乙烷",71
Binary,46,smiles:CCOC(=O)C(C)C || smiles:CO,2-甲基丙酸乙酯 / 甲醇,70
Binary,47,fallback:ddfbc2db9f602e7d || smiles:CC(C)C,"顺式-1,3,3,3-四氟丙烯 / 2-甲基丙烷",69
Binary,48,smiles:C=C(C)[C@H]1CC=C(C)CC1 || smiles:CCCCCO,(R)-1-methyl-4-(1-methylethenyl)cyclohexene / 1-戊醇,69
Binary,49,fallback:ddfbc2db9f602e7d || smiles:CCC,"顺式-1,3,3,3-四氟丙烯 / 丙烷",68
Binary,50,smiles:CCO || smiles:N,乙醇 / 氨,68
Binary,51,smiles:Cc1ccccc1 || smiles:Cc1cnccn1,甲苯 / 2-甲基吡嗪,66
Binary,52,smiles:CCCCCOC=O || smiles:O=C=O,甲酸正戊酯 / 二氧化碳,65
Binary,53,smiles:C=C(C)C || smiles:CC(F)(F)F,"2-甲基丙烯 / 1,1,1-三氟乙烷",65
Binary,54,smiles:CC(F)(F)F || smiles:COC,"1,1,1-三氟乙烷 / dimethyl ether",64
Binary,55,smiles:FC(F)=C(F)C(F)(F)F || smiles:O=C=O,六氟丙烯 / 二氧化碳,64
Binary,56,smiles:C1=CCCCC1 || smiles:C1CCCCC1,环己烯 / 环己烷,63
Binary,57,smiles:C1CCOCC1 || smiles:CCCCCC,四氢吡喃 / 正己烷,63
Binary,58,smiles:C1CN=C2CCCN2C1 || smiles:O,"1,5-二氮杂双环[4.3.0]壬-5-烯 / 水",63
Binary,59,smiles:C=CCCCC || smiles:CCCCCC,1-己烯 / 正己烷,63
Binary,60,smiles:CCCO || smiles:CCOC(C)(C)C,1-丙醇 / 2-乙氧基-2-甲基丙烷,63
Binary,61,smiles:N#N || smiles:O=C=O,氮气 / 二氧化碳,63
Binary,62,smiles:C1CCOCC1 || smiles:CCC(C)O,四氢吡喃 / 2-丁醇,62
Binary,63,fallback:81afe1f2d822fd5d || smiles:O=C=O,甲酸异丁酯 / 二氧化碳,62
Binary,64,smiles:CCCCCl || smiles:Cc1ccccc1,1-氯丁烷 / 甲苯,61
Binary,65,smiles:C=C(F)C(F)(F)F || smiles:CC(C)C,"2,3,3,3-四氟-1-丙烯 / 2-甲基丙烷",60
Binary,66,smiles:C=C(F)C(F)(F)F || smiles:CC(F)F,"2,3,3,3-四氟-1-丙烯 / 1,1-二氟乙烷",60
Binary,67,smiles:CC(C)(C)Cl || smiles:CCCCCCC,2-氯-2-甲基丙烷 / 正庚烷,60
Binary,68,smiles:CCC(C)Cl || smiles:Cc1ccccc1,2-氯丁烷 / 甲苯,60
Binary,69,smiles:COC(=O)CCCC(=O)OC || smiles:COC(=O)CCCCC(=O)OC,戊二酸二甲酯 / 己二酸二甲酯,60
Binary,70,smiles:O || smiles:OCCOCCOCCO,水 / 三甘醇,60
Binary,71,smiles:CCCCCCO || smiles:O=C=O,1-己醇 / 二氧化碳,59
Binary,72,smiles:CCCCOC=O || smiles:O=C=O,甲酸正丁酯 / 二氧化碳,59
Binary,73,smiles:CC(C)O || smiles:O=C=O,2-丙醇 / 二氧化碳,59
Binary,74,smiles:C=C(C)C(C)C || smiles:Cc1ccsc1,"2,3-二甲基-1-丁烯 / 3-甲基噻吩",58
Binary,75,smiles:C=C(F)C(F)(F)F || smiles:N,"2,3,3,3-四氟-1-丙烯 / 氨",58
Binary,76,smiles:C=CC || smiles:FC(F)(F)C1(F)OC1(F)F,"丙烯 / 2,2,3-三氟-3-(三氟甲基)环氧乙烷",58
Binary,77,smiles:CC(C)OC(C)C || smiles:Cc1ccc(C)o1,"二异丙醚 / 2,5-二甲基呋喃",58
Binary,78,smiles:C1CCCCC1 || smiles:CCC(C)Cl,环己烷 / 2-氯丁烷,57
Binary,79,smiles:C=C || smiles:FC(F)(F)C(F)(F)C(F)(F)C(F)(F)C(F)(F)C(F)(F)C(F)(F)C(F)(F)C(F)(F)F,乙烯 / 全氟壬烷,57
Binary,80,smiles:CCF || smiles:FC(C(F)(F)F)C(F)(F)F,"氟乙烷 / 1,1,1,2,3,3,3-七氟丙烷",57
Binary,81,smiles:FC(F)(F)C1(F)OC1(F)F || smiles:O=C=O,"2,2,3-三氟-3-(三氟甲基)环氧乙烷 / 二氧化碳",57
Binary,82,smiles:CCOCCO || smiles:CO,2-乙氧基乙醇 / 甲醇,56
Binary,83,smiles:CCC || smiles:FC(F)C(F)(F)F,丙烷 / 五氟乙烷,56
Binary,84,smiles:CCCCl || smiles:O=C=O,1-氯丙烷 / 二氧化碳,56
Binary,85,smiles:COCC(C)O || smiles:COCC(C)OC(C)=O,1-甲氧基-2-丙醇 / 1-甲氧基-2-丙醇乙酸酯,56
Binary,86,smiles:C=C || smiles:FC(F)(F)C(F)(F)C(F)(F)C(F)(F)F,乙烯 / 全氟丁烷,56
Binary,87,smiles:C1CCCCC1 || smiles:Cc1cncc(C)c1,"环己烷 / 3,5-二甲基吡啶",56
Binary,88,smiles:C=C || smiles:FC(F)(F)C(F)(F)C(F)(F)C(F)(F)C(F)(F)C(F)(F)C(F)(F)C(F)(F)F,乙烯 / 全氟辛烷,56
Binary,89,smiles:C1CCCCC1 || smiles:Cc1cnccn1,环己烷 / 2-甲基吡嗪,56
Binary,90,smiles:C=C(F)C(F)(F)F || smiles:FCF,"2,3,3,3-四氟-1-丙烯 / 二氟甲烷",55
Binary,91,smiles:CC(C)C || smiles:FC(F)CC(F)(F)F,"2-甲基丙烷 / 1,1,1,3,3-五氟丙烷",55
Binary,92,smiles:CCF || smiles:F/C=C/C(F)(F)F,"氟乙烷 / 反式-1,3,3,3-四氟丙烯",55
Binary,93,smiles:CO || smiles:O=C=O,甲醇 / 二氧化碳,55
Binary,94,smiles:F/C=C/C(F)(F)F || smiles:FC(F)(F)I,"反式-1,3,3,3-四氟丙烯 / 三氟碘甲烷",55
Binary,95,smiles:CCCCCCCCC || smiles:FC(F)F,正壬烷 / 三氟甲烷,54
Binary,96,smiles:ClC(Cl)C(Cl)Cl || smiles:O=C1CCCC1,"1,1,2,2-四氯乙烷 / 环戊酮",54
Binary,97,smiles:CCCCCCC || smiles:FC(F)F,正庚烷 / 三氟甲烷,54
Binary,98,smiles:CC || smiles:FC(F)(F)C(F)(F)C(F)(F)C(F)(F)C(F)(F)C(F)(F)C(F)(F)C(F)(F)F,乙烷 / 全氟辛烷,53
Binary,99,smiles:CC(=O)C(C)C || smiles:CC(C)C(C)C,"3-甲基-2-丁酮 / 2,3-二甲基丁烷",53
Binary,100,smiles:CC(F)(F)F || smiles:CCC,"1,1,1-三氟乙烷 / 丙烷",53
Binary,101,smiles:CC12CCC(CC1)C(C)(C)O2 || smiles:CCO,"1,3,3-三甲基-2-氧杂双环[2.2.2]辛烷 / 乙醇",53
Binary,102,smiles:CCCCCCC || smiles:c1ccsc1,正庚烷 / 噻吩,53
Binary,103,smiles:Cc1ccccc1 || smiles:O=C=O,甲苯 / 二氧化碳,53
Binary,104,smiles:CCCC(=O)OCC1CO1 || smiles:ClCC1CO1,"丁二酸缩水甘油酯 / 3-氯-1,2-环氧丙烷",52
Binary,105,smiles:CCCCCCCO || smiles:O=C=O,1-庚醇 / 二氧化碳,52
Binary,106,smiles:CC(C)OC(C)C || smiles:CCO,二异丙醚 / 乙醇,52
Binary,107,smiles:CC(C)=O || smiles:CCC(C)O,丙酮 / 2-丁醇,52
Binary,108,smiles:C1CCCCC1 || smiles:CCCCCl,环己烷 / 1-氯丁烷,51
Binary,109,smiles:CC(C)CCl || smiles:CCCCCCC,1-氯-2-甲基丙烷 / 正庚烷,51
Binary,110,smiles:CC1CCCCC1 || smiles:COCCO,甲基环己烷 / 2-甲氧基乙醇,51
Binary,111,smiles:CCC(C)O || smiles:CCCC(=O)O,2-丁醇 / 丁酸,51
Binary,112,smiles:CCCC || smiles:FC(F)CC(F)(F)F,"丁烷 / 1,1,1,3,3-五氟丙烷",51
Binary,113,smiles:CCCCCC || smiles:FC(F)F,正己烷 / 三氟甲烷,51
Binary,114,smiles:FC(C(F)(F)F)C(F)(F)F || smiles:FCC(F)(F)F,"1,1,1,2,3,3,3-七氟丙烷 / 1,1,1,2-四氟乙烷",50
Binary,115,smiles:FCC(F)(F)F || smiles:N,"1,1,1,2-四氟乙烷 / 氨",50
Binary,116,smiles:CCCO || smiles:O=C=O,1-丙醇 / 二氧化碳,50
Binary,117,smiles:CCC(=O)O || smiles:CCCCCO,丙酸 / 1-戊醇,50
Binary,118,smiles:CC(C)O || smiles:CCCC(=O)O,2-丙醇 / 丁酸,50
Binary,119,smiles:C=C(F)C(F)(F)F || smiles:FC(C(F)(F)F)C(F)(F)F,"2,3,3,3-四氟-1-丙烯 / 1,1,1,2,3,3,3-七氟丙烷",50
Binary,120,smiles:C=C || smiles:FC(F)(F)C1(F)OC1(F)F,"乙烯 / 2,2,3-三氟-3-(三氟甲基)环氧乙烷",49
Binary,121,smiles:CC(C)(C)O || smiles:O,2-甲基-2-丙醇 / 水,49
Binary,122,smiles:CC(C)=O || smiles:CCC(=O)O,丙酮 / 丙酸,49
Binary,123,smiles:CC(C)CO || smiles:CCCC(=O)O,2-甲基-1-丙醇 / 丁酸,49
Binary,124,smiles:N#N || smiles:O=S=O,氮气 / 二氧化硫,49
Binary,125,smiles:CC(C)OC(C)C || smiles:CO,二异丙醚 / 甲醇,48
Binary,126,smiles:COC || smiles:FCC(F)(F)F,"dimethyl ether / 1,1,1,2-四氟乙烷",48
Binary,127,smiles:CCCO || smiles:CCCOC(C)=O,1-丙醇 / 乙酸正丙酯,48
Binary,128,smiles:CCC || smiles:FC(F)C(F)F,"丙烷 / 1,1,2,2-四氟乙烷",48
Binary,129,smiles:CCC(=O)O || smiles:O,丙酸 / 水,48
Binary,130,smiles:CC(=O)CC(C)C || smiles:CC(C)CO,4-甲基-2-戊酮 / 2-甲基-1-丙醇,48
Binary,131,smiles:CC(=O)C(C)(C)C || smiles:COC(C)(C)C,"3,3-二甲基-2-丁酮 / 2-甲氧基-2-甲基丙烷",48
Binary,132,smiles:C1CCCCC1 || smiles:Cc1cccc(C)n1,"环己烷 / 2,6-二甲基吡啶",48
Binary,133,smiles:CC(=O)CC(C)C || smiles:CC(C)CC(C)(C)C,4-甲基-2-戊酮 / 异辛烷,48
Binary,134,smiles:C=CC || smiles:FC(F)=C(F)C(F)(F)F,丙烯 / 六氟丙烯,47
Binary,135,smiles:CC(=O)CC(C)C || smiles:CC(C)O,4-甲基-2-戊酮 / 2-丙醇,47
Binary,136,smiles:CCCCCCCCCCCCO || smiles:O=C=O,1-十二醇 / 二氧化碳,47
Binary,137,smiles:COC || smiles:FCF,dimethyl ether / 二氟甲烷,47
Binary,138,smiles:C=C || smiles:FC(F)=C(F)C(F)(F)F,乙烯 / 六氟丙烯,46
Binary,139,smiles:FC(C(F)(F)F)C(F)(F)F || smiles:FC(F)C(F)(F)F,"1,1,1,2,3,3,3-七氟丙烷 / 五氟乙烷",46
Binary,140,smiles:COC(=O)CCC(=O)OC || smiles:COC(=O)CCCC(=O)OC,丁二酸二甲酯 / 戊二酸二甲酯,45
Binary,141,smiles:O=[N+]([O-])c1ccc(Cl)c(Cl)c1 || smiles:O=[N+]([O-])c1cccc(Cl)c1Cl,"3,4-二氯-1-硝基苯 / 1,2-二氯-3-硝基苯",45
Binary,142,smiles:C[N+](=O)[O-] || smiles:ClCCCCCl,"硝基甲烷 / 1,4-二氯丁烷",45
Binary,143,smiles:COC(=O)CCC(=O)OC || smiles:COC(=O)CCCCC(=O)OC,丁二酸二甲酯 / 己二酸二甲酯,45
Binary,144,smiles:C1COCCO1 || smiles:CC(C)CO,"1,4-二噁烷 / 2-甲基-1-丙醇",45
Binary,145,smiles:CC[N+](=O)[O-] || smiles:ClCCCCCl,"硝基乙烷 / 1,4-二氯丁烷",45
Binary,146,smiles:CCOC(=O)CC || smiles:[C-]#[O+],丙酸乙酯 / 一氧化碳,45
Binary,147,smiles:CCC(=O)OC || smiles:[C-]#[O+],丙酸甲酯 / 一氧化碳,45
Binary,148,smiles:C=C(F)C(F)(F)F || smiles:CC(F)(F)F,"2,3,3,3-四氟-1-丙烯 / 1,1,1-三氟乙烷",45
Binary,149,smiles:CCN(CC)CCCO || smiles:O,3-二乙氨基-1-丙醇 / 水,44
Binary,150,smiles:CC[N+](=O)[O-] || smiles:ClCCCl,"硝基乙烷 / 1,2-二氯乙烷",44
Binary,151,smiles:O=C1OC(=O)c2cc(Cl)ccc21 || smiles:O=C1OC(=O)c2cc(F)ccc21,"4-氯邻苯二甲酸酐 / 5-氟-1,3-异苯并呋喃二酮",44
Binary,152,smiles:C=C(F)C(F)(F)F || smiles:CC(F)(F)C(F)(F)F,"2,3,3,3-四氟-1-丙烯 / 1,1,1,2,2-五氟丙烷",44
Binary,153,fallback:5e3bddfb41e40d29 || smiles:FCC(F)(F)F,"1,1,1-三氟-2-丙烯 / 1,1,1,2-四氟乙烷",44
Binary,154,smiles:CC#N || smiles:CO,乙腈 / 甲醇,43
Binary,155,smiles:CCCC || smiles:FC(F)F,丁烷 / 三氟甲烷,43
Binary,156,smiles:CCCCCC || smiles:O=C=O,正己烷 / 二氧化碳,43
Binary,157,smiles:CCCO || smiles:CCO,1-丙醇 / 乙醇,43
Binary,158,smiles:CN(C)CCCO || smiles:O,3-二甲氨基-1-丙醇 / 水,43
Binary,159,smiles:CC(Cl)(Cl)Cl || smiles:O=C1CCCCC1,"1,1,1-三氯乙烷 / 环己酮",42
Binary,160,smiles:CCCO || smiles:CCCOCCC,1-丙醇 / 二丙醚,42
Binary,161,smiles:CCCCO || smiles:CCCCOCCCC,1-丁醇 / 二丁醚,42
Binary,162,smiles:CCCCCl || smiles:CC[N+](=O)[O-],1-氯丁烷 / 硝基乙烷,42
Binary,163,smiles:CCCCCCl || smiles:C[N+](=O)[O-],1-氯戊烷 / 硝基甲烷,42
Binary,164,smiles:CCCCCCCCCCC || smiles:O=C=O,十一烷 / 二氧化碳,42
Binary,165,smiles:CCC(=O)O || smiles:CCC(=O)OCCC(C)C,丙酸 / 异戊酸异戊酯,42
Binary,166,smiles:CC1CCCCC1 || smiles:CCOCCO,甲基环己烷 / 2-乙氧基乙醇,42
Binary,167,smiles:C1COCO1 || smiles:CCCCCCl,"1,3-二噁戊环 / 1-氯戊烷",42
Binary,168,smiles:CC(C)CC(C)(C)C || smiles:CCO,异辛烷 / 乙醇,42
Binary,169,smiles:CC(C)C(=O)C(C)C || smiles:CC(C)CC(C)(C)C,"2,4-二甲基-3-戊酮 / 异辛烷",42
Binary,170,smiles:C1COCCO1 || smiles:CCCCCCl,"1,4-二噁烷 / 1-氯戊烷",42
Binary,171,smiles:C1COCCO1 || smiles:CCC(C)O,"1,4-二噁烷 / 2-丁醇",42
Binary,172,smiles:C1CCOC1 || smiles:CCCCCCl,四氢呋喃 / 1-氯戊烷,42
Binary,173,fallback:f5d528f59fc9b38a || smiles:O,"1,8-二氮杂双环[5.4.0]十一碳-7-烯 / 水",42
Binary,174,fallback:d9df4fd9b4b52f0e || smiles:O=Cc1ccccc1,(E)-3-苯基-2-丙烯醛 / 苯甲醛,42
Binary,175,smiles:CC(C)OCCO || smiles:O=C=O,2-异丙氧基乙醇 / 二氧化碳,41
Binary,176,smiles:COCC(C)O || smiles:O,1-甲氧基-2-丙醇 / 水,41
Binary,177,smiles:CC(C)O || smiles:CC(C)OC(C)C,2-丙醇 / 二异丙醚,41
Binary,178,smiles:CC || smiles:FC(F)F,乙烷 / 三氟甲烷,41
Binary,179,smiles:CC(C)C(C)C || smiles:CC(C)OC(C)C,"2,3-二甲基丁烷 / 二异丙醚",41
Binary,180,smiles:CCCCCCCC || smiles:CCCOCCO,正辛烷 / 2-丙氧基乙醇,40
Binary,181,smiles:F/C=C/C(F)(F)F || smiles:FCC(F)(F)F,"反式-1,3,3,3-四氟丙烯 / 1,1,1,2-四氟乙烷",40
Binary,182,smiles:F/C=C/C(F)(F)F || smiles:FC(F)C(F)F,"反式-1,3,3,3-四氟丙烯 / 1,1,2,2-四氟乙烷",40
Binary,183,smiles:Cl[SiH2]Cl || smiles:Cl[SiH](Cl)Cl,二氯氢硅 / 三氯氢硅,40
Binary,184,smiles:Cc1ccccc1 || smiles:c1ccccc1,甲苯 / 苯,40
Binary,185,smiles:CCCC || smiles:FC(F)=C(F)C(F)(F)F,丁烷 / 六氟丙烯,40
Binary,186,smiles:CCCC || smiles:CCSCC,丁烷 / 3-硫杂戊烷,40
Binary,187,smiles:CCC(C)=O || smiles:CCO,丁酮 / 乙醇,40
Binary,188,smiles:C1CCCCC1 || smiles:OC1CCCCC1,环己烷 / 环己醇,40
Binary,189,smiles:C1CC1 || smiles:FC(F)C(F)(F)F,环丙烷 / 五氟乙烷,40
Binary,190,smiles:CCCCC || smiles:COC=O,戊烷 / 甲酸甲酯,39
Binary,191,smiles:CCCCCl || smiles:O=C1CCCCC1,1-氯丁烷 / 环己酮,39
Binary,192,smiles:CCCCCl || smiles:CCCCOCC,1-氯丁烷 / 乙基丁基醚,39
Binary,193,smiles:CCCCCCl || smiles:CC[N+](=O)[O-],1-氯戊烷 / 硝基乙烷,39
Binary,194,smiles:CCCCCCCC(=O)OC || smiles:CCCCCCCCCC(=O)OC,辛酸甲酯 / 癸酸甲酯,39
Binary,195,smiles:Cl[SiH](Cl)Cl || smiles:Cl[Si](Cl)(Cl)Cl,三氯氢硅 / 四氯化硅,39
Binary,196,smiles:CC(C)CC(C)(C)C || smiles:CC(C)CO,异辛烷 / 2-甲基-1-丙醇,39
Binary,197,smiles:C=CCCCC || smiles:FC(F)(F)C(F)(F)F,1-己烯 / 六氟乙烷,39
Binary,198,smiles:C1CCOCC1 || smiles:CCCCCCl,四氢吡喃 / 1-氯戊烷,39
Binary,199,smiles:CCCCCCCCCC(=O)OC || smiles:CCCCCCCCCCCC(=O)OC,癸酸甲酯 / 十二酸甲酯,39
Binary,200,smiles:CC(=O)C(C)C || smiles:CC(C)OC(C)C,3-甲基-2-丁酮 / 二异丙醚,39
Binary,201,smiles:CC(C)=C(C)C || smiles:c1ccsc1,"2,3-二甲基-2-丁烯 / 噻吩",39
Binary,202,smiles:C1CC1 || smiles:FCC(F)(F)F,"环丙烷 / 1,1,1,2-四氟乙烷",38
Binary,203,smiles:C=CC(C)(O)CCC=C(C)C || smiles:CCO,芳樟醇 / 乙醇,38
Binary,204,smiles:C=CCC || smiles:FC(F)(F)C(F)(F)C(F)(F)C(F)(F)F,1-丁烯 / 全氟丁烷,38
Binary,205,smiles:CC(=O)C(C)C || smiles:CC(C)O,3-甲基-2-丁酮 / 2-丙醇,38
Binary,206,smiles:CC(C)C || smiles:CCO,2-甲基丙烷 / 乙醇,38
Binary,207,smiles:CC(C)C(=O)C(C)C || smiles:CC(C)O,"2,4-二甲基-3-戊酮 / 2-丙醇",38
Binary,208,smiles:CCC(C)CC || smiles:FC(F)F,3-甲基戊烷 / 三氟甲烷,38
Binary,209,smiles:CCCCCCC || smiles:CCCOCCO,正庚烷 / 2-丙氧基乙醇,38
Binary,210,smiles:CCCCCCCCC || smiles:O=C=O,正壬烷 / 二氧化碳,38
Binary,211,smiles:CCCCCCCCCCCCCC(=O)OC || smiles:CCCCCCCCCCCCCCCC(=O)OC,肉豆蔻酸甲酯 / 棕榈酸甲酯,38
Binary,212,smiles:CC(C)=O || smiles:CCOC(=O)OCC,丙酮 / 碳酸二乙酯,38
Binary,213,smiles:CCC || smiles:FC(F)(F)C(F)(F)C(F)(F)C(F)(F)F,丙烷 / 全氟丁烷,37
Binary,214,smiles:O=C=O || smiles:c1ccsc1,二氧化碳 / 噻吩,37
Binary,215,smiles:CCCCCCC || smiles:FC(F)(F)C(F)(F)F,正庚烷 / 六氟乙烷,37
Binary,216,smiles:CCC(C)CC || smiles:FC(F)(F)C(F)(F)F,3-甲基戊烷 / 六氟乙烷,37
Binary,217,smiles:CC(C)CC(C)(C)C || smiles:c1ccsc1,异辛烷 / 噻吩,37
Binary,218,smiles:C=CCCCC || smiles:FC(F)F,1-己烯 / 三氟甲烷,37
Binary,219,smiles:C1CCCC1 || smiles:O=C=O,环戊烷 / 二氧化碳,37
Binary,220,smiles:O || smiles:OCCN1CCCC1,水 / 1-(2-羟乙基)吡咯烷,36
Binary,221,smiles:CCO || smiles:CCOC(=O)[C@H](C)O,乙醇 / (S)-(-)-乳酸乙酯,36
Binary,222,smiles:CC(F)F || smiles:FC(F)(F)I,"1,1-二氟乙烷 / 三氟碘甲烷",36
Binary,223,smiles:CCC || smiles:FC(F)=C(F)C(F)(F)F,丙烷 / 六氟丙烯,36
Binary,224,smiles:CC(F)F || smiles:FC(F)C(F)F,"1,1-二氟乙烷 / 1,1,2,2-四氟乙烷",36
Binary,225,smiles:CC(C)C || smiles:FC(F)(F)I,2-甲基丙烷 / 三氟碘甲烷,36
Binary,226,smiles:CC(C)OC(C)C || smiles:CCC(C)Cl,二异丙醚 / 2-氯丁烷,36
Binary,227,smiles:CC(=O)C(C)C || smiles:CC(C)CC(C)(C)C,3-甲基-2-丁酮 / 异辛烷,36
Binary,228,smiles:C=CCC || smiles:FCF,1-丁烯 / 二氟甲烷,36
Binary,229,smiles:CC(C)C || smiles:FC(F)C(F)F,"2-甲基丙烷 / 1,1,2,2-四氟乙烷",36
Binary,230,smiles:C1CCOCC1 || smiles:CCCCl,四氢吡喃 / 1-氯丙烷,35
Binary,231,smiles:CC || smiles:FC(F)(F)C(F)(F)F,乙烷 / 六氟乙烷,35
Binary,232,smiles:CC(C)C || smiles:FCF,2-甲基丙烷 / 二氟甲烷,35
Binary,233,smiles:CCCC(C)=O || smiles:CCOC(=O)OCC,2-戊酮 / 碳酸二乙酯,35
Binary,234,smiles:CCCCCCC || smiles:S,正庚烷 / 硫化氢,35
Binary,235,smiles:CCOC(C)(C)C || smiles:c1ccsc1,2-乙氧基-2-甲基丙烷 / 噻吩,35
Binary,236,smiles:CC(C)CO || smiles:O=C=O,2-甲基-1-丙醇 / 二氧化碳,34
Binary,237,smiles:CCCCO || smiles:CCCO,1-丁醇 / 1-丙醇,34
Binary,238,smiles:CO || smiles:COC(C)=O,甲醇 / 乙酸甲酯,34
Binary,239,smiles:C=CCC || smiles:FC(F)=C(F)C(F)(F)F,1-丁烯 / 六氟丙烯,34
Binary,240,fallback:d8cb57b6c8e8471d || smiles:CC(C)O,(S)-2-羟基丙酸异丙酯 / 2-丙醇,34
Binary,241,smiles:C=C(F)C(F)(F)F || smiles:FC(F)(F)F,"2,3,3,3-四氟-1-丙烯 / 四氟甲烷",34
Binary,242,smiles:CC(C)(C)Cl || smiles:CCCCOCC,2-氯-2-甲基丙烷 / 乙基丁基醚,33
Binary,243,smiles:O=C(O)C(Cl)Cl || smiles:O=C(O)CCl,二氯乙酸 / 氯乙酸,33
Binary,244,smiles:CCC(C)Cl || smiles:CCCCOCC,2-氯丁烷 / 乙基丁基醚,33
Binary,245,smiles:CC(C)OC(C)C || smiles:CCCCCl,二异丙醚 / 1-氯丁烷,33
Binary,246,smiles:CC(C)CCl || smiles:CCCCOCC,1-氯-2-甲基丙烷 / 乙基丁基醚,33
Binary,247,smiles:CC(C)(C)Cl || smiles:CC(C)OC(C)C,2-氯-2-甲基丙烷 / 二异丙醚,33
Binary,248,smiles:C=CCC || smiles:FC(F)(F)C1(F)OC1(F)F,"1-丁烯 / 2,2,3-三氟-3-(三氟甲基)环氧乙烷",33
Binary,249,smiles:C1CCCCC1 || smiles:CCCCCC(=O)O,环己烷 / 己酸,33
Binary,250,fallback:b63ac75aa69de5ee || smiles:O=C(O)CCl,1-(2-(2-(戊氧基)乙氧基)乙氧基)戊烷 / 氯乙酸,33
Binary,251,smiles:O=C=O || smiles:[N]=O,二氧化碳 / 一氧化氮,32
Binary,252,smiles:CCCCCCC || smiles:CCCCOC=O,正庚烷 / 甲酸正丁酯,32
Binary,253,smiles:FC(F)(F)I || smiles:FC(F)C(F)F,"三氟碘甲烷 / 1,1,2,2-四氟乙烷",32
Binary,254,smiles:COCCOC || smiles:O=C=O,"1,2-二甲氧基乙烷 / 二氧化碳",32
Binary,255,smiles:CCO || smiles:CCOC(=O)C(F)(F)F,乙醇 / 三氟乙酸乙酯,32
Binary,256,smiles:FC(F)(F)I || smiles:O=C=O,三氟碘甲烷 / 二氧化碳,32
Binary,257,smiles:CCC(C)O || smiles:COC(=O)OC,2-丁醇 / 碳酸二甲酯,32
Binary,258,smiles:CCC || smiles:FC(F)(F)I,丙烷 / 三氟碘甲烷,32
Binary,259,smiles:CC(C)O || smiles:COC(=O)OC,2-丙醇 / 碳酸二甲酯,32
Binary,260,smiles:CC(C)CCl || smiles:CC(C)OC(C)C,1-氯-2-甲基丙烷 / 二异丙醚,32
Binary,261,smiles:C=C || smiles:FC(F)(F)C(F)(F)C(F)(F)C(F)(F)C(F)(F)C(F)(F)C(F)(F)F,乙烯 / 全氟庚烷,32
Binary,262,smiles:O || smiles:O=C(O)C(F)(F)F,水 / 三氟乙酸,31
Binary,263,smiles:ClC(Cl)C(Cl)Cl || smiles:O=C1CCCCC1,"1,1,2,2-四氯乙烷 / 环己酮",31
Binary,264,smiles:CN(C)C=O || smiles:CS(C)=O,"N,N-二甲基甲酰胺 / 二甲基亚砜",31
Binary,265,smiles:CCCCCO || smiles:O=C=O,1-戊醇 / 二氧化碳,31
Binary,266,smiles:CCCCCCCCC || smiles:CCCCOC=O,正壬烷 / 甲酸正丁酯,31
Binary,267,smiles:CCCCCCCC || smiles:COC=O,正辛烷 / 甲酸甲酯,31
Binary,268,smiles:C1COCO1 || smiles:CCCCCCCl,"1,3-二噁戊环 / 1-氯己烷",31
Binary,269,smiles:C1CCOC1 || smiles:CO,四氢呋喃 / 甲醇,31
Binary,270,smiles:CCCCCCC || smiles:CCOC=O,正庚烷 / 甲酸乙酯,31
Binary,271,smiles:CC(CC(C)(C)C)CP(=O)([O-])CC(C)CC(C)(C)C.CCCCCCCCCCCCCC[P+](CCCCCC)(CCCCCC)CCCCCC || smiles:CC(F)F,"三己基十四烷基膦双(2,4,4-三甲基戊基)亚膦酸酯 / 1,1-二氟乙烷",30
Binary,272,smiles:O=Cc1ccco1 || smiles:c1ccoc1,糠醛 / 呋喃,30
Binary,273,smiles:Cc1ccco1 || smiles:OCc1ccco1,2-甲基呋喃 / 糠醇,30
Binary,274,smiles:CCO || smiles:CCOC(C)(C)CC,"乙醇 / 乙基-1,1-二甲基丙基醚",30
Binary,275,smiles:CCCCCCCCC || smiles:CCOC=O,正壬烷 / 甲酸乙酯,30
Binary,276,smiles:CCC(C)=O || smiles:COCCO,丁酮 / 2-甲氧基乙醇,30
Binary,277,smiles:CC(CC(C)(C)C)CP(=O)([O-])CC(C)CC(C)(C)C.CCCCCCCCCCCCCC[P+](CCCCCC)(CCCCCC)CCCCCC || smiles:CCF,"三己基十四烷基膦双(2,4,4-三甲基戊基)亚膦酸酯 / 氟乙烷",30
Binary,278,smiles:CC(CC(C)(C)C)CP(=O)([O-])CC(C)CC(C)(C)C.CCCCCCCCCCCCCC[P+](CCCCCC)(CCCCCC)CCCCCC || smiles:FCC(F)(F)F,"三己基十四烷基膦双(2,4,4-三甲基戊基)亚膦酸酯 / 1,1,1,2-四氟乙烷",30
Binary,279,smiles:CC(CC(C)(C)C)CP(=O)([O-])CC(C)CC(C)(C)C.CCCCCCCCCCCCCC[P+](CCCCCC)(CCCCCC)CCCCCC || smiles:CC(F)(F)F,"三己基十四烷基膦双(2,4,4-三甲基戊基)亚膦酸酯 / 1,1,1-三氟乙烷",30
Binary,280,smiles:CC(C)O || smiles:OCc1ccco1,2-丙醇 / 糠醇,30
Binary,281,smiles:CC(C)(C)CO || smiles:COC(C)(C)C,"2,2-二甲基-1-丙醇 / 2-甲氧基-2-甲基丙烷",30
Binary,282,smiles:C=C(Cl)C(F)(F)F || smiles:CC(F)(Cl)C(F)(F)F,"2-氯-3,3,3-三氟丙烯 / 2-氯-1,1,1,2-四氟丙烷",30
Binary,283,smiles:C=C(Cl)C(F)(F)F || smiles:C=C(F)C(F)(F)F,"2-氯-3,3,3-三氟丙烯 / 2,3,3,3-四氟-1-丙烯",30
Binary,284,smiles:C1CCCCC1 || smiles:CCSCC,环己烷 / 3-硫杂戊烷,30
Binary,285,fallback:4501d0d6bfddcc6a || smiles:CC(C)O,乙酸异丙酯 / 2-丙醇,30
Binary,286,smiles:CCC(C)OC(C)=O || smiles:CS(C)=O,乙酸仲丁酯 / 二甲基亚砜,29
Binary,287,smiles:CCO || smiles:CCSCC,乙醇 / 3-硫杂戊烷,29
Binary,288,smiles:CCCOC(C)=O || smiles:CCO,乙酸正丙酯 / 乙醇,29
Binary,289,smiles:CCCO || smiles:CCOC(C)=O,1-丙醇 / 乙酸乙酯,29
Binary,290,smiles:CCCCOC(C)(C)C || smiles:CO,1-(叔丁氧基)丁烷 / 甲醇,29
Binary,291,smiles:CCCCO || smiles:O=C=O,1-丁醇 / 二氧化碳,29
Binary,292,smiles:CCCCCCCC || smiles:CCCOC=O,正辛烷 / 甲酸正丙酯,29
Binary,293,smiles:CCCCCCC || smiles:CCCOC=O,正庚烷 / 甲酸正丙酯,29
Binary,294,smiles:CC(=O)C(C)(C)C || smiles:CC(C)(C)CO,"3,3-二甲基-2-丁酮 / 2,2-二甲基-1-丙醇",29
Binary,295,smiles:CCC(C)=O || smiles:CCOC(=O)OCC,丁酮 / 碳酸二乙酯,29
Binary,296,smiles:CC(C)CCO || smiles:O=C=O,3-甲基-1-丁醇 / 二氧化碳,29
Binary,297,smiles:CC(C)=O || smiles:CON=C(C)C,丙酮 / 丙酮 O-甲基肟,29
Binary,298,smiles:CC(=O)O || smiles:CNC(C)=O,乙酸 / N-甲基乙酰胺,29
Binary,299,smiles:CC(=O)N(C)C || smiles:CCC(C)O,"N,N-二甲基乙酰胺 / 2-丁醇",29
Binary,300,smiles:C1CCOCC1 || smiles:CCCCCCCl,四氢吡喃 / 1-氯己烷,29
Binary,301,smiles:C1CCOC1 || smiles:CCCCCCCl,四氢呋喃 / 1-氯己烷,29
Binary,302,smiles:CCCCCCCCO || smiles:c1ccoc1,1-辛醇 / 呋喃,28
Binary,303,smiles:O=O || smiles:O=S=O,氧气 / 二氧化硫,28
Binary,304,smiles:CCOC(C)(C)C || smiles:CCSCC,2-乙氧基-2-甲基丙烷 / 3-硫杂戊烷,28
Binary,305,smiles:CCOC(=O)OCC || smiles:O=C=O,碳酸二乙酯 / 二氧化碳,28
Binary,306,smiles:CCOC(=O)OCC || smiles:O,碳酸二乙酯 / 水,28
Binary,307,smiles:CCCOCOC || smiles:CO,1-(甲氧基甲氧基)丙烷 / 甲醇,28
Binary,308,smiles:CCCO || smiles:CCCOCOC,1-丙醇 / 1-(甲氧基甲氧基)丙烷,28
Binary,309,smiles:CCC(C)OC(C)=O || smiles:Cc1ccc(C)cc1,乙酸仲丁酯 / 对二甲苯,28
Binary,310,smiles:CCCCCCCCCC || smiles:CCCCOC=O,正癸烷 / 甲酸正丁酯,28
Binary,311,smiles:CCCCC || smiles:CCCCOC=O,戊烷 / 甲酸正丁酯,28
Binary,312,smiles:CC(C)C || smiles:O=C=O,2-甲基丙烷 / 二氧化碳,28
Binary,313,smiles:C1COCCO1 || smiles:CCCCCCCl,"1,4-二噁烷 / 1-氯己烷",28
Binary,314,fallback:aa4d3d71d5f43049 || smiles:CCCO,1-(methoxymethoxy)-butane / 1-丙醇,28
Binary,315,smiles:CCCCCCCCC || smiles:CCCOC=O,正壬烷 / 甲酸正丙酯,28
Binary,316,smiles:CCC(C)O || smiles:N#N,2-丁醇 / 氮气,27
Binary,317,smiles:FC(F)(F)C(F)(F)C(F)(F)C(F)(F)C(F)(F)C(F)(F)C(F)(F)C(F)(F)F || smiles:FC(F)(F)F,全氟辛烷 / 四氟甲烷,27
Binary,318,smiles:ClCC1CO1 || smiles:O,"3-氯-1,2-环氧丙烷 / 水",27
Binary,319,smiles:CCCCO || smiles:COCOCOC,"1-丁醇 / 2,4,6-三氧杂庚烷",27
Binary,320,smiles:CCCCCCCCCC || smiles:CCCOC=O,正癸烷 / 甲酸正丙酯,27
Binary,321,smiles:CCCCCCCC || smiles:CCCCOC=O,正辛烷 / 甲酸正丁酯,27
Binary,322,smiles:CCCC(C)O || smiles:O=C=O,2-戊醇 / 二氧化碳,27
Binary,323,smiles:CCCC(C)O || smiles:N#N,2-戊醇 / 氮气,27
Binary,324,smiles:CCCC || smiles:CCCCO,丁烷 / 1-丁醇,27
Binary,325,smiles:CCC(C)O || smiles:CCCC,2-丁醇 / 丁烷,27
Binary,326,smiles:CC(C)O || smiles:N#N,2-丙醇 / 氮气,27
Binary,327,smiles:CC(C)O || smiles:CCCC,2-丙醇 / 丁烷,27
Binary,328,smiles:CC(C)CC(C)(C)C || smiles:CCOC(C)=O,异辛烷 / 乙酸乙酯,27
Binary,329,smiles:CC(C)(N)CO || smiles:O,2-氨基-2-甲基-1-丙醇 / 水,27
Binary,330,smiles:CC(C)(C)O || smiles:CCCC,2-甲基-2-丙醇 / 丁烷,27
Binary,331,smiles:CC(=O)CC(C)C || smiles:CC(C)OC(C)C,4-甲基-2-戊酮 / 二异丙醚,27
Binary,332,fallback:b63ac75aa69de5ee || smiles:O=C(O)C(Cl)Cl,1-(2-(2-(戊氧基)乙氧基)乙氧基)戊烷 / 二氯乙酸,27
Binary,333,smiles:CCC(C)(C)OC || smiles:CCO,2-甲氧基-2-甲基丁烷 / 乙醇,27
Binary,334,smiles:CCCC(C)O || smiles:Cc1ccccc1,2-戊醇 / 甲苯,26
Binary,335,smiles:CCCCCCCC || smiles:NC1CCCCC1,正辛烷 / 环己胺,26
Binary,336,smiles:CCCCCCC || smiles:COC=O,正庚烷 / 甲酸甲酯,26
Binary,337,smiles:CCCCC || smiles:CCOC=O,戊烷 / 甲酸乙酯,26
Binary,338,smiles:CCCC || smiles:FC(F)C(F)(F)F,丁烷 / 五氟乙烷,26
Binary,339,smiles:CCCC(C)O || smiles:Cc1ccc(C)c(C)c1,"2-戊醇 / 1,2,4-三甲苯",26
Binary,340,smiles:CCCC(C)O || smiles:CCCCCCC,2-戊醇 / 正庚烷,26
Binary,341,smiles:CCCCCO || smiles:Cc1ccc(C)c(C)c1,"1-戊醇 / 1,2,4-三甲苯",26
Binary,342,smiles:CCCCCCCCC || smiles:COC=O,正壬烷 / 甲酸甲酯,26
Binary,343,smiles:CC1CCCCC1 || smiles:CCOC(=O)OCC,甲基环己烷 / 碳酸二乙酯,26
Binary,344,smiles:CCCCCO || smiles:Cc1ccccc1,1-戊醇 / 甲苯,26
Binary,345,smiles:CCCCO || smiles:CCCCOC(=O)C(C)O,1-丁醇 / L-乳酸丁酯,26
Binary,346,smiles:CCCOC(C)=O || smiles:CCOC(C)=O,乙酸正丙酯 / 乙酸乙酯,26
Binary,347,smiles:CCO || smiles:CCOC(=O)OCC,乙醇 / 碳酸二乙酯,26
Binary,348,smiles:CCO || smiles:CSC,乙醇 / 2-硫杂丙烷,26
Binary,349,smiles:COC || smiles:CSC,dimethyl ether / 2-硫杂丙烷,26
Binary,350,smiles:COC(C)=O || smiles:CSC,乙酸甲酯 / 2-硫杂丙烷,26
Binary,351,smiles:Cc1ccccc1 || smiles:c1ccoc1,甲苯 / 呋喃,26
Binary,352,smiles:O=C(C(F)(F)C(F)(F)F)C(F)(C(F)(F)F)C(F)(F)F || smiles:O=C=O,十二氟-2-甲基戊烷-3-酮 / 二氧化碳,26
Binary,353,smiles:CCC(O)CC || smiles:O=C=O,3-戊醇 / 二氧化碳,26
Binary,354,smiles:CC(C)CC(C)(C)C || smiles:CCCCCO,异辛烷 / 1-戊醇,26
Binary,355,smiles:CC(C)O || smiles:CCCCCO,2-丙醇 / 1-戊醇,26
Binary,356,smiles:C=C(C)C || smiles:CCSCC,2-甲基丙烯 / 3-硫杂戊烷,26
Binary,357,smiles:CC(C)CO || smiles:COCOCC(C)C,2-甲基-1-丙醇 / 1-(甲氧基甲氧基)-2-甲基丙烷,26
Binary,358,smiles:C/C=C\C || smiles:CCSCC,顺式-2-丁烯 / 3-硫杂戊烷,26
Binary,359,smiles:C1CCCCC1 || smiles:CCCC(C)O,环己烷 / 2-戊醇,26
Binary,360,smiles:C1CCCCC1 || smiles:CCCCCO,环己烷 / 1-戊醇,26
Binary,361,smiles:C1CCOC1 || smiles:CCCCl,四氢呋喃 / 1-氯丙烷,26
Binary,362,smiles:C1CCSC1 || smiles:C=C(C)CC(C)(C)C,"四氢噻吩 / 2,4,4-三甲基-1-戊烯",26
Binary,363,smiles:C1COCO1 || smiles:CC(C)(C)O,"1,3-二噁戊环 / 2-甲基-2-丙醇",26
Binary,364,smiles:C=C(C)C || smiles:CCC#N,2-甲基丙烯 / 丙腈,26
Binary,365,fallback:4501d0d6bfddcc6a || smiles:O=C=O,乙酸异丙酯 / 二氧化碳,26
Binary,366,smiles:C=CCC || smiles:CCC#N,1-丁烯 / 丙腈,26
Binary,367,smiles:C=CCCCC || smiles:CCCC(C)O,1-己烯 / 2-戊醇,26
Binary,368,smiles:C=CCCCC || smiles:CCCCCO,1-己烯 / 1-戊醇,26
Binary,369,smiles:CC(=O)N(C)C || smiles:CCC(C)OC(C)=O,"N,N-二甲基乙酰胺 / 乙酸仲丁酯",26
Binary,370,smiles:CC(=O)O || smiles:CCOC(C)=O,乙酸 / 乙酸乙酯,26
Binary,371,smiles:CC(C)C || smiles:CCC#N,2-甲基丙烷 / 丙腈,26
Binary,372,smiles:CC(C)CC(C)(C)C || smiles:CCCC(C)O,异辛烷 / 2-戊醇,26
Binary,373,smiles:CC(C)CC(C)(C)C || smiles:CCCCO,异辛烷 / 1-丁醇,26
Binary,374,smiles:C=CCC || smiles:CCSCC,1-丁烯 / 3-硫杂戊烷,26
Binary,375,smiles:CCC || smiles:CCCO,丙烷 / 1-丙醇,25
Binary,376,smiles:CO || smiles:c1ccccc1,甲醇 / 苯,25
Binary,377,smiles:CCO || smiles:O=C=O,乙醇 / 二氧化碳,25
Binary,378,smiles:CCCO || smiles:CCCOCOCC,1-丙醇 / 1-(乙氧基甲氧基)丙烷,25
Binary,379,smiles:CCCCOC(C)(C)C || smiles:CCO,1-(叔丁氧基)丁烷 / 乙醇,25
Binary,380,smiles:CCC#N || smiles:CCCC,丙腈 / 丁烷,25
Binary,381,smiles:CC(C)OC(C)C || smiles:O=C=O,二异丙醚 / 二氧化碳,25
Binary,382,smiles:CC(CC(C)(C)C)CP(=O)([O-])CC(C)CC(C)(C)C.CCCCCCCCCCCCCC[P+](CCCCCC)(CCCCCC)CCCCCC || smiles:FC(F)C(F)(F)F,"三己基十四烷基膦双(2,4,4-三甲基戊基)亚膦酸酯 / 五氟乙烷",25
Binary,383,smiles:CC(C)C || smiles:CCSCC,2-甲基丙烷 / 3-硫杂戊烷,25
Binary,384,smiles:CC(=O)N(C)C || smiles:CS(C)=O,"N,N-二甲基乙酰胺 / 二甲基亚砜",25
Binary,385,smiles:C1CCSC1 || smiles:Cc1ccccc1C,四氢噻吩 / 邻二甲苯,25
Binary,386,smiles:C1=CCCCC1 || smiles:C1COCCN1,"环己烯 / 四氢-1,4-噁嗪",25
Binary,387,smiles:C/C=C/C || smiles:CCSCC,反式-2-丁烯 / 3-硫杂戊烷,25
Binary,388,smiles:CCCCCCC || smiles:CCCCCO,正庚烷 / 1-戊醇,24
Binary,389,smiles:O=C=O || smiles:O=S=O,二氧化碳 / 二氧化硫,24
Binary,390,smiles:FC(F)(F)C(F)(F)C(F)(F)C(F)(F)C(F)(F)C(F)(F)F || smiles:FC(F)(F)F,全氟己烷 / 四氟甲烷,24
Binary,391,smiles:COCC(C)O || smiles:COCCO,1-甲氧基-2-丙醇 / 2-甲氧基乙醇,24
Binary,392,smiles:CCCOCOCC || smiles:CCO,1-(乙氧基甲氧基)丙烷 / 乙醇,24
Binary,393,smiles:CCCCCCCC || smiles:CCOC=O,正辛烷 / 甲酸乙酯,24
Binary,394,smiles:COCCO || smiles:O,2-甲氧基乙醇 / 水,24
Binary,395,smiles:CCCCC || smiles:CCCOC=O,戊烷 / 甲酸正丙酯,24
Binary,396,fallback:aa4d3d71d5f43049 || smiles:CCCCO,1-(methoxymethoxy)-butane / 1-丁醇,24
Binary,397,smiles:C1CCCCC1 || smiles:C1COCCN1,"环己烷 / 四氢-1,4-噁嗪",24
Binary,398,smiles:C1CCOCC1 || smiles:CCCCCl,四氢吡喃 / 1-氯丁烷,24
Binary,399,smiles:CC(C)CO || smiles:CCCCCCO,2-甲基-1-丙醇 / 1-己醇,24
Binary,400,smiles:CC(C)C(C)O || smiles:O=C=O,3-甲基-2-丁醇 / 二氧化碳,24
Binary,401,smiles:CC(C)CCO || smiles:CCC(=O)OCCC(C)C,3-甲基-1-丁醇 / 异戊酸异戊酯,24
Binary,402,smiles:CC1=CCC2CC1C2(C)C || smiles:CC1=CC[C@@H]2[C@H](C1)C2(C)C,2-蒎烯 / (+)-3-蒈烯,23
Binary,403,smiles:CCOC(=O)OCC || smiles:CCOC(C)=O,碳酸二乙酯 / 乙酸乙酯,23
Binary,404,smiles:CCCCCCCCCC || smiles:CCOC=O,正癸烷 / 甲酸乙酯,23
Binary,405,smiles:NC1CCCCC1 || smiles:O,环己胺 / 水,23
Binary,406,smiles:CC(C)OC(C)C || smiles:COCCO,二异丙醚 / 2-甲氧基乙醇,23
Binary,407,smiles:CC(=O)O || smiles:CCC(C)=O,乙酸 / 丁酮,23
Binary,408,smiles:CC#N || smiles:O,乙腈 / 水,23
Binary,409,smiles:CCCC(=O)OCC || smiles:O=C=O,丁酸乙酯 / 二氧化碳,23
Binary,410,smiles:CCCCCCCC || smiles:CCOC(=O)CC,正辛烷 / 丙酸乙酯,22
Binary,411,smiles:FC(F)C(F)(F)F || smiles:O=C=O,五氟乙烷 / 二氧化碳,22
Binary,412,smiles:FC(Cl)C(F)(F)F || smiles:O=C=O,"2-氯-1,1,1,2-四氟乙烷 / 二氧化碳",22
Binary,413,smiles:COC(=O)OC || smiles:COC(=O)Oc1ccccc1,碳酸二甲酯 / 碳酸甲酯苯酯,22
Binary,414,smiles:CO || smiles:COC(=O)Oc1ccccc1,甲醇 / 碳酸甲酯苯酯,22
Binary,415,smiles:CCOC(C)(C)CC || smiles:CO,"乙基-1,1-二甲基丙基醚 / 甲醇",22
Binary,416,smiles:CCCCOC(C)=O || smiles:COc1ccccc1,乙酸正丁酯 / 苯甲醚,22
Binary,417,smiles:CCCCCO || smiles:CCCOCCC,1-戊醇 / 二丙醚,22
Binary,418,smiles:CCCCCCCCCCCC(=O)OCC || smiles:CCO,十二酸乙酯 / 乙醇,22
Binary,419,smiles:CCCCCC || smiles:CCOC(=O)CC,正己烷 / 丙酸乙酯,22
Binary,420,smiles:CCC(C)O || smiles:CO,2-丁醇 / 甲醇,22
Binary,421,smiles:CC(C)O || smiles:CCCCO,2-丙醇 / 1-丁醇,22
Binary,422,smiles:CC(C)=O || smiles:CC(C)N(C)C,"丙酮 / N,N-二甲基异丙胺",22
Binary,423,smiles:C=CCO || smiles:OCCO,丙烯醇 / 乙二醇,22
Binary,424,smiles:C=C1C2CCC(C2)C1(C)C || smiles:Cc1ccc(C(C)C)cc1,冰片烯 / 对异丙基甲苯,22
Binary,425,smiles:C1CCOCC1 || smiles:CCC(C)Cl,四氢吡喃 / 2-氯丁烷,22
Binary,426,smiles:CCC(C)O || smiles:CS(C)=O,2-丁醇 / 二甲基亚砜,22
Binary,427,smiles:CCCCCO || smiles:CCCO,1-戊醇 / 1-丙醇,21
Binary,428,smiles:CCC(C)O || smiles:CN(C)C=O,"2-丁醇 / N,N-二甲基甲酰胺",21
Binary,429,smiles:CCCCC1CCCCC1 || smiles:O=C=O,丁基环己烷 / 二氧化碳,21
Binary,430,smiles:CCCCCCCC || smiles:CCO,正辛烷 / 乙醇,21
Binary,431,smiles:CCCCCCCC/C=C\CCCCCCCC(=O)OCC(COC(=O)CCCCCCC/C=C\CCCCCCCC)OC(=O)CCCCCCC/C=C\CCCCCCCC || smiles:CO,三油酸甘油酯 / 甲醇,21
Binary,432,smiles:CCCCCCO || smiles:CCCCOC(C)=O,1-己醇 / 乙酸正丁酯,21
Binary,433,smiles:CCCCCO || smiles:CCCCO,1-戊醇 / 1-丁醇,21
Binary,434,smiles:CCO || smiles:CCOC(=O)CC,乙醇 / 丙酸乙酯,21
Binary,435,smiles:CCCCO || smiles:COCOCC(C)C,1-丁醇 / 1-(甲氧基甲氧基)-2-甲基丙烷,21
Binary,436,smiles:CCCO || smiles:CCOCCO,1-丙醇 / 2-乙氧基乙醇,21
Binary,437,smiles:CCCOCCC || smiles:CCOCCO,二丙醚 / 2-乙氧基乙醇,21
Binary,438,smiles:CCO || smiles:c1ccccc1,乙醇 / 苯,21
Binary,439,smiles:CCc1cccs1 || smiles:Cc1cc(C)cc(C)c1,"2-乙基噻吩 / 1,3,5-三甲苯",21
Binary,440,smiles:CO || smiles:O,甲醇 / 水,21
Binary,441,smiles:CC(C)CCO || smiles:CCCCCCO,3-甲基-1-丁醇 / 1-己醇,21
Binary,442,smiles:CCC(C)=O || smiles:CO,丁酮 / 甲醇,21
Binary,443,smiles:CC(C)CO || smiles:CCCCOC(=O)CC,2-甲基-1-丙醇 / 丙酸正丁酯,21
Binary,444,smiles:C1CCCCC1 || smiles:CCOC(=O)CC,环己烷 / 丙酸乙酯,21
Binary,445,smiles:C=CCO || smiles:O,丙烯醇 / 水,21
Binary,446,smiles:CC(C)CC(C)(C)C || smiles:CCC(C)=O,异辛烷 / 丁酮,21
Binary,447,smiles:C1CCCCC1 || smiles:Nc1ccccc1,环己烷 / 苯胺,21
Binary,448,smiles:C1CCOCC1 || smiles:CC(C)CC(C)(C)C,四氢吡喃 / 异辛烷,21
Binary,449,smiles:C1CCOCC1 || smiles:CC(C)CCl,四氢吡喃 / 1-氯-2-甲基丙烷,21
Binary,450,smiles:C=C(F)C(F)(F)F || smiles:[Ar],"2,3,3,3-四氟-1-丙烯 / 氩气",21
Binary,451,smiles:C=C1C2CCC(C2)C1(C)C || smiles:CC1=CCC2CC1C2(C)C,冰片烯 / 2-蒎烯,21
Binary,452,smiles:C1CCOCC1 || smiles:CC(C)O,四氢吡喃 / 2-丙醇,21
Binary,453,smiles:CC(=O)N(C)C || smiles:CC(C)N(C)C,"N,N-二甲基乙酰胺 / N,N-二甲基异丙胺",21
Binary,454,smiles:CC(=O)O || smiles:CN1CCCC1=O,乙酸 / N-甲基吡咯烷酮,21
Binary,455,smiles:CC(=O)OCC(C)C || smiles:CCCCCCO,乙酸异丁酯 / 1-己醇,21
Binary,456,smiles:CC(=O)OCC(C)C || smiles:CCCCOC(=O)CC,乙酸异丁酯 / 丙酸正丁酯,21
Binary,457,smiles:CC(=O)OCC(C)C || smiles:CN(C)C=O,"乙酸异丁酯 / N,N-二甲基甲酰胺",21
Binary,458,smiles:CC(C)=O || smiles:CC(C)CC(C)(C)C,丙酮 / 异辛烷,21
Binary,459,smiles:CC(C)=O || smiles:CCO,丙酮 / 乙醇,21
Binary,460,smiles:CC(C)O || smiles:COCCO,2-丙醇 / 2-甲氧基乙醇,20
Binary,461,smiles:NC1CCCCC1 || smiles:Nc1ccccc1,环己胺 / 苯胺,20
Binary,462,smiles:CO || smiles:OCC(F)(F)C(F)(F)C(F)(F)C(F)F,"甲醇 / 2,2,3,3,4,4,5,5-八氟-1-戊醇",20
Binary,463,smiles:CCCCc1ccccc1 || smiles:O=CN1CCOCC1,正丁苯 / N-甲酰吗啉,20
Binary,464,smiles:CCCCO || smiles:COCOCOCOC,"1-丁醇 / 2,4,6,8-四氧杂壬烷",20
Binary,465,smiles:CCCCCCCCCCCC(=O)OC || smiles:CO,十二酸甲酯 / 甲醇,20
Binary,466,smiles:CCC(C)C || smiles:c1ccsc1,2-甲基丁烷 / 噻吩,20
Binary,467,smiles:CC1=CCC2CC1C2(C)C || smiles:Cc1ccc(C(C)C)cc1,2-蒎烯 / 对异丙基甲苯,20
Binary,468,smiles:CC(C)O || smiles:OCCCO,"2-丙醇 / 1,3-丙二醇",20
Binary,469,smiles:CC(C)O || smiles:CCC(=O)OC(C)C,2-丙醇 / 丙酸异丙酯,20
Binary,470,smiles:CC(C)CCO || smiles:CCCCOC(C)=O,3-甲基-1-丁醇 / 乙酸正丁酯,20
Binary,471,smiles:CC(C)CC(C)(C)C || smiles:COC(C)(C)C,异辛烷 / 2-甲氧基-2-甲基丙烷,20
Binary,472,smiles:CC(=O)N(C)C || smiles:CN(C)C=O,"N,N-二甲基乙酰胺 / N,N-二甲基甲酰胺",20
Binary,473,smiles:CC(=O)N(C)C || smiles:CC(=O)O,"N,N-二甲基乙酰胺 / 乙酸",20
Binary,474,smiles:C=CCO || smiles:CNC=O,丙烯醇 / N-甲基甲酰胺,20
Binary,475,smiles:C=C(F)C(F)(F)F || smiles:FC(F)(F)C(F)(F)C(F)(F)F,"2,3,3,3-四氟-1-丙烯 / 八氟丙烷",20
Binary,476,fallback:2435468cddae75fa || smiles:CC1=CCC2CC1C2(C)C,石竹烯 / 2-蒎烯,20
Binary,477,smiles:CC(C)CO || smiles:CN(C)C=O,"2-甲基-1-丙醇 / N,N-二甲基甲酰胺",20
Binary,478,fallback:2435468cddae75fa || smiles:CC1=CCC2C(C1)C2(C)C,石竹烯 / 3-蒈烯,20
Binary,479,smiles:CCCCCCCCCC || smiles:CCc1cccs1,正癸烷 / 2-乙基噻吩,19
Binary,480,smiles:CCCO || smiles:OCCO,1-丙醇 / 乙二醇,19
Binary,481,smiles:CCCCCCCCCCCCCC(=O)OCC || smiles:CCO,十四酸乙酯 / 乙醇,19
Binary,482,smiles:CCCCCCO || smiles:CCCCO,1-己醇 / 1-丁醇,19
Binary,483,smiles:CCCCCO || smiles:CCCCCS,1-戊醇 / 1-戊硫醇,19
Binary,484,smiles:CCCCOC(C)=O || smiles:COc1ccccc1O,乙酸正丁酯 / 愈创木酚,19
Binary,485,smiles:CCCO || smiles:CCOCC(C)O,1-丙醇 / 1-乙氧基-2-丙醇,19
Binary,486,smiles:Cc1ccccc1C || smiles:c1ccccc1,邻二甲苯 / 苯,19
Binary,487,smiles:CCO || smiles:COC(=O)OC,乙醇 / 碳酸二甲酯,19
Binary,488,smiles:CCOC(=O)C(C)CC || smiles:O=C=O,2-甲基丁酸乙酯 / 二氧化碳,19
Binary,489,smiles:Cc1ccc(C)cc1 || smiles:OCC(F)(F)C(F)F,"对二甲苯 / 2,2,3,3-四氟-1-丙醇",19
Binary,490,smiles:ClC(Cl)(Cl)Br || smiles:ClCBr,三氯溴甲烷 / 溴氯甲烷,19
Binary,491,smiles:ClC(Cl)Cl || smiles:OCC(F)(F)C(F)F,"氯仿 / 2,2,3,3-四氟-1-丙醇",19
Binary,492,smiles:FC(F)Cl || smiles:O=C=O,氯二氟甲烷 / 二氧化碳,19
Binary,493,smiles:CCCCCCCCCCCCCC(=O)OC || smiles:CO,肉豆蔻酸甲酯 / 甲醇,19
Binary,494,smiles:CC(C)CCO || smiles:CCCCO,3-甲基-1-丁醇 / 1-丁醇,19
Binary,495,smiles:CCCCCC || smiles:CCO,正己烷 / 乙醇,19
Binary,496,smiles:C=C(F)C(F)(F)F || smiles:N#N,"2,3,3,3-四氟-1-丙烯 / 氮气",19
Binary,497,smiles:CCC(C)OC(C)=O || smiles:CN(C)C=O,"乙酸仲丁酯 / N,N-二甲基甲酰胺",19
Binary,498,fallback:2435468cddae75fa || smiles:C=C1C2CCC(C2)C1(C)C,石竹烯 / 冰片烯,19
Binary,499,fallback:2435468cddae75fa || smiles:Cc1ccc(C(C)C)cc1,石竹烯 / 对异丙基甲苯,19
Binary,500,fallback:4501d0d6bfddcc6a || smiles:CCC(C)=O,乙酸异丙酯 / 丁酮,19
Binary,501,fallback:4501d0d6bfddcc6a || smiles:COC(C)=O,乙酸异丙酯 / 乙酸甲酯,19
Binary,502,smiles:C1CCCCC1 || smiles:O=C=O,环己烷 / 二氧化碳,19
Binary,503,smiles:CC#N || smiles:OCCO,乙腈 / 乙二醇,19
Binary,504,smiles:CC#N || smiles:CCCO,乙腈 / 1-丙醇,19
Binary,505,smiles:CC(C)=O || smiles:O=Cc1ccco1,丙酮 / 糠醛,19
Binary,506,smiles:CC(C)CC(C)(C)C || smiles:CCCCOCCCC,异辛烷 / 二丁醚,19
Binary,507,smiles:CC(C)O || smiles:CCOCC(C)O,2-丙醇 / 1-乙氧基-2-丙醇,19
Binary,508,smiles:CC(C)OC(C)C || smiles:CCCCO,二异丙醚 / 1-丁醇,19
Binary,509,smiles:CC1=CCC2C(C1)C2(C)C || smiles:Cc1ccc(C(C)C)cc1,3-蒈烯 / 对异丙基甲苯,19
Binary,510,smiles:CCCOC(C)=O || smiles:CS(C)=O,乙酸正丙酯 / 二甲基亚砜,18
Binary,511,smiles:FC(F)(F)C(Cl)Cl || smiles:O=C=O,"1,1-二氯-2,2,2-三氟乙烷 / 二氧化碳",18
Binary,512,smiles:Cl[SiH2]Cl || smiles:Cl[Si](Cl)(Cl)Cl,二氯氢硅 / 四氯化硅,18
Binary,513,smiles:CO || smiles:CS(C)=O,甲醇 / 二甲基亚砜,18
Binary,514,smiles:CN1CCCC1=O || smiles:OCC(F)(F)C(F)F,"N-甲基吡咯烷酮 / 2,2,3,3-四氟-1-丙醇",18
Binary,515,smiles:CCOC(C)=O || smiles:CS(C)=O,乙酸乙酯 / 二甲基亚砜,18
Binary,516,smiles:CCO || smiles:OCCCO,"乙醇 / 1,3-丙二醇",18
Binary,517,smiles:CC(C)OC(C)C || smiles:CCOCC(C)O,二异丙醚 / 1-乙氧基-2-丙醇,18
Binary,518,smiles:CCCO || smiles:ClCCBr,1-丙醇 / 1-溴-2-氯乙烷,18
Binary,519,smiles:CC(C)N(C)C || smiles:O=Cc1ccco1,"N,N-二甲基异丙胺 / 糠醛",18
Binary,520,smiles:CC(C)CC(C)(C)C || smiles:CC(C)OC(C)C,异辛烷 / 二异丙醚,18
Binary,521,smiles:C=C || smiles:Cc1ccccc1,乙烯 / 甲苯,18
Binary,522,smiles:BrCCBr || smiles:ClC(Cl)Cl,"1,2-二溴乙烷 / 氯仿",18
Binary,523,smiles:BrCBr || smiles:ClCBr,二溴甲烷 / 溴氯甲烷,18
Binary,524,smiles:C/C=C/CC#N || smiles:C=CC1CC=CCC1,3-戊烯腈 / 4-乙烯基环己烯,18
Binary,525,smiles:COC(C)=O || smiles:CS(C)=O,乙酸甲酯 / 二甲基亚砜,17
Binary,526,smiles:CCCCCCCCC || smiles:c1ccccc1,正壬烷 / 苯,17
Binary,527,smiles:CCCCCCCCCC || smiles:Cc1ccc(C)s1,"正癸烷 / 2,5-二甲基噻吩",17
Binary,528,smiles:CCI || smiles:CCO,碘乙烷 / 乙醇,17
Binary,529,smiles:CCC(=O)O || smiles:CCI,丙酸 / 碘乙烷,17
Binary,530,smiles:Cc1ccc(C)c(C)c1 || smiles:O=CN1CCOCC1,"1,2,4-三甲苯 / N-甲酰吗啉",17
Binary,531,smiles:Cc1ccccc1 || smiles:Cc1ccccc1C,甲苯 / 邻二甲苯,17
Binary,532,smiles:O || smiles:OCCCO,"水 / 1,3-丙二醇",17
Binary,533,smiles:CCCCCC || smiles:c1ccoc1,正己烷 / 呋喃,17
Binary,534,smiles:C1COCCO1 || smiles:CCCCO,"1,4-二噁烷 / 1-丁醇",17
Binary,535,smiles:CC(O)C(C)O || smiles:CCCCOC(C)=O,"1,2-丁二醇 / 乙酸正丁酯",17
Binary,536,smiles:CC(C)CC(C)(C)C || smiles:CCCCS,异辛烷 / 1-丁硫醇,17
Binary,537,smiles:CC(=O)O || smiles:ClCCCl,"乙酸 / 1,2-二氯乙烷",17
Binary,538,smiles:C=CCO || smiles:CN1CCCC1=O,丙烯醇 / N-甲基吡咯烷酮,17
Binary,539,smiles:C=C(C)C(C)C || smiles:c1ccsc1,"2,3-二甲基-1-丁烯 / 噻吩",17
Binary,540,smiles:BrCCBr || smiles:ClC(Cl)C(Cl)Cl,"1,2-二溴乙烷 / 1,1,2,2-四氯乙烷",17
Binary,541,smiles:BrCBr || smiles:ClC(Cl)(Cl)Br,二溴甲烷 / 三氯溴甲烷,17
Binary,542,fallback:e1591e1a11bbc209 || smiles:C=CC(C)CCCC(C)(C)O,"(1S,2S,5R)-蒎烷 / 2,6-二甲基-7-辛烯-2-醇",17
Binary,543,smiles:CC(O)C(C)O || smiles:CCCCO,"1,2-丁二醇 / 1-丁醇",17
Binary,544,smiles:COC(=O)OC || smiles:COCOC,碳酸二甲酯 / 二甲氧基甲烷,16
Binary,545,smiles:CCCCOC(=O)CC || smiles:COC(=O)OC,丙酸正丁酯 / 碳酸二甲酯,16
Binary,546,smiles:CN(C)C=O || smiles:OCC(F)(F)C(F)F,"N,N-二甲基甲酰胺 / 2,2,3,3-四氟-1-丙醇",16
Binary,547,smiles:CNC=O || smiles:OCC(F)(F)C(F)F,"N-甲基甲酰胺 / 2,2,3,3-四氟-1-丙醇",16
Binary,548,smiles:COC(=O)OC || smiles:COC=O,碳酸二甲酯 / 甲酸甲酯,16
Binary,549,smiles:OCC(F)(F)C(F)(F)C(F)(F)C(F)F || smiles:OCC(F)(F)C(F)F,"2,2,3,3,4,4,5,5-八氟-1-戊醇 / 2,2,3,3-四氟-1-丙醇",16
Binary,550,smiles:COC(=O)OC || smiles:Cc1ccc(C)cc1,碳酸二甲酯 / 对二甲苯,16
Binary,551,smiles:COC=O || smiles:COCOC,甲酸甲酯 / 二甲氧基甲烷,16
Binary,552,smiles:CS(C)=O || smiles:O,二甲基亚砜 / 水,16
Binary,553,smiles:O || smiles:OCC(F)(F)C(F)F,"水 / 2,2,3,3-四氟-1-丙醇",16
Binary,554,smiles:CCCCCCO || smiles:Clc1ccccc1,1-己醇 / 氯苯,16
Binary,555,smiles:CCCCCCO || smiles:O=[N+]([O-])c1ccccc1,1-己醇 / 硝基苯,16
Binary,556,smiles:CCc1cccc(C)c1 || smiles:Cc1ccc(C)c(C)c1,"1-乙基-3-甲基苯 / 1,2,4-三甲苯",16
Binary,557,smiles:CCCCCCO || smiles:Cc1ccccc1C,1-己醇 / 邻二甲苯,16
Binary,558,smiles:CCC(=O)O || smiles:CCC(=O)OC(C)C,丙酸 / 丙酸异丙酯,16
Binary,559,smiles:CCCCCCO || smiles:CN(C)C=O,"1-己醇 / N,N-二甲基甲酰胺",16
Binary,560,smiles:BrCBr || smiles:CCCCCCC,二溴甲烷 / 正庚烷,16
Binary,561,smiles:BrCCBr || smiles:ClCCCl,"1,2-二溴乙烷 / 1,2-二氯乙烷",16
Binary,562,smiles:CC(=O)CC(C)C || smiles:ClC(Cl)Cl,4-甲基-2-戊酮 / 氯仿,16
Binary,563,smiles:CC(C)O || smiles:CCCOC(C)=O,2-丙醇 / 乙酸正丙酯,16
Binary,564,smiles:CC(C)(C)O || smiles:CCCCC(CC)CO,2-甲基-2-丙醇 / 2-乙基-1-己醇,16
Binary,565,smiles:CCCCCC=O || smiles:O=C=O,己醛 / 二氧化碳,16
Binary,566,smiles:CCCCCCC || smiles:CCCCCCCCC,正庚烷 / 正壬烷,16
Binary,567,smiles:CCCCCCCC || smiles:CCc1cccs1,正辛烷 / 2-乙基噻吩,16
Binary,568,smiles:CCCCCCCC || smiles:Cc1ccc(C)cc1,正辛烷 / 对二甲苯,16
Binary,569,smiles:CCOCCO || smiles:CN1CCCC1=O,2-乙氧基乙醇 / N-甲基吡咯烷酮,15
Binary,570,smiles:CCCCCCCCCCC || smiles:Cc1ccccc1C,十一烷 / 邻二甲苯,15
Binary,571,smiles:CCCCCCO || smiles:Nc1ccccc1,1-己醇 / 苯胺,15
Binary,572,smiles:CCCCOCCO || smiles:CN1CCCC1=O,2-丁氧基乙醇 / N-甲基吡咯烷酮,15
Binary,573,smiles:CCCO || smiles:ClCBr,1-丙醇 / 溴氯甲烷,15
Binary,574,smiles:CCI || smiles:CCOC(=O)CC,碘乙烷 / 丙酸乙酯,15
Binary,575,smiles:Cc1cccc(O)c1 || smiles:OCCNCCO,间甲酚 / 二乙醇胺,15
Binary,576,smiles:CCc1ccc(C)cc1 || smiles:Cc1ccc(C)c(C)c1,"1-乙基-4-甲基苯 / 1,2,4-三甲苯",15
Binary,577,smiles:CCc1ccccc1 || smiles:O=CN1CCOCC1,乙苯 / N-甲酰吗啉,15
Binary,578,smiles:CN1CCCC1=O || smiles:COCCO,N-甲基吡咯烷酮 / 2-甲氧基乙醇,15
Binary,579,smiles:COCCO || smiles:Cc1ccccc1,2-甲氧基乙醇 / 甲苯,15
Binary,580,smiles:Cc1ccc(O)cc1 || smiles:OCCNCCO,对甲酚 / 二乙醇胺,15
Binary,581,smiles:CCCCCCCCC || smiles:Cc1ccccc1,正壬烷 / 甲苯,15
Binary,582,smiles:CCCCCCCCCCC || smiles:Cc1cccc(C)c1,十一烷 / 间二甲苯,15
Binary,583,smiles:CCC(C)(C)O || smiles:O=Cc1ccco1,2-甲基-2-丁醇 / 糠醛,15
Binary,584,smiles:CCCCCCCC || smiles:Cc1cccc(C)c1,正辛烷 / 间二甲苯,15
Binary,585,smiles:CC(=O)O || smiles:CS(C)=O,乙酸 / 二甲基亚砜,15
Binary,586,smiles:CCCCCCC || smiles:ClC(Cl)(Cl)Br,正庚烷 / 三氯溴甲烷,15
Binary,587,smiles:C=CC#N || smiles:CCCCCCO,丙烯腈 / 1-己醇,15
Binary,588,smiles:CC#N || smiles:CCCCCCO,乙腈 / 1-己醇,15
Binary,589,smiles:CC#N || smiles:CCO,乙腈 / 乙醇,15
Binary,590,smiles:CC(=O)O || smiles:CN(C)C=O,"乙酸 / N,N-二甲基甲酰胺",15
Binary,591,smiles:CC#N || smiles:CC(C)O,乙腈 / 2-丙醇,15
Binary,592,smiles:CC(=O)OCC(C)C || smiles:CCO,乙酸异丁酯 / 乙醇,15
Binary,593,smiles:CC(=O)OCC(C)C || smiles:COC(=O)OC,乙酸异丁酯 / 碳酸二甲酯,15
Binary,594,smiles:CC(C)O || smiles:CCOC(C)=O,2-丙醇 / 乙酸乙酯,15
Binary,595,smiles:CC(O)C(C)O || smiles:CCOC(C)=O,"1,2-丁二醇 / 乙酸乙酯",15
Binary,596,smiles:C || smiles:CSC,甲烷 / 2-硫杂丙烷,15
Binary,597,smiles:CCCCCCCCCC || smiles:Cc1cccc(C)c1,正癸烷 / 间二甲苯,14
Binary,598,smiles:ClC(Cl)Cl || smiles:FC(F)(F)c1ccccc1,氯仿 / 三氟甲苯,14
Binary,599,smiles:Cc1ccccc1 || smiles:ClCCCl,"甲苯 / 1,2-二氯乙烷",14
Binary,600,smiles:CSSC || smiles:Cc1ccccc1,"2,3-二硫杂丁烷 / 甲苯",14
Binary,601,smiles:CN(C)C=O || smiles:ClC(Cl)Cl,"N,N-二甲基甲酰胺 / 氯仿",14
Binary,602,smiles:CCO || smiles:c1ccoc1,乙醇 / 呋喃,14
Binary,603,smiles:CCO || smiles:FC(F)(F)c1ccccc1,乙醇 / 三氟甲苯,14
Binary,604,smiles:CCCCc1ccccc1 || smiles:COc1ccccc1,正丁苯 / 苯甲醚,14
Binary,605,smiles:CCCCCCCCCCCCCCCC || smiles:c1ccc2c(c1)CCCC2,"十六烷 / 1,2,3,4-四氢萘",14
Binary,606,smiles:CCCCCCCCCCC || smiles:Cc1ccc(C)cc1,十一烷 / 对二甲苯,14
Binary,607,smiles:CCCCCCCC || smiles:Cc1ccccc1C,正辛烷 / 邻二甲苯,14
Binary,608,smiles:CCCCCCCCC || smiles:Cc1cccc(C)c1,正壬烷 / 间二甲苯,14
Binary,609,smiles:CCC(C)O || smiles:O=Cc1ccco1,2-丁醇 / 糠醛,14
Binary,610,smiles:CC(=O)CC(C)C || smiles:O=Cc1ccco1,4-甲基-2-戊酮 / 糠醛,14
Binary,611,smiles:CC#N || smiles:CCCCCC,乙腈 / 正己烷,14
Binary,612,smiles:C1CCCCC1 || smiles:CCCCCCCCC,环己烷 / 正壬烷,14
Binary,613,smiles:Brc1ccccc1 || smiles:CCCCCCC,溴苯 / 正庚烷,14
Binary,614,smiles:BrCBr || smiles:CCCO,二溴甲烷 / 1-丙醇,14
Binary,615,fallback:2471c64d7f43614f || smiles:O=C=O,1-癸基-3-甲基咪唑双(三氟甲磺酰)亚胺 / 二氧化碳,14
Binary,616,smiles:CCCCCC || smiles:CCCCCCCCO,正己烷 / 1-辛醇,14
Binary,617,smiles:COCCO || smiles:CS(C)=O,2-甲氧基乙醇 / 二甲基亚砜,13
Binary,618,smiles:CCCO || smiles:CCSCC,1-丙醇 / 3-硫杂戊烷,13
Binary,619,smiles:CCCO || smiles:ClCCCl,"1-丙醇 / 1,2-二氯乙烷",13
Binary,620,smiles:CCOC(C)=O || smiles:COC(C)(C)C,乙酸乙酯 / 2-甲氧基-2-甲基丙烷,13
Binary,621,smiles:FC(F)(F)c1ccccc1 || smiles:c1ccccc1,三氟甲苯 / 苯,13
Binary,622,smiles:COc1ccccc1 || smiles:Cc1ccccc1,苯甲醚 / 甲苯,13
Binary,623,smiles:CS(C)=O || smiles:Cc1ccccc1,二甲基亚砜 / 甲苯,13
Binary,624,smiles:CCCCCCCCCC || smiles:Cc1ccccc1C,正癸烷 / 邻二甲苯,13
Binary,625,smiles:CCCCCCCCCCCCCC || smiles:CCCCCCCCCCCCCC(=O)OC,十四烷 / 肉豆蔻酸甲酯,13
Binary,626,smiles:C1CCOCC1 || smiles:CC(C)(C)Cl,四氢吡喃 / 2-氯-2-甲基丙烷,13
Binary,627,smiles:CCCCCCCCCC || smiles:Cc1ccc(C)cc1,正癸烷 / 对二甲苯,13
Binary,628,smiles:CCC(=O)OC || smiles:CO,丙酸甲酯 / 甲醇,13
Binary,629,smiles:CCCCCCCCC || smiles:Cc1ccc(C)cc1,正壬烷 / 对二甲苯,13
Binary,630,smiles:C=CC(C)CCC=C(C)C || smiles:C=CC(C)CCCC(C)(C)O,"3,7-二甲基-1,6-辛二烯 / 2,6-二甲基-7-辛烯-2-醇",13
Binary,631,smiles:CC(C)c1ccccc1 || smiles:O=CN1CCOCC1,异丙苯 / N-甲酰吗啉,13
Binary,632,fallback:e1591e1a11bbc209 || smiles:C=CC(C)CCC=C(C)C,"(1S,2S,5R)-蒎烷 / 3,7-二甲基-1,6-辛二烯",13
Binary,633,smiles:CCC=C(C)C || smiles:CCO,2-甲基-2-戊烯 / 乙醇,13
Binary,634,smiles:CCCCCC || smiles:CCCCl,正己烷 / 1-氯丙烷,13
Binary,635,smiles:CCCCCCC || smiles:CCCCl,正庚烷 / 1-氯丙烷,13
Binary,636,smiles:CCCCCCC || smiles:Cc1ccc(C)cc1,正庚烷 / 对二甲苯,12
Binary,637,smiles:Cc1ccccc1 || smiles:Cc1ccsc1,甲苯 / 3-甲基噻吩,12
Binary,638,smiles:CCc1ccccc1 || smiles:O=S1(=O)CCCC1,乙苯 / 环丁砜,12
Binary,639,smiles:CCCCCCCCCCCCCC(=O)OC || smiles:CCCCCCCCCCCCCCCC,肉豆蔻酸甲酯 / 十六烷,12
Binary,640,smiles:CCCCCCC || smiles:c1ccccc1,正庚烷 / 苯,12
Binary,641,smiles:CCCCCCC || smiles:Fc1ccccc1,正庚烷 / 氟苯,12
Binary,642,smiles:CCCCCCC || smiles:Clc1ccccc1,正庚烷 / 氯苯,12
Binary,643,smiles:CCCCCCC || smiles:Cc1ccccc1,正庚烷 / 甲苯,12
Binary,644,smiles:CCCCCCC || smiles:CCc1ccccc1,正庚烷 / 乙苯,12
Binary,645,smiles:CCCCCC || smiles:Cc1ccsc1,正己烷 / 3-甲基噻吩,12
Binary,646,smiles:CCCCC(CC)CO || smiles:CCCCO,2-乙基-1-己醇 / 1-丁醇,12
Binary,647,smiles:CC1CCCCC1 || smiles:Cc1ccsc1,甲基环己烷 / 3-甲基噻吩,12
Binary,648,smiles:CC1CCCC1 || smiles:Cc1ccsc1,甲基环戊烷 / 3-甲基噻吩,12
Binary,649,smiles:CC(C)c1ccccc1 || smiles:O=S1(=O)CCCC1,异丙苯 / 环丁砜,12
Binary,650,smiles:CC#N || smiles:CCOC(C)=O,乙腈 / 乙酸乙酯,12
Binary,651,smiles:C1CCCCC1 || smiles:CCCCCCC,环己烷 / 正庚烷,12
Binary,652,smiles:CCCCCl || smiles:CN1CCCC1=O,1-氯丁烷 / N-甲基吡咯烷酮,11
Binary,653,smiles:c1ccccc1 || smiles:c1ccsc1,苯 / 噻吩,11
Binary,654,smiles:Cc1ccccc1C || smiles:Cc1ccsc1,邻二甲苯 / 3-甲基噻吩,11
Binary,655,smiles:Cc1cccc(O)c1 || smiles:Cc1ccccc1O,间甲酚 / 邻甲酚,11
Binary,656,smiles:Cc1cccc(C)c1O || smiles:Cc1ccccc1O,"2,6-二甲酚 / 邻甲酚",11
Binary,657,smiles:Cc1ccc(C)c(C)c1 || smiles:Cc1ccsc1,"1,2,4-三甲苯 / 3-甲基噻吩",11
Binary,658,smiles:COc1ccccc1 || smiles:COc1ccccc1O,苯甲醚 / 愈创木酚,11
Binary,659,smiles:CCCOC(C)=O || smiles:CCSCC,乙酸正丙酯 / 3-硫杂戊烷,11
Binary,660,smiles:Cc1cccc(C)c1O || smiles:Cc1cccc(O)c1,"2,6-二甲酚 / 间甲酚",11
Binary,661,smiles:CCCCCCCCCCCCCC(=O)OC || smiles:CCCCCCCCCCCCCCC,肉豆蔻酸甲酯 / 十五烷,11
Binary,662,smiles:CC1CCCC1 || smiles:CCCCS,甲基环戊烷 / 1-丁硫醇,11
Binary,663,smiles:C=C(C)CC(C)(C)C || smiles:CSSC,"2,4,4-三甲基-1-戊烯 / 2,3-二硫杂丁烷",11
Binary,664,smiles:CC(C)CC(C)(C)C || smiles:CSSC,"异辛烷 / 2,3-二硫杂丁烷",11
Binary,665,smiles:CCCCCCCCCCCCCC(=O)O || smiles:CCCCCCCCCCCCCCCCCC(=O)O,肉豆蔻酸 / 硬脂酸,11
Binary,666,smiles:CCCC(C)C || smiles:Cc1ccsc1,2-甲基戊烷 / 3-甲基噻吩,11
Binary,667,smiles:CCCCCCCCCC || smiles:O=C=O,正癸烷 / 二氧化碳,11
Binary,668,smiles:CCCCCCCCCCCCCC(=O)O || smiles:CCCCCCCCCCCCCCCC(=O)O,肉豆蔻酸 / 棕榈酸,11
Binary,669,smiles:C1CCCC1 || smiles:[Xe],环戊烷 / 氙气,10
Binary,670,smiles:CC(C)CC(C)(C)C || smiles:CCSSCC,"异辛烷 / 3,4-二硫杂己烷",10
Binary,671,smiles:CC(C)O || smiles:ClC(Cl)Cl,2-丙醇 / 氯仿,10
Binary,672,smiles:CCCCCCCCCCCC || smiles:c1ccc2sccc2c1,十二烷 / 苯并噻吩,10
Binary,673,smiles:CCCCCCCCCCCCCCCC(=O)O || smiles:CCCCCCCCCCCCCCCCCC(=O)O,棕榈酸 / 硬脂酸,10
Binary,674,smiles:CCO || smiles:ClC(Cl)Cl,乙醇 / 氯仿,10
Binary,675,smiles:CN1CCCC1=O || smiles:ClCCCl,"N-甲基吡咯烷酮 / 1,2-二氯乙烷",10
Binary,676,smiles:C1CCOC1 || smiles:CCO,四氢呋喃 / 乙醇,10
Binary,677,smiles:CO || smiles:COCOC,甲醇 / 二甲氧基甲烷,9
Binary,678,smiles:[Bi] || smiles:[Cu],铋 / 铜,9
Binary,679,smiles:Cc1ccccc1 || smiles:O=S1(=O)CCCC1,甲苯 / 环丁砜,9
Binary,680,smiles:CCCCCCCC/C=C\CCCCCCCC(=O)OC || smiles:CO,顺式油酸甲酯 / 甲醇,9
Binary,681,smiles:C1CCCCC1 || smiles:CCCCCCCCO,环己烷 / 1-辛醇,9
Binary,682,smiles:C=CCCCCCCCCCC || smiles:c1ccc2sccc2c1,1-十二烯 / 苯并噻吩,9
Binary,683,fallback:4d0058e9bed0652d || smiles:CCOC(=O)OCC,乙酸苯酯 / 碳酸二乙酯,8
Binary,684,smiles:CCCCCCCCO || smiles:c1ccc2sccc2c1,1-辛醇 / 苯并噻吩,8
Binary,685,fallback:4d0058e9bed0652d || smiles:CCOC(C)=O,乙酸苯酯 / 乙酸乙酯,7
Binary,686,smiles:C || smiles:CCCCC,甲烷 / 戊烷,7
Binary,687,smiles:C=CC(=C)CCC=C(C)C || smiles:O=C=O,"2-甲基-6-亚甲基-2,7-辛二烯 / 二氧化碳",6
Binary,688,smiles:CCO || smiles:N#N,乙醇 / 氮气,6
Binary,689,smiles:CCO || smiles:O=O,乙醇 / 氧气,6
Binary,690,smiles:[Sb] || smiles:[Sn],锑 / 锡,5
Binary,691,smiles:CN1CCC[C@H]1c1cccnc1 || smiles:O=C=O,(-)-3-(N-甲基吡咯烷基)吡啶 / 二氧化碳,5
Binary,692,fallback:4f66b328294879e4 || smiles:CO,1-辛基-3-甲基咪唑双三氟甲磺酰亚胺 / 甲醇,3
Binary,693,fallback:4f66b328294879e4 || smiles:COC(C)=O,1-辛基-3-甲基咪唑双三氟甲磺酰亚胺 / 乙酸甲酯,3
Binary,694,fallback:62ea847887224036 || smiles:CO,"2,3-二甲基-1-辛基咪唑双三氟甲磺酰亚胺 / 甲醇",3
Binary,695,fallback:62ea847887224036 || smiles:COC(C)=O,"2,3-二甲基-1-辛基咪唑双三氟甲磺酰亚胺 / 乙酸甲酯",3
Binary,696,smiles:C || smiles:CCCC,甲烷 / 丁烷,3
Binary,697,smiles:CC(C)=CCC/C(C)=C/CC/C(C)=C/CC/C(C)=C/CC/C(C)=C/CC/C(C)=C/CC/C(C)=C/CC/C(C)=C/CC/C(C)=C/CO || smiles:O=C=O,茄尼醇 / 二氧化碳,3
Binary,698,smiles:CCCC(C)O || smiles:O,2-戊醇 / 水,2
Binary,699,smiles:CCCCCCCCCC || smiles:FC(F)(F)C(F)(F)F,正癸烷 / 六氟乙烷,1
Binary,700,smiles:Cc1ccc(C)cc1 || smiles:O,对二甲苯 / 水,1
Ternary,1,smiles:CCOCCO || smiles:CO || smiles:COC(=O)OC,2-乙氧基乙醇 / 甲醇 / 碳酸二甲酯,138
Ternary,2,smiles:C1CCCCC1 || smiles:CCO || smiles:CCOC(=O)CC,环己烷 / 乙醇 / 丙酸乙酯,124
Ternary,3,smiles:CCCCCC || smiles:CCO || smiles:CCOC(=O)CC,正己烷 / 乙醇 / 丙酸乙酯,120
Ternary,4,smiles:CCCCCCCC || smiles:CCO || smiles:CCOC(=O)CC,正辛烷 / 乙醇 / 丙酸乙酯,120
Ternary,5,smiles:CC(=O)CC(C)C || smiles:CO || smiles:COC(=O)OC,4-甲基-2-戊酮 / 甲醇 / 碳酸二甲酯,110
Ternary,6,smiles:CCOC(C)(C)CC || smiles:CO || smiles:O,"乙基-1,1-二甲基丙基醚 / 甲醇 / 水",99
Ternary,7,fallback:b94569dd5711d885 || smiles:CC(C)(C)O || smiles:O,1-ethyl-3-methylimidazolium dicyanamide / 2-甲基-2-丙醇 / 水,95
Ternary,8,smiles:CCO || smiles:CCOC(C)(C)CC || smiles:O,"乙醇 / 乙基-1,1-二甲基丙基醚 / 水",94
Ternary,9,smiles:CC(=O)CC(C)C || smiles:CC(C)O || smiles:CC(C)OC(C)C,4-甲基-2-戊酮 / 2-丙醇 / 二异丙醚,90
Ternary,10,smiles:CC(=O)CC(C)C || smiles:CC(C)CC(C)(C)C || smiles:CC(C)CO,4-甲基-2-戊酮 / 异辛烷 / 2-甲基-1-丙醇,85
Ternary,11,smiles:CCCCOC(C)(C)C || smiles:CCO || smiles:O,1-(叔丁氧基)丁烷 / 乙醇 / 水,85
Ternary,12,smiles:CC(=O)C(C)C || smiles:CC(C)C(C)C || smiles:CC(C)OC(C)C,"3-甲基-2-丁酮 / 2,3-二甲基丁烷 / 二异丙醚",84
Ternary,13,fallback:b94569dd5711d885 || smiles:CC(C)O || smiles:O,1-ethyl-3-methylimidazolium dicyanamide / 2-丙醇 / 水,76
Ternary,14,smiles:CCCCO || smiles:Cc1ccc(C)cc1 || smiles:O,1-丁醇 / 对二甲苯 / 水,75
Ternary,15,smiles:CC(=O)C(C)C || smiles:CC(C)CC(C)(C)C || smiles:CC(C)O,3-甲基-2-丁酮 / 异辛烷 / 2-丙醇,66
Ternary,16,smiles:CCCCO || smiles:Cc1ccccc1 || smiles:O,1-丁醇 / 甲苯 / 水,64
Ternary,17,fallback:e3bc547e5efe17ce || smiles:CCO || smiles:O,D-fructose / 乙醇 / 水,64
Ternary,18,smiles:CC(C)C(=O)C(C)C || smiles:CC(C)CC(C)(C)C || smiles:CC(C)O,"2,4-二甲基-3-戊酮 / 异辛烷 / 2-丙醇",64
Ternary,19,fallback:60985056a62a6059 || smiles:CO || smiles:c1ccccc1,1-methyl-3-octylimidazolium acetate / 甲醇 / 苯,58
Ternary,20,fallback:4501d0d6bfddcc6a || fallback:89339a0c54f732bb || smiles:CC(C)O,乙酸异丙酯 / 3-hexyl-1-methylimidazolium acetate / 2-丙醇,57
Ternary,21,fallback:7645054b0e40e378 || smiles:CO || smiles:c1ccccc1,1-decyl-3-methylimidazolium acetate / 甲醇 / 苯,57
Ternary,22,smiles:CCCCOC(C)(C)C || smiles:CO || smiles:O,1-(叔丁氧基)丁烷 / 甲醇 / 水,57
Ternary,23,fallback:4501d0d6bfddcc6a || fallback:60985056a62a6059 || smiles:CC(C)O,乙酸异丙酯 / 1-methyl-3-octylimidazolium acetate / 2-丙醇,56
Ternary,24,fallback:9e7a748462a11dd6 || smiles:CC1=CCC2CC1C2(C)C || smiles:Cc1ccc(C(C)C)cc1,(S)-1-methyl-4-(1-methylethenyl)cyclohexene / 2-蒎烯 / 对异丙基甲苯,55
Ternary,25,smiles:CC(C)CC(C)(C)C || smiles:CC(C)OC(C)C || smiles:CCO,异辛烷 / 二异丙醚 / 乙醇,55
Ternary,26,smiles:CCCC(C)O || smiles:CCCCO || smiles:O,2-戊醇 / 1-丁醇 / 水,55
Ternary,27,fallback:4501d0d6bfddcc6a || fallback:7645054b0e40e378 || smiles:CC(C)O,乙酸异丙酯 / 1-decyl-3-methylimidazolium acetate / 2-丙醇,54
Ternary,28,fallback:89339a0c54f732bb || smiles:CO || smiles:c1ccccc1,3-hexyl-1-methylimidazolium acetate / 甲醇 / 苯,54
Ternary,29,fallback:b63ac75aa69de5ee || smiles:O=C(O)C(Cl)Cl || smiles:O=C(O)CCl,1-(2-(2-(戊氧基)乙氧基)乙氧基)戊烷 / 二氯乙酸 / 氯乙酸,54
Ternary,30,smiles:CC(C)=O || smiles:CC(C)CC(C)(C)C || smiles:CCO,丙酮 / 异辛烷 / 乙醇,54
Ternary,31,fallback:efc4790aa0612d13 || smiles:CC(=O)N(C)C || smiles:CC(=O)O,"1-butyl-3-methylimidazolium bis(trifluoromethylsulfonyl)imide / N,N-二甲基乙酰胺 / 乙酸",53
Ternary,32,smiles:CC(=O)C(C)(C)C || smiles:CC(C)(C)CO || smiles:COC(C)(C)C,"3,3-二甲基-2-丁酮 / 2,2-二甲基-1-丙醇 / 2-甲氧基-2-甲基丙烷",52
Ternary,33,smiles:C1CCOCC1 || smiles:CC(C)CC(C)(C)C || smiles:CC(C)O,四氢吡喃 / 异辛烷 / 2-丙醇,51
Ternary,34,smiles:CC(C)CC(C)(C)C || smiles:CCC(C)=O || smiles:CCO,异辛烷 / 丁酮 / 乙醇,51
Ternary,35,fallback:5b8ad43214fe2db4 || smiles:CC#N || smiles:CO,1-butyl-3-methylimidazolium bromide / 乙腈 / 甲醇,48
Ternary,36,fallback:7c0d97d046e0044e || smiles:CC(C)O || smiles:O,1-ethyl-3-methylimidazolium bromide / 2-丙醇 / 水,47
Ternary,37,fallback:9b63a65c238214cc || smiles:CC(C)=O || smiles:CO,1-ethyl-3-methylimidazolium acetate / 丙酮 / 甲醇,46
Ternary,38,fallback:fbbde86d2d698521 || smiles:CC(C)O || smiles:O,1-butyl-3-methylimidazolium acetate / 2-丙醇 / 水,46
Ternary,39,fallback:c59c94f20e561d88 || smiles:CC#N || smiles:O,1-hexyl-3-methylimidazolium chloride / 乙腈 / 水,45
Ternary,40,fallback:9b63a65c238214cc || smiles:CC(C)O || smiles:O,1-ethyl-3-methylimidazolium acetate / 2-丙醇 / 水,44
Ternary,41,fallback:9d9dd3751b800f25 || smiles:CCC(C)=O || smiles:CCO,1-ethyl-3-methylimidazolium diethyl phosphate / 丁酮 / 乙醇,44
Ternary,42,fallback:b25e63c8696e8bf8 || smiles:CC(C)=O || smiles:CO,2-hydroxyethylammonium acetate / 丙酮 / 甲醇,44
Ternary,43,smiles:CCO || smiles:CCOC(=O)OCC || smiles:O,乙醇 / 碳酸二乙酯 / 水,44
Ternary,44,smiles:FC(F)C(F)(F)F || smiles:FCC(F)(F)F || smiles:FCF,"五氟乙烷 / 1,1,1,2-四氟乙烷 / 二氟甲烷",44
Ternary,45,fallback:dac3f6dfac965522 || smiles:CC(C)O || smiles:O,sodium chloride / 2-丙醇 / 水,43
Ternary,46,smiles:C1CCCCC1 || smiles:CC(C)=O || smiles:CC(C)OC(C)C,环己烷 / 丙酮 / 二异丙醚,43
Ternary,47,fallback:d4cc18a1c3d5b401 || smiles:CC#N || smiles:CCO,1-butyl-3-methylimidazolium dibutyl phosphate / 乙腈 / 乙醇,43
Ternary,48,fallback:9d9dd3751b800f25 || smiles:CC#N || smiles:CCO,1-ethyl-3-methylimidazolium diethyl phosphate / 乙腈 / 乙醇,43
Ternary,49,fallback:234c6d4b0f0098c9 || smiles:CCC(C)=O || smiles:CCO,1-butyl-3-methylimidazolium diethyl phosphate / 丁酮 / 乙醇,42
Ternary,50,fallback:6c50d69f00cb369a || smiles:CC(C)O || smiles:CCOC(C)=O,1-butyl-3-methylimidazolium tetrafluoroborate / 2-丙醇 / 乙酸乙酯,42
Ternary,51,fallback:f7fca512921887a7 || smiles:CC#N || smiles:CCO,"1,3-dimethylimidazolium dimethylphosphate / 乙腈 / 乙醇",42
Ternary,52,smiles:C1=CCCCC1 || smiles:C1CCCCC1 || smiles:C1COCCN1,"环己烯 / 环己烷 / 四氢-1,4-噁嗪",42
Ternary,53,smiles:CC(=O)OCC(C)C || smiles:CC(C)CO || smiles:CCCCCCO,乙酸异丁酯 / 2-甲基-1-丙醇 / 1-己醇,42
Ternary,54,smiles:CC(=O)OCC(C)C || smiles:CC(C)CO || smiles:CCCCOC(=O)CC,乙酸异丁酯 / 2-甲基-1-丙醇 / 丙酸正丁酯,42
Ternary,55,smiles:CC(=O)OCC(C)C || smiles:CC(C)CO || smiles:CN(C)C=O,"乙酸异丁酯 / 2-甲基-1-丙醇 / N,N-二甲基甲酰胺",42
Ternary,56,smiles:CCCCCO || smiles:CCCO || smiles:CCCOCCC,1-戊醇 / 1-丙醇 / 二丙醚,41
Ternary,57,smiles:CCCO || smiles:CCCOCCC || smiles:CCOCCO,1-丙醇 / 二丙醚 / 2-乙氧基乙醇,41
Ternary,58,fallback:5b8ad43214fe2db4 || smiles:CC(C)O || smiles:CCOC(C)=O,1-butyl-3-methylimidazolium bromide / 2-丙醇 / 乙酸乙酯,40
Ternary,59,fallback:d4cc18a1c3d5b401 || smiles:CCC(C)=O || smiles:CCO,1-butyl-3-methylimidazolium dibutyl phosphate / 丁酮 / 乙醇,40
Ternary,60,fallback:fbbde86d2d698521 || smiles:CC(C)O || smiles:CCOC(C)=O,1-butyl-3-methylimidazolium acetate / 2-丙醇 / 乙酸乙酯,39
Ternary,61,smiles:CCO || smiles:O || smiles:OCCCO,"乙醇 / 水 / 1,3-丙二醇",39
Ternary,62,smiles:CCO || smiles:O || smiles:OCCO,乙醇 / 水 / 乙二醇,38
Ternary,63,smiles:C1CCOCC1 || smiles:CCCCCC || smiles:CCO,四氢吡喃 / 正己烷 / 乙醇,37
Ternary,64,fallback:2ae13e16f8903d30 || smiles:CC(C)=O || smiles:CO,2-aminoethanol hydrochloride / 丙酮 / 甲醇,37
Ternary,65,fallback:fbbde86d2d698521 || smiles:CC#N || smiles:CO,1-butyl-3-methylimidazolium acetate / 乙腈 / 甲醇,36
Ternary,66,smiles:CCCOC(C)=O || smiles:CCOC(C)=O || smiles:CS(C)=O,乙酸正丙酯 / 乙酸乙酯 / 二甲基亚砜,36
Ternary,67,fallback:0a3ea5943f1d539f || smiles:CCO || smiles:O,glycerol / 乙醇 / 水,36
Ternary,68,fallback:d4cc18a1c3d5b401 || smiles:CC(=O)O || smiles:O,1-butyl-3-methylimidazolium dibutyl phosphate / 乙酸 / 水,36
Ternary,69,fallback:ab7dbdbf034d3efb || smiles:CC#N || smiles:CO,1-butyl-3-methylimidazolium chloride / 乙腈 / 甲醇,36
Ternary,70,smiles:CCCO || smiles:O=C=O || smiles:c1ccsc1,1-丙醇 / 二氧化碳 / 噻吩,35
Ternary,71,fallback:4f66b328294879e4 || smiles:CO || smiles:COC(C)=O,1-辛基-3-甲基咪唑双三氟甲磺酰亚胺 / 甲醇 / 乙酸甲酯,33
Ternary,72,fallback:62ea847887224036 || smiles:CO || smiles:COC(C)=O,"2,3-二甲基-1-辛基咪唑双三氟甲磺酰亚胺 / 甲醇 / 乙酸甲酯",33
Ternary,73,fallback:efc4790aa0612d13 || smiles:CCC(=O)OC || smiles:CO,1-butyl-3-methylimidazolium bis(trifluoromethylsulfonyl)imide / 丙酸甲酯 / 甲醇,33
Ternary,74,fallback:f8eb462bdbd19d00 || smiles:CC#N || smiles:CCOC(C)=O,1-ethyl-3-methylimidazolium bis((trifluoromethyl)sulfonyl)imide / 乙腈 / 乙酸乙酯,33
Ternary,75,fallback:798af18edd056b45 || smiles:CC#N || smiles:CCOC(C)=O,1-hexyl-3-methylimidazolium bis[(trifluoromethyl)sulfonyl]imide / 乙腈 / 乙酸乙酯,32
Ternary,76,fallback:d95b315545052123 || smiles:CC(C)(C)O || smiles:O,"2-amino-2-(hydroxymethyl)-1,3-propanediol / 2-甲基-2-丙醇 / 水",32
Ternary,77,fallback:ab7dbdbf034d3efb || smiles:CC#N || smiles:O,1-butyl-3-methylimidazolium chloride / 乙腈 / 水,31
Ternary,78,smiles:O=C=O || smiles:O=O || smiles:O=S=O,二氧化碳 / 氧气 / 二氧化硫,31
Ternary,79,fallback:f7fca512921887a7 || smiles:CC(C)O || smiles:ClC(Cl)Cl,"1,3-dimethylimidazolium dimethylphosphate / 2-丙醇 / 氯仿",30
Ternary,80,fallback:efc4790aa0612d13 || smiles:CCO || smiles:COC(=O)OC,1-butyl-3-methylimidazolium bis(trifluoromethylsulfonyl)imide / 乙醇 / 碳酸二甲酯,30
Ternary,81,fallback:c602ac1290f3b380 || smiles:CC#N || smiles:CO,1-methyl-3-octylimidazolium tetrafluoroborate / 乙腈 / 甲醇,30
Ternary,82,fallback:798af18edd056b45 || smiles:CCO || smiles:COC(=O)OC,1-hexyl-3-methylimidazolium bis[(trifluoromethyl)sulfonyl]imide / 乙醇 / 碳酸二甲酯,30
Ternary,83,fallback:6c50d69f00cb369a || smiles:CC#N || smiles:CC(C)O,1-butyl-3-methylimidazolium tetrafluoroborate / 乙腈 / 2-丙醇,30
Ternary,84,fallback:55966609dcc48188 || smiles:CC#N || smiles:CC(C)O,1-ethyl-3-methylimidazolium tetrafluoroborate / 乙腈 / 2-丙醇,30
Ternary,85,fallback:55966609dcc48188 || smiles:CC#N || smiles:CO,1-ethyl-3-methylimidazolium tetrafluoroborate / 乙腈 / 甲醇,30
Ternary,86,fallback:d95b315545052123 || smiles:CCCO || smiles:O,"2-amino-2-(hydroxymethyl)-1,3-propanediol / 1-丙醇 / 水",28
Ternary,87,fallback:798af18edd056b45 || smiles:CO || smiles:COC(=O)OC,1-hexyl-3-methylimidazolium bis[(trifluoromethyl)sulfonyl]imide / 甲醇 / 碳酸二甲酯,27
Ternary,88,fallback:efc4790aa0612d13 || smiles:CO || smiles:COC(=O)OC,1-butyl-3-methylimidazolium bis(trifluoromethylsulfonyl)imide / 甲醇 / 碳酸二甲酯,27
Ternary,89,fallback:2435468cddae75fa || smiles:CC1=CCC2C(C1)C2(C)C || smiles:Cc1ccc(C(C)C)cc1,石竹烯 / 3-蒈烯 / 对异丙基甲苯,25
Ternary,90,fallback:d95b315545052123 || smiles:CC(C)O || smiles:O,"2-amino-2-(hydroxymethyl)-1,3-propanediol / 2-丙醇 / 水",25
Ternary,91,fallback:edcf3a858853717f || smiles:CC(=O)O || smiles:O,D-glucose / 乙酸 / 水,25
Ternary,92,fallback:fbbde86d2d698521 || smiles:O=C=O || smiles:S,1-butyl-3-methylimidazolium acetate / 二氧化碳 / 硫化氢,24
Ternary,93,smiles:CC1CCCCC1 || smiles:NC1CCCCC1 || smiles:O,甲基环己烷 / 环己胺 / 水,24
Ternary,94,smiles:CO || smiles:COCOC || smiles:OCCO,甲醇 / 二甲氧基甲烷 / 乙二醇,24
Ternary,95,fallback:18b39535a92cfa87 || smiles:CC(=O)O || smiles:O,D-xylose / 乙酸 / 水,22
Ternary,96,fallback:09c8c05801be25b4 || smiles:CC(C)=O || smiles:CO,1-ethyl-3-methylimidazolium methylsulfate / 丙酮 / 甲醇,22
Ternary,97,smiles:CC1CCCCC1 || smiles:NC1CCCCC1 || smiles:Nc1ccccc1,甲基环己烷 / 环己胺 / 苯胺,21
Ternary,98,smiles:CN1CCCC1=O || smiles:c1ccccc1 || smiles:c1ccsc1,N-甲基吡咯烷酮 / 苯 / 噻吩,21
Ternary,99,fallback:f35cdcca756bacdc || smiles:CC#N || smiles:O,1-allyl-3-methylimidazolium chloride / 乙腈 / 水,20
Ternary,100,smiles:C1CCCCC1 || smiles:Nc1ccccc1 || smiles:O,环己烷 / 苯胺 / 水,20
Ternary,101,smiles:CC(=O)O || smiles:CCC(C)=O || smiles:O,乙酸 / 丁酮 / 水,20
Ternary,102,smiles:CC(C)C || smiles:CCC || smiles:FCF,2-甲基丙烷 / 丙烷 / 二氟甲烷,20
Ternary,103,smiles:C1CCCCC1 || smiles:NC1CCCCC1 || smiles:O,环己烷 / 环己胺 / 水,19
Ternary,104,smiles:COCCO || smiles:CS(C)=O || smiles:Cc1ccccc1,2-甲氧基乙醇 / 二甲基亚砜 / 甲苯,18
Ternary,105,smiles:O=C=O || smiles:O=O || smiles:[Ar],二氧化碳 / 氧气 / 氩气,18
Ternary,106,smiles:C1CCOC1 || smiles:CC#N || smiles:Cc1ccccc1,四氢呋喃 / 乙腈 / 甲苯,17
Ternary,107,smiles:CC(=O)O || smiles:CS(C)=O || smiles:O,乙酸 / 二甲基亚砜 / 水,17
Ternary,108,smiles:CCC(C)O || smiles:CCC(C)OC(C)=O || smiles:CN(C)C=O,"2-丁醇 / 乙酸仲丁酯 / N,N-二甲基甲酰胺",17
Ternary,109,fallback:fbbde86d2d698521 || smiles:CC#N || smiles:O,1-butyl-3-methylimidazolium acetate / 乙腈 / 水,16
Ternary,110,smiles:CO || smiles:COC(C)=O || smiles:CS(C)=O,甲醇 / 乙酸甲酯 / 二甲基亚砜,16
Ternary,111,smiles:CC1CCCCC1 || smiles:Nc1ccccc1 || smiles:O,甲基环己烷 / 苯胺 / 水,16
Ternary,112,fallback:e1591e1a11bbc209 || smiles:C=CC(C)CCC=C(C)C || smiles:C=CC(C)CCCC(C)(C)O,"(1S,2S,5R)-蒎烷 / 3,7-二甲基-1,6-辛二烯 / 2,6-二甲基-7-辛烯-2-醇",16
Ternary,113,fallback:357f5f5bd0d80acf || smiles:C=CC(=C)CCC=C(C)C || smiles:O=C=O,"氢气 / 2-甲基-6-亚甲基-2,7-辛二烯 / 二氧化碳",16
Ternary,114,smiles:CC#N || smiles:CCCO || smiles:OCCO,乙腈 / 1-丙醇 / 乙二醇,15
Ternary,115,smiles:CC(=O)O || smiles:CN(C)C=O || smiles:O,"乙酸 / N,N-二甲基甲酰胺 / 水",15
Ternary,116,smiles:CC(=O)O || smiles:CN1CCCC1=O || smiles:O,乙酸 / N-甲基吡咯烷酮 / 水,15
Ternary,117,smiles:CC(=O)O || smiles:CNC(C)=O || smiles:O,乙酸 / N-甲基乙酰胺 / 水,15
Ternary,118,smiles:CC(C)O || smiles:CCCOC(C)=O || smiles:O,2-丙醇 / 乙酸正丙酯 / 水,15
Ternary,119,fallback:4501d0d6bfddcc6a || smiles:CC(C)O || smiles:O,乙酸异丙酯 / 2-丙醇 / 水,14
Ternary,120,smiles:CC(=O)N(C)C || smiles:CCC(C)O || smiles:CCC(C)OC(C)=O,"N,N-二甲基乙酰胺 / 2-丁醇 / 乙酸仲丁酯",14
Ternary,121,smiles:CCC(C)O || smiles:CCC(C)OC(C)=O || smiles:CS(C)=O,2-丁醇 / 乙酸仲丁酯 / 二甲基亚砜,13
Ternary,122,smiles:CC(C)O || smiles:CCCCCO || smiles:CCCCO,2-丙醇 / 1-戊醇 / 1-丁醇,12
Ternary,123,smiles:CCCO || smiles:CCCOC(C)=O || smiles:O,1-丙醇 / 乙酸正丙酯 / 水,11
Ternary,124,smiles:[Bi] || smiles:[Cu] || smiles:[Sb],铋 / 铜 / 锑,11
Ternary,125,fallback:95e7f54193c00c2e || smiles:CC(C)=O || smiles:CO,1-ethyl-3-methylimidazolium hydrogen sulfate / 丙酮 / 甲醇,10
Ternary,126,smiles:CC(C)=CCC/C(C)=C/CC/C(C)=C/CC/C(C)=C/CC/C(C)=C/CC/C(C)=C/CC/C(C)=C/CC/C(C)=C/CC/C(C)=C/CO || smiles:CN1CCC[C@H]1c1cccnc1 || smiles:O=C=O,茄尼醇 / (-)-3-(N-甲基吡咯烷基)吡啶 / 二氧化碳,9
