sample_id,system_id,component_count,source,doi,quality_status,quality_weight,experiment_mode,experiment_mode_confidence,direction,target_temperature_k,predicted_temperature_k,target_pressure_kpa,predicted_pressure_kpa,pressure_residual_kpa,converged,nonphysical,iterations,component_smiles_1,component_id_1,x_1,y_true_1,y_pred_1,gamma_pred_1,psat_pred_kpa_1,component_smiles_2,component_id_2,x_2,y_true_2,y_pred_2,gamma_pred_2,psat_pred_kpa_2,component_smiles_3,component_id_3,x_3,y_true_3,y_pred_3,gamma_pred_3,psat_pred_kpa_3,binary_subsystem_coverage
state_087bbc55ae458b62f9442acd,3c_9d99da16f52b34af2793,3,ternary_vle_english.xlsx,10.1016/j.fluid.2007.10.016,unverified,0.5,isothermal,0.9705882352941176,isothermal,,,37.369993105664,35.428062438964844,0.0,True,False,48,CC(=O)C(C)C,mol_b650f1cc3cac74aa,0.3676,0.3751,0.37877175211906433,1.3207592964172363,27.63922119140625,CC(C)CC(C)(C)C,mol_57615b5c3546c298,0.5836,0.48140000000000005,0.5051893591880798,1.2007603645324707,25.54053497314453,CC(C)O,mol_db030b5de88f8eaf,0.0488,0.1435,0.11603885889053345,2.191425323486328,38.44186019897461,2
state_0ef31789e338c4351c2d12ed,3c_9d99da16f52b34af2793,3,ternary_vle_english.xlsx,10.1016/j.fluid.2007.10.016,unverified,0.5,isothermal,0.9705882352941176,isothermal,,,59.520038002816,57.480010986328125,0.0,True,False,48,CC(=O)C(C)C,mol_b650f1cc3cac74aa,0.469,0.352,0.3615943193435669,1.107837200164795,40.00273132324219,CC(C)CC(C)(C)C,mol_57615b5c3546c298,0.1221000000000001,0.1985,0.1829402595758438,2.4073166847229004,35.774803161621094,CC(C)O,mol_db030b5de88f8eaf,0.4089,0.4495,0.4554654061794281,1.1277977228164673,56.77065658569336,2
state_0f8e84104b74741c38a264cc,3c_9d99da16f52b34af2793,3,ternary_vle_english.xlsx,10.1016/j.fluid.2007.10.016,unverified,0.5,isothermal,0.9705882352941176,isothermal,,,48.12004228224,46.70813751220703,-3.814697265625e-06,True,False,48,CC(=O)C(C)C,mol_b650f1cc3cac74aa,0.7856,0.6937,0.6952505111694336,1.0333386659622192,40.00273132324219,CC(C)CC(C)(C)C,mol_57615b5c3546c298,0.2005,0.277,0.27603766322135925,1.7975013256072998,35.774803161621094,CC(C)O,mol_db030b5de88f8eaf,0.0139,0.0293,0.028711823746562004,1.6994740962982178,56.77065658569336,2
state_0fb79108bc8082ba6f0cc48a,3c_9d99da16f52b34af2793,3,ternary_vle_english.xlsx,10.1016/j.fluid.2007.10.016,unverified,0.5,isothermal,0.9705882352941176,isothermal,,,40.3600138528,37.932395935058594,0.0,True,False,48,CC(=O)C(C)C,mol_b650f1cc3cac74aa,0.4625,0.3734,0.38200029730796814,1.1335389614105225,27.63922119140625,CC(C)CC(C)(C)C,mol_57615b5c3546c298,0.3972,0.3792,0.3900716006755829,1.458530068397522,25.54053497314453,CC(C)O,mol_db030b5de88f8eaf,0.1403,0.2474,0.22792814671993256,1.6030466556549072,38.44186019897461,2
state_1246300628e579dbce22609c,3c_9d99da16f52b34af2793,3,ternary_vle_english.xlsx,10.1016/j.fluid.2007.10.016,unverified,0.5,isothermal,0.9705882352941176,isothermal,,,65.870049068288,63.108848571777344,-3.814697265625e-06,True,False,48,CC(=O)C(C)C,mol_b650f1cc3cac74aa,0.1194,0.1057,0.10935371369123459,1.444873332977295,40.00273132324219,CC(C)CC(C)(C)C,mol_57615b5c3546c298,0.6249,0.45499999999999996,0.4398427903652191,1.2416521310806274,35.774803161621094,CC(C)O,mol_db030b5de88f8eaf,0.2557,0.4393,0.4508034288883209,1.9598500728607178,56.77065658569336,2
state_132f3758b520f8cd720d11e7,3c_9d99da16f52b34af2793,3,ternary_vle_english.xlsx,10.1016/j.fluid.2007.10.016,unverified,0.5,isothermal,0.9705882352941176,isothermal,,,56.23004192768,53.686981201171875,0.0,True,False,48,CC(=O)C(C)C,mol_b650f1cc3cac74aa,0.5544,0.4459,0.45427265763282776,1.0996960401535034,40.00273132324219,CC(C)CC(C)(C)C,mol_57615b5c3546c298,0.33319999999999994,0.3425,0.34971877932548523,1.575091004371643,35.774803161621094,CC(C)O,mol_db030b5de88f8eaf,0.1124,0.2116,0.1960086226463318,1.6491262912750244,56.77065658569336,2
state_16c37fbf88c255dde8e9e11b,3c_9d99da16f52b34af2793,3,ternary_vle_english.xlsx,10.1016/j.fluid.2007.10.016,unverified,0.5,isothermal,0.9705882352941176,isothermal,,,61.789984640384,59.687957763671875,-3.814697265625e-06,True,False,48,CC(=O)C(C)C,mol_b650f1cc3cac74aa,0.3807,0.2876,0.2898936867713928,1.136195182800293,40.00273132324219,CC(C)CC(C)(C)C,mol_57615b5c3546c298,0.14969999999999994,0.22629999999999995,0.21594755351543427,2.4067773818969727,35.774803161621094,CC(C)O,mol_db030b5de88f8eaf,0.4696,0.4861,0.4941587448120117,1.1063719987869263,56.77065658569336,2
state_2509ea7f080d3c1613bae2cf,3c_9d99da16f52b34af2793,3,ternary_vle_english.xlsx,10.1016/j.fluid.2007.10.016,unverified,0.5,isothermal,0.9705882352941176,isothermal,,,35.839985610496,34.11084747314453,0.0,True,False,48,CC(=O)C(C)C,mol_b650f1cc3cac74aa,0.7178,0.5862,0.6022385954856873,1.0354564189910889,27.63922119140625,CC(C)CC(C)(C)C,mol_57615b5c3546c298,0.20989999999999998,0.2812999999999999,0.27578553557395935,1.7547754049301147,25.54053497314453,CC(C)O,mol_db030b5de88f8eaf,0.0723,0.1325,0.12197588384151459,1.497006893157959,38.44186019897461,2
state_27419a7b25d57e8aba4939e2,3c_9d99da16f52b34af2793,3,ternary_vle_english.xlsx,10.1016/j.fluid.2007.10.016,unverified,0.5,isothermal,0.9705882352941176,isothermal,,,44.770051141504,42.981422424316406,-3.814697265625e-06,True,False,48,CC(=O)C(C)C,mol_b650f1cc3cac74aa,0.1166,0.1114,0.10387459397315979,1.3853697776794434,27.63922119140625,CC(C)CC(C)(C)C,mol_57615b5c3546c298,0.6234,0.46540000000000004,0.4590429365634918,1.2391880750656128,25.54053497314453,CC(C)O,mol_db030b5de88f8eaf,0.26,0.4232,0.43708252906799316,1.8796041011810303,38.44186019897461,2
state_27703a87b71c2447040f18e4,3c_9d99da16f52b34af2793,3,ternary_vle_english.xlsx,10.1016/j.fluid.2007.10.016,unverified,0.5,isothermal,0.9705882352941176,isothermal,,,57.439942417279994,53.192787170410156,-3.814697265625e-06,True,False,48,CC(=O)C(C)C,mol_b650f1cc3cac74aa,0.1196,0.1469,0.16646292805671692,1.850757122039795,40.00273132324219,CC(C)CC(C)(C)C,mol_57615b5c3546c298,0.8035,0.5461,0.5700899958610535,1.0549527406692505,35.774803161621094,CC(C)O,mol_db030b5de88f8eaf,0.0769,0.307,0.2634470760822296,3.2099320888519287,56.77065658569336,2
state_29078caa930918e3b38249b3,3c_9d99da16f52b34af2793,3,ternary_vle_english.xlsx,10.1016/j.fluid.2007.10.016,unverified,0.5,isothermal,0.9705882352941176,isothermal,,,33.360056243327996,32.13203430175781,-3.814697265625e-06,True,False,48,CC(=O)C(C)C,mol_b650f1cc3cac74aa,0.7891,0.6896,0.6993794441223145,1.0303698778152466,27.63922119140625,CC(C)CC(C)(C)C,mol_57615b5c3546c298,0.19679999999999997,0.2825,0.27377840876579285,1.7501784563064575,25.54053497314453,CC(C)O,mol_db030b5de88f8eaf,0.0141,0.0279,0.026842188090085983,1.5912284851074219,38.44186019897461,2
state_2c003a0602d2c25137611a40,3c_9d99da16f52b34af2793,3,ternary_vle_english.xlsx,10.1016/j.fluid.2007.10.016,unverified,0.5,isothermal,0.9705882352941176,isothermal,,,44.149968807936,41.91963195800781,0.0,True,False,48,CC(=O)C(C)C,mol_b650f1cc3cac74aa,0.1882,0.168,0.16304856538772583,1.3139808177947998,27.63922119140625,CC(C)CC(C)(C)C,mol_57615b5c3546c298,0.5744,0.44309999999999994,0.4481036067008972,1.2804170846939087,25.54053497314453,CC(C)O,mol_db030b5de88f8eaf,0.2374,0.3889,0.3888477385044098,1.7861254215240479,38.44186019897461,2
state_3427b710f632c5341eda1de3,3c_9d99da16f52b34af2793,3,ternary_vle_english.xlsx,10.1016/j.fluid.2007.10.016,unverified,0.5,isothermal,0.9705882352941176,isothermal,,,52.489949538176,50.72117614746094,-3.814697265625e-06,True,False,48,CC(=O)C(C)C,mol_b650f1cc3cac74aa,0.4617,0.448,0.44990599155426025,1.235553503036499,40.00273132324219,CC(C)CC(C)(C)C,mol_57615b5c3546c298,0.49929999999999997,0.44689999999999996,0.4581330418586731,1.3008944988250732,35.774803161621094,CC(C)O,mol_db030b5de88f8eaf,0.039,0.1051,0.09196095913648605,2.1067075729370117,56.77065658569336,2
state_3bb5eafc5c699ffe8ea1e9be,3c_9d99da16f52b34af2793,3,ternary_vle_english.xlsx,10.1016/j.fluid.2007.10.016,unverified,0.5,isothermal,0.9705882352941176,isothermal,,,67.930012976256,66.4345703125,0.0,True,False,48,CC(=O)C(C)C,mol_b650f1cc3cac74aa,0.0919,0.0766,0.06644050031900406,1.2006651163101196,40.00273132324219,CC(C)CC(C)(C)C,mol_57615b5c3546c298,0.2511,0.3339,0.3152642250061035,2.3315505981445312,35.774803161621094,CC(C)O,mol_db030b5de88f8eaf,0.657,0.5895,0.6182953119277954,1.1012877225875854,56.77065658569336,2
state_3f75516abd9b6ef31a2fd956,3c_9d99da16f52b34af2793,3,ternary_vle_english.xlsx,10.1016/j.fluid.2007.10.016,unverified,0.5,isothermal,0.9705882352941176,isothermal,,,40.5100015168,36.685394287109375,0.0,True,False,48,CC(=O)C(C)C,mol_b650f1cc3cac74aa,0.0212,0.0306,0.033521391451358795,2.0987155437469482,27.63922119140625,CC(C)CC(C)(C)C,mol_57615b5c3546c298,0.8925,0.5986,0.6343674063682556,1.0209296941757202,25.54053497314453,CC(C)O,mol_db030b5de88f8eaf,0.0863,0.3708,0.33211126923561096,3.6724982261657715,38.44186019897461,2
state_3fd63e6ea6bc8935d79ffcf3,3c_9d99da16f52b34af2793,3,ternary_vle_english.xlsx,10.1016/j.fluid.2007.10.016,unverified,0.5,isothermal,0.9705882352941176,isothermal,,,43.899989367935994,42.74321746826172,0.0,True,False,48,CC(=O)C(C)C,mol_b650f1cc3cac74aa,0.2146,0.1767,0.15694715082645416,1.1310065984725952,27.63922119140625,CC(C)CC(C)(C)C,mol_57615b5c3546c298,0.1987,0.3017000000000001,0.2809150218963623,2.365997791290283,25.54053497314453,CC(C)O,mol_db030b5de88f8eaf,0.5867,0.5216,0.5621377825737,1.0653430223464966,38.44186019897461,2
state_46f1ae2847e668c061a06080,3c_9d99da16f52b34af2793,3,ternary_vle_english.xlsx,10.1016/j.fluid.2007.10.016,unverified,0.5,isothermal,0.9705882352941176,isothermal,,,63.889945258752,61.66796875,0.0,True,False,48,CC(=O)C(C)C,mol_b650f1cc3cac74aa,0.2955,0.2239,0.22289703786373138,1.1628315448760986,40.00273132324219,CC(C)CC(C)(C)C,mol_57615b5c3546c298,0.17290000000000005,0.2579,0.24325653910636902,2.4252243041992188,35.774803161621094,CC(C)O,mol_db030b5de88f8eaf,0.5316,0.5182,0.533846378326416,1.0908551216125488,56.77065658569336,2
state_47f8de2d4d8d92acb21ecf57,3c_9d99da16f52b34af2793,3,ternary_vle_english.xlsx,10.1016/j.fluid.2007.10.016,unverified,0.5,isothermal,0.9705882352941176,isothermal,,,68.459969389056,67.40234375,-7.62939453125e-06,True,False,48,CC(=O)C(C)C,mol_b650f1cc3cac74aa,0.048,0.0408,0.03425220400094986,1.2023546695709229,40.00273132324219,CC(C)CC(C)(C)C,mol_57615b5c3546c298,0.2688999999999999,0.35309999999999997,0.32815417647361755,2.2992427349090576,35.774803161621094,CC(C)O,mol_db030b5de88f8eaf,0.6831,0.6061,0.6375936269760132,1.108181118965149,56.77065658569336,2
state_48fe0e58b8c84fee72454dd1,3c_9d99da16f52b34af2793,3,ternary_vle_english.xlsx,10.1016/j.fluid.2007.10.016,unverified,0.5,isothermal,0.9705882352941176,isothermal,,,65.61993630591999,63.58692169189453,0.0,True,False,48,CC(=O)C(C)C,mol_b650f1cc3cac74aa,0.2164,0.1697,0.1609238088130951,1.1820646524429321,40.00273132324219,CC(C)CC(C)(C)C,mol_57615b5c3546c298,0.20339999999999991,0.2851,0.2738623321056366,2.393160820007324,35.774803161621094,CC(C)O,mol_db030b5de88f8eaf,0.5802,0.5452,0.5652138590812683,1.09113609790802,56.77065658569336,2
state_4c6fa674e05bb3d82654346a,3c_9d99da16f52b34af2793,3,ternary_vle_english.xlsx,10.1016/j.fluid.2007.10.016,unverified,0.5,isothermal,0.9705882352941176,isothermal,,,68.850070637824,68.15406799316406,-7.62939453125e-06,True,False,48,CC(=O)C(C)C,mol_b650f1cc3cac74aa,0.0171,0.0152,0.012094725854694843,1.2050414085388184,40.00273132324219,CC(C)CC(C)(C)C,mol_57615b5c3546c298,0.29269999999999996,0.376,0.34173285961151123,2.2242236137390137,35.774803161621094,CC(C)O,mol_db030b5de88f8eaf,0.6902,0.6088,0.6461724042892456,1.1239351034164429,56.77065658569336,2
state_4c8d0b81f070f0d99167f504,3c_9d99da16f52b34af2793,3,ternary_vle_english.xlsx,10.1016/j.fluid.2007.10.016,unverified,0.5,isothermal,0.9705882352941176,isothermal,,,53.659986639744,51.041709899902344,0.0,True,False,48,CC(=O)C(C)C,mol_b650f1cc3cac74aa,0.3663,0.374,0.38904789090156555,1.3551948070526123,40.00273132324219,CC(C)CC(C)(C)C,mol_57615b5c3546c298,0.5904,0.4796,0.4980587959289551,1.2036000490188599,35.774803161621094,CC(C)O,mol_db030b5de88f8eaf,0.0433,0.1464,0.11289335042238235,2.344130277633667,56.77065658569336,2
state_50d80cd619bc35099b9fc192,3c_9d99da16f52b34af2793,3,ternary_vle_english.xlsx,10.1016/j.fluid.2007.10.016,unverified,0.5,isothermal,0.9705882352941176,isothermal,,,64.69001278911999,61.51007080078125,0.0,True,False,48,CC(=O)C(C)C,mol_b650f1cc3cac74aa,0.191,0.1646,0.1690388172864914,1.3608481884002686,40.00273132324219,CC(C)CC(C)(C)C,mol_57615b5c3546c298,0.5774,0.43069999999999997,0.4304543733596802,1.281797170639038,35.774803161621094,CC(C)O,mol_db030b5de88f8eaf,0.2316,0.4047,0.40050679445266724,1.8736722469329834,56.77065658569336,2
state_51c6adcdd3fcee4cbff69ca4,3c_9d99da16f52b34af2793,3,ternary_vle_english.xlsx,10.1016/j.fluid.2007.10.016,unverified,0.5,isothermal,0.9705882352941176,isothermal,,,45.579984527103996,46.16949462890625,0.0,True,False,48,CC(=O)C(C)C,mol_b650f1cc3cac74aa,0.0168,0.0163,0.011109679937362671,1.1046419143676758,27.63922119140625,CC(C)CC(C)(C)C,mol_57615b5c3546c298,0.2833,0.4014,0.34478485584259033,2.2000200748443604,25.54053497314453,CC(C)O,mol_db030b5de88f8eaf,0.6999,0.5823,0.6441054344177246,1.105278491973877,38.44186019897461,2
state_5328ded61f55a9d8939a4378,3c_9d99da16f52b34af2793,3,ternary_vle_english.xlsx,10.1016/j.fluid.2007.10.016,unverified,0.5,isothermal,0.9705882352941176,isothermal,,,49.800037441408,48.075111389160156,0.0,True,False,48,CC(=O)C(C)C,mol_b650f1cc3cac74aa,0.7821,0.6599,0.665655791759491,1.0228643417358398,40.00273132324219,CC(C)CC(C)(C)C,mol_57615b5c3546c298,0.16310000000000002,0.23449999999999993,0.23185686767101288,1.9103327989578247,35.774803161621094,CC(C)O,mol_db030b5de88f8eaf,0.0548,0.1056,0.10248731076717377,1.583747386932373,56.77065658569336,2
state_536d653c28971e90c1fd3bb4,3c_9d99da16f52b34af2793,3,ternary_vle_english.xlsx,10.1016/j.fluid.2007.10.016,unverified,0.5,isothermal,0.9705882352941176,isothermal,,,36.94002846886399,35.495819091796875,0.0,True,False,48,CC(=O)C(C)C,mol_b650f1cc3cac74aa,0.6407,0.5076,0.5240386128425598,1.050412654876709,27.63922119140625,CC(C)CC(C)(C)C,mol_57615b5c3546c298,0.0734999999999999,0.1400999999999999,0.12292467057704926,2.324336051940918,25.54053497314453,CC(C)O,mol_db030b5de88f8eaf,0.2858,0.3523,0.3530367910861969,1.1405925750732422,38.44186019897461,2
state_583c4ea23c13cbc3706a5c29,3c_9d99da16f52b34af2793,3,ternary_vle_english.xlsx,10.1016/j.fluid.2007.10.016,unverified,0.5,isothermal,0.9705882352941176,isothermal,,,56.829992583679996,55.07917785644531,0.0,True,False,48,CC(=O)C(C)C,mol_b650f1cc3cac74aa,0.561,0.4277,0.43957483768463135,1.0788666009902954,40.00273132324219,CC(C)CC(C)(C)C,mol_57615b5c3546c298,0.0948,0.16280000000000006,0.1481299251317978,2.405717611312866,35.774803161621094,CC(C)O,mol_db030b5de88f8eaf,0.3442,0.4095,0.41229522228240967,1.162146806716919,56.77065658569336,2
state_59862395461e2856589e1ce0,3c_9d99da16f52b34af2793,3,ternary_vle_english.xlsx,10.1016/j.fluid.2007.10.016,unverified,0.5,isothermal,0.9705882352941176,isothermal,,,35.380023440896004,34.10966491699219,-3.814697265625e-06,True,False,48,CC(=O)C(C)C,mol_b650f1cc3cac74aa,0.7179,0.5818,0.6007292866706848,1.0326817035675049,27.63922119140625,CC(C)CC(C)(C)C,mol_57615b5c3546c298,0.056400000000000006,0.11250000000000004,0.09720034152269363,2.30163311958313,25.54053497314453,CC(C)O,mol_db030b5de88f8eaf,0.2257,0.3057,0.30207037925720215,1.1875436305999756,38.44186019897461,2
state_5be9ade25e3e41a8aedaf82f,3c_9d99da16f52b34af2793,3,ternary_vle_english.xlsx,10.1016/j.fluid.2007.10.016,unverified,0.5,isothermal,0.9705882352941176,isothermal,,,54.420057459712005,52.93450164794922,0.0,True,False,48,CC(=O)C(C)C,mol_b650f1cc3cac74aa,0.6416,0.5022,0.5113205909729004,1.0545765161514282,40.00273132324219,CC(C)CC(C)(C)C,mol_57615b5c3546c298,0.07590000000000008,0.13339999999999996,0.12241386622190475,2.386439323425293,35.774803161621094,CC(C)O,mol_db030b5de88f8eaf,0.2825,0.3644,0.36626559495925903,1.2089061737060547,56.77065658569336,2
state_5c8099620dcec413364548fa,3c_9d99da16f52b34af2793,3,ternary_vle_english.xlsx,10.1016/j.fluid.2007.10.016,unverified,0.5,isothermal,0.9705882352941176,isothermal,,,39.759929874432,36.34239959716797,0.0,True,False,48,CC(=O)C(C)C,mol_b650f1cc3cac74aa,0.1183,0.1492,0.16102829575538635,1.7898030281066895,27.63922119140625,CC(C)CC(C)(C)C,mol_57615b5c3546c298,0.8075,0.5515,0.5964289307594299,1.0509929656982422,25.54053497314453,CC(C)O,mol_db030b5de88f8eaf,0.0742,0.2993,0.24254277348518372,3.090250253677368,38.44186019897461,2
state_5d30125a686b669244a4c5a4,3c_9d99da16f52b34af2793,3,ternary_vle_english.xlsx,10.1016/j.fluid.2007.10.016,unverified,0.5,isothermal,0.9705882352941176,isothermal,,,38.230055701632004,35.88916015625,0.0,True,False,48,CC(=O)C(C)C,mol_b650f1cc3cac74aa,0.2765,0.2992,0.3083460330963135,1.44804048538208,27.63922119140625,CC(C)CC(C)(C)C,mol_57615b5c3546c298,0.6639999999999999,0.5083,0.5366733074188232,1.1357301473617554,25.54053497314453,CC(C)O,mol_db030b5de88f8eaf,0.0595,0.1925,0.15498070418834686,2.431753396987915,38.44186019897461,2
state_5fa8bcef1d64fd7809dca803,3c_9d99da16f52b34af2793,3,ternary_vle_english.xlsx,10.1016/j.fluid.2007.10.016,unverified,0.5,isothermal,0.9705882352941176,isothermal,,,35.829986432896,34.420677185058594,-3.814697265625e-06,True,False,48,CC(=O)C(C)C,mol_b650f1cc3cac74aa,0.5523,0.5087,0.5081875324249268,1.1458889245986938,27.63922119140625,CC(C)CC(C)(C)C,mol_57615b5c3546c298,0.4165,0.4172,0.4274280369281769,1.383048415184021,25.54053497314453,CC(C)O,mol_db030b5de88f8eaf,0.0312,0.0741,0.06438441574573517,1.8477412462234497,38.44186019897461,2
state_6664bba76817932905f1bd0d,3c_9d99da16f52b34af2793,3,ternary_vle_english.xlsx,10.1016/j.fluid.2007.10.016,unverified,0.5,isothermal,0.9705882352941176,isothermal,,,45.350003442304,44.51029968261719,-3.814697265625e-06,True,False,48,CC(=O)C(C)C,mol_b650f1cc3cac74aa,0.0211,0.023,0.019750656560063362,1.5074182748794556,27.63922119140625,CC(C)CC(C)(C)C,mol_57615b5c3546c298,0.6916,0.5061,0.4708980321884155,1.1865946054458618,25.54053497314453,CC(C)O,mol_db030b5de88f8eaf,0.2873,0.4709,0.5093513131141663,2.0527586936950684,38.44186019897461,2
state_7140e3644957d4b42eb5bc27,3c_9d99da16f52b34af2793,3,ternary_vle_english.xlsx,10.1016/j.fluid.2007.10.016,unverified,0.5,isothermal,0.9705882352941176,isothermal,,,66.939961071488,65.15850067138672,0.0,True,False,48,CC(=O)C(C)C,mol_b650f1cc3cac74aa,0.1484,0.1197,0.1088276132941246,1.194501280784607,40.00273132324219,CC(C)CC(C)(C)C,mol_57615b5c3546c298,0.2288,0.3115,0.29714107513427734,2.36537766456604,35.774803161621094,CC(C)O,mol_db030b5de88f8eaf,0.6228,0.5688,0.5940312743186951,1.0947321653366089,56.77065658569336,2
state_76464c741efa51ed80ac9540,3c_9d99da16f52b34af2793,3,ternary_vle_english.xlsx,10.1016/j.fluid.2007.10.016,unverified,0.5,isothermal,0.9705882352941176,isothermal,,,43.160050225536,40.667572021484375,-3.814697265625e-06,True,False,48,CC(=O)C(C)C,mol_b650f1cc3cac74aa,0.2716,0.2312,0.23055246472358704,1.248999834060669,27.63922119140625,CC(C)CC(C)(C)C,mol_57615b5c3546c298,0.522,0.42380000000000007,0.4345831274986267,1.3256245851516724,25.54053497314453,CC(C)O,mol_db030b5de88f8eaf,0.2064,0.345,0.33486440777778625,1.716339111328125,38.44186019897461,2
state_775c258dda02df914f5f6185,3c_9d99da16f52b34af2793,3,ternary_vle_english.xlsx,10.1016/j.fluid.2007.10.016,unverified,0.5,isothermal,0.9705882352941176,isothermal,,,35.040051402496,33.714073181152344,0.0,True,False,48,CC(=O)C(C)C,mol_b650f1cc3cac74aa,0.643,0.5725,0.5748816728591919,1.0905684232711792,27.63922119140625,CC(C)CC(C)(C)C,mol_57615b5c3546c298,0.33399999999999996,0.37629999999999997,0.37964001297950745,1.5003989934921265,25.54053497314453,CC(C)O,mol_db030b5de88f8eaf,0.023,0.0512,0.04547833278775215,1.7341375350952148,38.44186019897461,2
state_780f56502b33a72fb3934b05,3c_9d99da16f52b34af2793,3,ternary_vle_english.xlsx,10.1016/j.fluid.2007.10.016,unverified,0.5,isothermal,0.9705882352941176,isothermal,,,54.950013872511995,52.18431854248047,-3.814697265625e-06,True,False,48,CC(=O)C(C)C,mol_b650f1cc3cac74aa,0.2767,0.2979,0.31480368971824646,1.4841610193252563,40.00273132324219,CC(C)CC(C)(C)C,mol_57615b5c3546c298,0.6638,0.5061,0.5197765827178955,1.1422001123428345,35.774803161621094,CC(C)O,mol_db030b5de88f8eaf,0.0595,0.196,0.1654197722673416,2.5555624961853027,56.77065658569336,2
state_79b36581c210817dd3618290,3c_9d99da16f52b34af2793,3,ternary_vle_english.xlsx,10.1016/j.fluid.2007.10.016,unverified,0.5,isothermal,0.9705882352941176,isothermal,,,59.059942510847996,53.47174835205078,-3.814697265625e-06,True,False,48,CC(=O)C(C)C,mol_b650f1cc3cac74aa,0.0213,0.0296,0.03519616648554802,2.2087697982788086,40.00273132324219,CC(C)CC(C)(C)C,mol_57615b5c3546c298,0.8918,0.5881000000000001,0.6096169352531433,1.0217312574386597,35.774803161621094,CC(C)O,mol_db030b5de88f8eaf,0.0869,0.3823,0.3551868796348572,3.849794626235962,56.77065658569336,2
state_857682f16f7cce512a2fc573,3c_9d99da16f52b34af2793,3,ternary_vle_english.xlsx,10.1016/j.fluid.2007.10.016,unverified,0.5,isothermal,0.9705882352941176,isothermal,,,50.399988097408,48.95756530761719,0.0,True,False,48,CC(=O)C(C)C,mol_b650f1cc3cac74aa,0.6383,0.5791,0.5732725262641907,1.0991740226745605,40.00273132324219,CC(C)CC(C)(C)C,mol_57615b5c3546c298,0.3389,0.3703000000000001,0.3779187500476837,1.5260522365570068,35.774803161621094,CC(C)O,mol_db030b5de88f8eaf,0.0228,0.0506,0.04880872741341591,1.8461140394210815,56.77065658569336,2
state_87c642ebe18756aa0317d748,3c_9d99da16f52b34af2793,3,ternary_vle_english.xlsx,10.1016/j.fluid.2007.10.016,unverified,0.5,isothermal,0.9705882352941176,isothermal,,,52.009989013376,50.710052490234375,-3.814697265625e-06,True,False,48,CC(=O)C(C)C,mol_b650f1cc3cac74aa,0.7187,0.5755,0.5866150259971619,1.03468918800354,40.00273132324219,CC(C)CC(C)(C)C,mol_57615b5c3546c298,0.05820000000000003,0.10830000000000006,0.09749884903430939,2.374615430831909,35.774803161621094,CC(C)O,mol_db030b5de88f8eaf,0.2231,0.3162,0.31588611006736755,1.2647393941879272,56.77065658569336,2
state_88368a04b30fb385993efe2f,3c_9d99da16f52b34af2793,3,ternary_vle_english.xlsx,10.1016/j.fluid.2007.10.016,unverified,0.5,isothermal,0.9705882352941176,isothermal,,,45.110023179904,44.84039306640625,-3.814697265625e-06,True,False,48,CC(=O)C(C)C,mol_b650f1cc3cac74aa,0.0909,0.0803,0.06275513023138046,1.1200281381607056,27.63922119140625,CC(C)CC(C)(C)C,mol_57615b5c3546c298,0.243,0.35529999999999995,0.31969746947288513,2.3097891807556152,25.54053497314453,CC(C)O,mol_db030b5de88f8eaf,0.6661,0.5644,0.6175473928451538,1.0814235210418701,38.44186019897461,2
state_8dcb5ae41c1bdb90916453c0,3c_9d99da16f52b34af2793,3,ternary_vle_english.xlsx,10.1016/j.fluid.2007.10.016,unverified,0.5,isothermal,0.9705882352941176,isothermal,,,49.30994441664,47.90385818481445,0.0,True,False,48,CC(=O)C(C)C,mol_b650f1cc3cac74aa,0.7185,0.6374,0.6350136995315552,1.0583691596984863,40.00273132324219,CC(C)CC(C)(C)C,mol_57615b5c3546c298,0.26339999999999997,0.3244,0.3272855877876282,1.6638123989105225,35.774803161621094,CC(C)O,mol_db030b5de88f8eaf,0.0181,0.0382,0.03770069777965546,1.7575891017913818,56.77065658569336,2
state_9758fac03b3f3226fce70ba5,3c_9d99da16f52b34af2793,3,ternary_vle_english.xlsx,10.1016/j.fluid.2007.10.016,unverified,0.5,isothermal,0.9705882352941176,isothermal,,,56.32003452608,52.83837890625,0.0,True,False,48,CC(=O)C(C)C,mol_b650f1cc3cac74aa,0.1929,0.2218,0.24145352840423584,1.6533360481262207,40.00273132324219,CC(C)CC(C)(C)C,mol_57615b5c3546c298,0.7374,0.5247999999999999,0.5447733402252197,1.091151237487793,35.774803161621094,CC(C)O,mol_db030b5de88f8eaf,0.0697,0.2534,0.2137732207775116,2.854605197906494,56.77065658569336,2
state_99f8f5f7ba5420b473e1253d,3c_9d99da16f52b34af2793,3,ternary_vle_english.xlsx,10.1016/j.fluid.2007.10.016,unverified,0.5,isothermal,0.9705882352941176,isothermal,,,40.280020432,36.728050231933594,-3.814697265625e-06,True,False,48,CC(=O)C(C)C,mol_b650f1cc3cac74aa,0.0608,0.0827,0.08932286500930786,1.952230453491211,27.63922119140625,CC(C)CC(C)(C)C,mol_57615b5c3546c298,0.8556,0.5726,0.614322304725647,1.0325078964233398,25.54053497314453,CC(C)O,mol_db030b5de88f8eaf,0.0836,0.3447,0.29635483026504517,3.3868749141693115,38.44186019897461,2
state_a301fa48c1ea181525a1cb68,3c_9d99da16f52b34af2793,3,ternary_vle_english.xlsx,10.1016/j.fluid.2007.10.016,unverified,0.5,isothermal,0.9705882352941176,isothermal,,,34.249983049728,32.962738037109375,-3.814697265625e-06,True,False,48,CC(=O)C(C)C,mol_b650f1cc3cac74aa,0.7216,0.6313,0.6376932263374329,1.0539323091506958,27.63922119140625,CC(C)CC(C)(C)C,mol_57615b5c3546c298,0.26059999999999994,0.3304,0.32803258299827576,1.6245602369308472,25.54053497314453,CC(C)O,mol_db030b5de88f8eaf,0.0178,0.0383,0.03427419066429138,1.6510720252990723,38.44186019897461,2
state_a6807916d46ef4bdae3b4ff2,3c_9d99da16f52b34af2793,3,ternary_vle_english.xlsx,10.1016/j.fluid.2007.10.016,unverified,0.5,isothermal,0.9705882352941176,isothermal,,,34.389971536128,32.86980438232422,-3.814697265625e-06,True,False,48,CC(=O)C(C)C,mol_b650f1cc3cac74aa,0.7847,0.6567,0.6734228134155273,1.0205997228622437,27.63922119140625,CC(C)CC(C)(C)C,mol_57615b5c3546c298,0.1603,0.2411000000000001,0.2311359941959381,1.8556715250015259,25.54053497314453,CC(C)O,mol_db030b5de88f8eaf,0.055,0.1022,0.09544123709201813,1.483768105506897,38.44186019897461,2
state_a8f1fa7ec5237efd6cbde52c,3c_9d99da16f52b34af2793,3,ternary_vle_english.xlsx,10.1016/j.fluid.2007.10.016,unverified,0.5,isothermal,0.9705882352941176,isothermal,,,62.950022564352,59.72581481933594,0.0,True,False,48,CC(=O)C(C)C,mol_b650f1cc3cac74aa,0.2717,0.228,0.23362450301647186,1.283811330795288,40.00273132324219,CC(C)CC(C)(C)C,mol_57615b5c3546c298,0.5255,0.41290000000000004,0.4186249077320099,1.329955816268921,35.774803161621094,CC(C)O,mol_db030b5de88f8eaf,0.2028,0.3591,0.34775054454803467,1.8040060997009277,56.77065658569336,2
state_bb7289717538afe5aa220bc2,3c_9d99da16f52b34af2793,3,ternary_vle_english.xlsx,10.1016/j.fluid.2007.10.016,unverified,0.5,isothermal,0.9705882352941176,isothermal,,,45.170018245504,43.909278869628906,-3.814697265625e-06,True,False,48,CC(=O)C(C)C,mol_b650f1cc3cac74aa,0.0608,0.0616,0.05533839762210846,1.4459506273269653,27.63922119140625,CC(C)CC(C)(C)C,mol_57615b5c3546c298,0.6592,0.48229999999999995,0.4650912880897522,1.2129621505737305,25.54053497314453,CC(C)O,mol_db030b5de88f8eaf,0.28,0.4561,0.47957026958465576,1.9563478231430054,38.44186019897461,2
state_bc71f77e6c221723dd9006a6,3c_9d99da16f52b34af2793,3,ternary_vle_english.xlsx,10.1016/j.fluid.2007.10.016,unverified,0.5,isothermal,0.9705882352941176,isothermal,,,41.880022170367994,39.30506134033203,-3.814697265625e-06,True,False,48,CC(=O)C(C)C,mol_b650f1cc3cac74aa,0.3649,0.3001,0.30482587218284607,1.187956690788269,27.63922119140625,CC(C)CC(C)(C)C,mol_57615b5c3546c298,0.4628,0.4034,0.4159392714500427,1.3831045627593994,25.54053497314453,CC(C)O,mol_db030b5de88f8eaf,0.1723,0.2965,0.2792348861694336,1.6570225954055786,38.44186019897461,2
state_bd0febac8ce748dd36326719,3c_9d99da16f52b34af2793,3,ternary_vle_english.xlsx,10.1016/j.fluid.2007.10.016,unverified,0.5,isothermal,0.9705882352941176,isothermal,,,45.419997685504,45.57953643798828,0.0,True,False,48,CC(=O)C(C)C,mol_b650f1cc3cac74aa,0.0475,0.0441,0.03196803480386734,1.1098555326461792,27.63922119140625,CC(C)CC(C)(C)C,mol_57615b5c3546c298,0.26050000000000006,0.3792,0.3317323923110962,2.2725844383239746,25.54053497314453,CC(C)O,mol_db030b5de88f8eaf,0.692,0.5767,0.6362995505332947,1.0902373790740967,38.44186019897461,2
state_bf0eaea4c596fbc7d89538df,3c_9d99da16f52b34af2793,3,ternary_vle_english.xlsx,10.1016/j.fluid.2007.10.016,unverified,0.5,isothermal,0.9705882352941176,isothermal,,,39.139980863232,36.37324523925781,-3.814697265625e-06,True,False,48,CC(=O)C(C)C,mol_b650f1cc3cac74aa,0.1914,0.2218,0.23284313082695007,1.600949764251709,27.63922119140625,CC(C)CC(C)(C)C,mol_57615b5c3546c298,0.7376,0.5302,0.5634388327598572,1.0878721475601196,25.54053497314453,CC(C)O,mol_db030b5de88f8eaf,0.071,0.248,0.20371803641319275,2.7148680686950684,38.44186019897461,2
state_c0bfdc3acc37fec9cc9ebd02,3c_9d99da16f52b34af2793,3,ternary_vle_english.xlsx,10.1016/j.fluid.2007.10.016,unverified,0.5,isothermal,0.9705882352941176,isothermal,,,38.460036786432,36.87944793701172,-3.814697265625e-06,True,False,48,CC(=O)C(C)C,mol_b650f1cc3cac74aa,0.5591,0.4353,0.44883397221565247,1.071161150932312,27.63922119140625,CC(C)CC(C)(C)C,mol_57615b5c3546c298,0.09219999999999995,0.16999999999999993,0.15029551088809967,2.353799343109131,25.54053497314453,CC(C)O,mol_db030b5de88f8eaf,0.3487,0.3947,0.40087053179740906,1.102889895439148,38.44186019897461,2
state_ca19e5ebd9efeced5e9c6fc3,3c_9d99da16f52b34af2793,3,ternary_vle_english.xlsx,10.1016/j.fluid.2007.10.016,unverified,0.5,isothermal,0.9705882352941176,isothermal,,,67.28006643225599,65.31440734863281,-7.62939453125e-06,True,False,48,CC(=O)C(C)C,mol_b650f1cc3cac74aa,0.0215,0.0212,0.021073393523693085,1.6003512144088745,40.00273132324219,CC(C)CC(C)(C)C,mol_57615b5c3546c298,0.6962999999999999,0.48819999999999997,0.4522523581981659,1.1858127117156982,35.774803161621094,CC(C)O,mol_db030b5de88f8eaf,0.2822,0.4906,0.526674211025238,2.1471879482269287,56.77065658569336,2
state_02fed1cc55e96b042144a768,3c_5af2e9ac27e2698a2927,3,ternary_vle_english.xlsx,10.1016/j.fluid.2008.06.006,unverified,0.5,isobaric,0.9772727272727273,isobaric,329.92999999999995,334.41986083984375,,,0.0003204345703125,True,False,48,C1CCCCC1,mol_893981623557f359,0.722,0.344,0.4128198027610779,1.0585871934890747,50.7722053527832,CC(C)=O,mol_e04cf77cea7bbe66,0.195,0.497,0.5117703080177307,2.004917621612549,123.0476303100586,CC(C)OC(C)C,mol_1a0ca8e5eeb68da8,0.083,0.159,0.07540987432003021,1.1796739101409912,72.39649200439453,0
state_03e495bb6c2825906e542bee,3c_5af2e9ac27e2698a2927,3,ternary_vle_english.xlsx,10.1016/j.fluid.2008.06.006,unverified,0.5,isobaric,0.9772727272727273,isobaric,338.40999999999997,340.0440673828125,,,1.52587890625e-05,True,False,48,C1CCCCC1,mol_893981623557f359,0.722,0.3420000000000001,0.4866902530193329,1.032083511352539,61.39436721801758,CC(C)=O,mol_e04cf77cea7bbe66,0.085,0.174,0.31130683422088623,2.345815658569336,146.7586669921875,CC(C)OC(C)C,mol_1a0ca8e5eeb68da8,0.193,0.484,0.20200295746326447,1.1500108242034912,85.55126190185547,0
state_0523de5f5bb96f2904abf2d9,3c_1a08c4f653f7d812cdc9,3,ternary_vle_english.xlsx,10.1016/j.jct.2019.03.036,unverified,0.5,isobaric,0.972972972972973,isobaric,387.14,384.4571228027344,,,-4.57763671875e-05,True,False,48,CCCOC(C)=O,mol_67043ae833ecd0c7,0.4649,0.8843,0.8283141255378723,1.2340648174285889,146.2535858154297,CCOC(C)=O,mol_18876b584acc43d4,0.0323,0.0605,0.11564653366804123,1.269354224205017,285.73028564453125,CS(C)=O,mol_7d3e12eaed0f467c,0.5028,0.05520000000000003,0.05603936314582825,1.122757077217102,10.055903434753418,3
state_05328f2d408ded3ed6a329ad,3c_1a08c4f653f7d812cdc9,3,ternary_vle_english.xlsx,10.1016/j.jct.2019.03.036,unverified,0.5,isobaric,0.972972972972973,isobaric,386.65999999999997,380.4919738769531,,,0.00099945068359375,True,False,48,CCCOC(C)=O,mol_67043ae833ecd0c7,0.3866,0.7311,0.6137811541557312,1.2464659214019775,129.02822875976562,CCOC(C)=O,mol_18876b584acc43d4,0.1056,0.2152,0.33738192915916443,1.265772819519043,255.69110107421875,CS(C)=O,mol_7d3e12eaed0f467c,0.5078,0.05370000000000008,0.04883689433336258,1.1135908365249634,8.748692512512207,3
state_0b26305f595b179123844751,3c_5af2e9ac27e2698a2927,3,ternary_vle_english.xlsx,10.1016/j.fluid.2008.06.006,unverified,0.5,isobaric,0.9772727272727273,isobaric,335.17999999999995,334.2884826660156,,,0.0003814697265625,True,False,48,C1CCCCC1,mol_893981623557f359,0.383,0.272,0.2350420504808426,1.1413284540176392,50.54355239868164,CC(C)=O,mol_e04cf77cea7bbe66,0.163,0.259,0.3988436162471771,1.877109408378601,122.53356170654297,CC(C)OC(C)C,mol_1a0ca8e5eeb68da8,0.454,0.469,0.3661142885684967,1.0512253046035767,72.10985565185547,0
state_0c95dc5ca168c8fd44d9ada1,3c_1a08c4f653f7d812cdc9,3,ternary_vle_english.xlsx,10.1016/j.jct.2019.03.036,unverified,0.5,isobaric,0.972972972972973,isobaric,377.53,370.17181396484375,,,-7.62939453125e-06,True,False,48,CCCOC(C)=O,mol_67043ae833ecd0c7,0.1588,0.2314,0.18387159705162048,1.275555968284607,91.95465850830078,CCOC(C)=O,mol_18876b584acc43d4,0.3381,0.7354,0.7830204367637634,1.238862156867981,189.37127685546875,CS(C)=O,mol_7d3e12eaed0f467c,0.5031,0.033199999999999896,0.03310801088809967,1.1102633476257324,6.004293441772461,3
state_118441b9f3bce6fce2f53a40,3c_5af2e9ac27e2698a2927,3,ternary_vle_english.xlsx,10.1016/j.fluid.2008.06.006,unverified,0.5,isobaric,0.9772727272727273,isobaric,328.21,328.99603271484375,,,6.103515625e-05,True,False,48,C1CCCCC1,mol_893981623557f359,0.349,0.18599999999999994,0.19636563956737518,1.2588590383529663,42.01371383666992,CC(C)=O,mol_e04cf77cea7bbe66,0.367,0.515,0.5933715105056763,1.4723042249679565,103.22650146484375,CC(C)OC(C)C,mol_1a0ca8e5eeb68da8,0.284,0.299,0.21026284992694855,1.1353464126586914,61.297664642333984,0
state_140536dbed90a355267bc0c2,3c_5af2e9ac27e2698a2927,3,ternary_vle_english.xlsx,10.1016/j.fluid.2008.06.006,unverified,0.5,isobaric,0.9772727272727273,isobaric,324.99,325.3063049316406,,,0.0,True,False,48,C1CCCCC1,mol_893981623557f359,0.09399999999999997,0.061999999999999944,0.08251082897186279,2.2419700622558594,36.802825927734375,CC(C)=O,mol_e04cf77cea7bbe66,0.81,0.781,0.8195255398750305,1.0417442321777344,91.29441833496094,CC(C)OC(C)C,mol_1a0ca8e5eeb68da8,0.096,0.157,0.09796362370252609,1.7580090761184692,54.563270568847656,0
state_15ad56844b2d7b8cd47bc661,3c_2254869a6d8c8579192d,3,ternary_vle_english.xlsx,10.1016/j.fluid.2015.01.005,unverified,0.5,isobaric,0.9545454545454546,isobaric,373.2,367.0600280761719,,,0.00148773193359375,True,False,48,CN1CCCC1=O,mol_f50e4145cb9a22d5,0.40259999999999996,0.006899999999999906,0.01486092060804367,1.2535293102264404,2.9829981327056885,c1ccccc1,mol_7165dcf6be1f831d,0.209,0.4287,0.416216105222702,1.3291434049606323,151.78060913085938,c1ccsc1,mol_7953343be0b435d5,0.3884,0.5644,0.5689229965209961,1.134795069694519,130.75924682617188,1
state_173923d9c513b12a4cc3a52c,3c_5af2e9ac27e2698a2927,3,ternary_vle_english.xlsx,10.1016/j.fluid.2008.06.006,unverified,0.5,isobaric,0.9772727272727273,isobaric,334.0,333.9897766113281,,,0.0003509521484375,True,False,48,C1CCCCC1,mol_893981623557f359,0.494,0.07800000000000007,0.2917071580886841,1.1095504760742188,50.02678298950195,CC(C)=O,mol_e04cf77cea7bbe66,0.181,0.227,0.44069162011146545,1.8856920003890991,121.3709945678711,CC(C)OC(C)C,mol_1a0ca8e5eeb68da8,0.325,0.695,0.26760122179985046,1.0830832719802856,71.46153259277344,0
state_1ac3269645ccd8e887a3cfdf,3c_5af2e9ac27e2698a2927,3,ternary_vle_english.xlsx,10.1016/j.fluid.2008.06.006,unverified,0.5,isobaric,0.9772727272727273,isobaric,327.84,329.1533203125,,,-2.288818359375e-05,True,False,48,C1CCCCC1,mol_893981623557f359,0.05699999999999994,0.2879999999999999,0.035511136054992676,1.3861284255981445,42.24876403808594,CC(C)=O,mol_e04cf77cea7bbe66,0.319,0.562,0.52406907081604,1.488288164138794,103.76205444335938,CC(C)OC(C)C,mol_1a0ca8e5eeb68da8,0.624,0.15,0.4404197633266449,1.0770511627197266,61.598995208740234,0
state_1ae7caa5914e9aa744c03c10,3c_5af2e9ac27e2698a2927,3,ternary_vle_english.xlsx,10.1016/j.fluid.2008.06.006,unverified,0.5,isobaric,0.9772727272727273,isobaric,325.02,325.8915100097656,,,-3.0517578125e-05,True,False,48,C1CCCCC1,mol_893981623557f359,0.09000000000000008,0.16399999999999992,0.06142502650618553,1.706637978553772,37.591453552246094,CC(C)=O,mol_e04cf77cea7bbe66,0.603,0.677,0.6969162821769714,1.1668238639831543,93.10772705078125,CC(C)OC(C)C,mol_1a0ca8e5eeb68da8,0.307,0.159,0.24165867269039154,1.3310632705688477,55.58953094482422,0
state_1bd37f87a05357f15bbbdc86,3c_5af2e9ac27e2698a2927,3,ternary_vle_english.xlsx,10.1016/j.fluid.2008.06.006,unverified,0.5,isobaric,0.9772727272727273,isobaric,341.89,339.4882507324219,,,1.52587890625e-05,True,False,48,C1CCCCC1,mol_893981623557f359,0.617,0.653,0.4166609048843384,1.0532431602478027,60.2693977355957,CC(C)=O,mol_e04cf77cea7bbe66,0.083,0.234,0.2869926691055298,2.253030300140381,144.26254272460938,CC(C)OC(C)C,mol_1a0ca8e5eeb68da8,0.3,0.113,0.29634642601013184,1.1031605005264282,84.1719970703125,0
state_211dae1f6c8a5d60e012c8d9,3c_5af2e9ac27e2698a2927,3,ternary_vle_english.xlsx,10.1016/j.fluid.2008.06.006,unverified,0.5,isobaric,0.9772727272727273,isobaric,324.9,325.8255310058594,,,4.57763671875e-05,True,False,48,C1CCCCC1,mol_893981623557f359,0.20100000000000007,0.10200000000000009,0.14616034924983978,1.8226728439331055,37.501861572265625,CC(C)=O,mol_e04cf77cea7bbe66,0.706,0.718,0.7702094316482544,1.1038451194763184,92.90177917480469,CC(C)OC(C)C,mol_1a0ca8e5eeb68da8,0.093,0.18,0.08363023400306702,1.5237935781478882,55.47307586669922,0
state_220537fe5a3e76ee83f3f944,3c_1a08c4f653f7d812cdc9,3,ternary_vle_english.xlsx,10.1016/j.jct.2019.03.036,unverified,0.5,isobaric,0.972972972972973,isobaric,384.72999999999996,376.6033630371094,,,0.00011444091796875,True,False,48,CCCOC(C)=O,mol_67043ae833ecd0c7,0.3137,0.5618,0.4417770802974701,1.253424048423767,113.81521606445312,CCOC(C)=O,mol_18876b584acc43d4,0.1819,0.3896,0.5161040425300598,1.256302833557129,228.7809600830078,CS(C)=O,mol_7d3e12eaed0f467c,0.5044,0.04859999999999998,0.04211890324950218,1.1115165948867798,7.610193252563477,3
state_2738b1c14d07e781bcd57fe0,3c_1a08c4f653f7d812cdc9,3,ternary_vle_english.xlsx,10.1016/j.jct.2019.03.036,unverified,0.5,isobaric,0.972972972972973,isobaric,389.89,390.09918212890625,,,-7.62939453125e-06,True,False,48,CCCOC(C)=O,mol_67043ae833ecd0c7,0.3838,0.8982,0.8653797507286072,1.312423825263977,174.0350799560547,CCOC(C)=O,mol_18876b584acc43d4,0.013,0.0395,0.05697567015886307,1.3318270444869995,333.3553161621094,CS(C)=O,mol_7d3e12eaed0f467c,0.6032,0.06230000000000002,0.07764456421136856,1.0688152313232422,12.199898719787598,3
state_274e298b9b475a4776a4acf5,3c_1a08c4f653f7d812cdc9,3,ternary_vle_english.xlsx,10.1016/j.jct.2019.03.036,unverified,0.5,isobaric,0.972972972972973,isobaric,382.78,380.8653869628906,,,0.00080108642578125,True,False,48,CCCOC(C)=O,mol_67043ae833ecd0c7,0.2384,0.5387,0.40879109501838684,1.330300211906433,130.57443237304688,CCOC(C)=O,mol_18876b584acc43d4,0.1588,0.4158,0.5351649522781372,1.3211385011672974,258.4052734375,CS(C)=O,mol_7d3e12eaed0f467c,0.6028,0.045500000000000096,0.056043971329927444,1.0623701810836792,8.865278244018555,3
state_2cc2d4ddff3695f407ed4678,3c_1a08c4f653f7d812cdc9,3,ternary_vle_english.xlsx,10.1016/j.jct.2019.03.036,unverified,0.5,isobaric,0.972972972972973,isobaric,377.71,374.707763671875,,,9.918212890625e-05,True,False,48,CCCOC(C)=O,mol_67043ae833ecd0c7,0.1271,0.282,0.1799570620059967,1.3409186601638794,106.96224212646484,CCOC(C)=O,mol_18876b584acc43d4,0.2781,0.6832,0.7756504416465759,1.3048511743545532,216.52780151367188,CS(C)=O,mol_7d3e12eaed0f467c,0.5948,0.03479999999999994,0.044392481446266174,1.0644452571868896,7.102720260620117,3
state_31f4d2e6bcb7bf98a355c5d1,3c_5af2e9ac27e2698a2927,3,ternary_vle_english.xlsx,10.1016/j.fluid.2008.06.006,unverified,0.5,isobaric,0.9772727272727273,isobaric,326.60999999999996,327.9923095703125,,,0.0,True,False,48,C1CCCCC1,mol_893981623557f359,0.20700000000000007,0.19900000000000007,0.1220468133687973,1.3671280145645142,40.53916549682617,CC(C)=O,mol_e04cf77cea7bbe66,0.41,0.59,0.6016647815704346,1.3813406229019165,99.86143493652344,CC(C)OC(C)C,mol_1a0ca8e5eeb68da8,0.383,0.211,0.2762884497642517,1.1415228843688965,59.402835845947266,0
state_337bd20eb6690b72d42f9fc8,3c_1a08c4f653f7d812cdc9,3,ternary_vle_english.xlsx,10.1016/j.jct.2019.03.036,unverified,0.5,isobaric,0.972972972972973,isobaric,381.71999999999997,379.4930725097656,,,0.00029754638671875,True,False,48,CCCOC(C)=O,mol_67043ae833ecd0c7,0.2151,0.4846,0.353598415851593,1.332554578781128,124.96699523925781,CCOC(C)=O,mol_18876b584acc43d4,0.1834,0.4726,0.5931427478790283,1.3181548118591309,248.54432678222656,CS(C)=O,mol_7d3e12eaed0f467c,0.6014999999999999,0.04279999999999995,0.05325883999466896,1.0623273849487305,8.443220138549805,3
state_37b380140125784f699b58d4,3c_5af2e9ac27e2698a2927,3,ternary_vle_english.xlsx,10.1016/j.fluid.2008.06.006,unverified,0.5,isobaric,0.9772727272727273,isobaric,326.34,326.68865966796875,,,-6.103515625e-05,True,False,48,C1CCCCC1,mol_893981623557f359,0.09200000000000008,0.249,0.058560993522405624,1.5465670824050903,38.68827819824219,CC(C)=O,mol_e04cf77cea7bbe66,0.501,0.612,0.6426553726196289,1.2609461545944214,95.625,CC(C)OC(C)C,mol_1a0ca8e5eeb68da8,0.407,0.139,0.29878363013267517,1.2103742361068726,57.01252746582031,0
state_38ca3761a941bcb787be5477,3c_5af2e9ac27e2698a2927,3,ternary_vle_english.xlsx,10.1016/j.fluid.2008.06.006,unverified,0.5,isobaric,0.9772727272727273,isobaric,326.0,327.23553466796875,,,1.52587890625e-05,True,False,48,C1CCCCC1,mol_893981623557f359,0.30000000000000004,0.08299999999999996,0.1777123510837555,1.411274790763855,39.455963134765625,CC(C)=O,mol_e04cf77cea7bbe66,0.504,0.609,0.6721084117889404,1.287209153175354,97.38399505615234,CC(C)OC(C)C,mol_1a0ca8e5eeb68da8,0.196,0.308,0.15017926692962646,1.2416856288909912,58.00563430786133,0
state_39b5d4ddfa50d7fb317e297f,3c_5af2e9ac27e2698a2927,3,ternary_vle_english.xlsx,10.1016/j.fluid.2008.06.006,unverified,0.5,isobaric,0.9772727272727273,isobaric,325.35999999999996,325.9737854003906,,,1.52587890625e-05,True,False,48,C1CCCCC1,mol_893981623557f359,0.04700000000000004,0.263,0.03200257197022438,1.697593331336975,37.70347213745117,CC(C)=O,mol_e04cf77cea7bbe66,0.575,0.66,0.6783750057220459,1.187807321548462,93.3649673461914,CC(C)OC(C)C,mol_1a0ca8e5eeb68da8,0.378,0.077,0.28962242603302,1.292229413986206,55.73508834838867,0
state_3bc709ac9f6287fa77350336,3c_5af2e9ac27e2698a2927,3,ternary_vle_english.xlsx,10.1016/j.fluid.2008.06.006,unverified,0.5,isobaric,0.9772727272727273,isobaric,327.01,327.7276916503906,,,3.0517578125e-05,True,False,48,C1CCCCC1,mol_893981623557f359,0.02100000000000002,0.07999999999999996,0.013332863338291645,1.4861540794372559,40.157649993896484,CC(C)=O,mol_e04cf77cea7bbe66,0.401,0.551,0.5785359740257263,1.370015025138855,98.98938751220703,CC(C)OC(C)C,mol_1a0ca8e5eeb68da8,0.578,0.369,0.4081312417984009,1.1266834735870361,58.911224365234375,0
state_3c183c9a08b41a761d844d24,3c_2254869a6d8c8579192d,3,ternary_vle_english.xlsx,10.1016/j.fluid.2015.01.005,unverified,0.5,isobaric,0.9545454545454546,isobaric,360.44,358.4934997558594,,,-3.814697265625e-05,True,False,48,CN1CCCC1=O,mol_f50e4145cb9a22d5,0.20079999999999998,0.0022999999999999687,0.007509299553930759,1.829251766204834,2.070957660675049,c1ccccc1,mol_7165dcf6be1f831d,0.7159,0.9092,0.9009442329406738,1.0754997730255127,118.53434753417969,c1ccsc1,mol_7953343be0b435d5,0.0833,0.0885,0.09154652804136276,1.0985698699951172,101.33937072753906,1
state_3fd66459d6fe56241504e038,3c_1a08c4f653f7d812cdc9,3,ternary_vle_english.xlsx,10.1016/j.jct.2019.03.036,unverified,0.5,isobaric,0.972972972972973,isobaric,385.9,378.24578857421875,,,0.00022125244140625,True,False,48,CCCOC(C)=O,mol_67043ae833ecd0c7,0.3285,0.6153,0.49031463265419006,1.2595058679580688,120.04647827148438,CCOC(C)=O,mol_18876b584acc43d4,0.1548,0.3328,0.4641629159450531,1.2663968801498413,239.85003662109375,CS(C)=O,mol_7d3e12eaed0f467c,0.5166999999999999,0.05190000000000006,0.04552249237895012,1.1052911281585693,8.074599266052246,3
state_406718c7057c6739099ab593,3c_2254869a6d8c8579192d,3,ternary_vle_english.xlsx,10.1016/j.fluid.2015.01.005,unverified,0.5,isobaric,0.9545454545454546,isobaric,365.40999999999997,361.6268005371094,,,-2.288818359375e-05,True,False,48,CN1CCCC1=O,mol_f50e4145cb9a22d5,0.30279999999999996,0.0033000000000000806,0.010347208008170128,1.4597140550613403,2.3714206218719482,c1ccccc1,mol_7165dcf6be1f831d,0.4837,0.742,0.7340127229690552,1.1831234693527222,129.9291229248047,c1ccsc1,mol_7953343be0b435d5,0.2135,0.2547,0.2556401193141937,1.0888444185256958,111.39722442626953,1
state_407c69e47107a8cb6f212e75,3c_2254869a6d8c8579192d,3,ternary_vle_english.xlsx,10.1016/j.fluid.2015.01.005,unverified,0.5,isobaric,0.9545454545454546,isobaric,364.7,360.9078369140625,,,0.0001068115234375,True,False,48,CN1CCCC1=O,mol_f50e4145cb9a22d5,0.3005,0.0033000000000000806,0.010657080449163914,1.5624473094940186,2.2993125915527344,c1ccccc1,mol_7165dcf6be1f831d,0.6522,0.941,0.9335553050041199,1.1395875215530396,127.23927307128906,c1ccsc1,mol_7953343be0b435d5,0.0473,0.0557,0.055787622928619385,1.0959203243255615,109.02029418945312,1
state_44483ce713605ad7a04e89e7,3c_1a08c4f653f7d812cdc9,3,ternary_vle_english.xlsx,10.1016/j.jct.2019.03.036,unverified,0.5,isobaric,0.972972972972973,isobaric,384.42999999999995,383.15753173828125,,,-3.814697265625e-05,True,False,48,CCCOC(C)=O,mol_67043ae833ecd0c7,0.2753,0.6306,0.50629061460495,1.3268115520477295,140.4085235595703,CCOC(C)=O,mol_18876b584acc43d4,0.12,0.3202,0.43273788690567017,1.3255537748336792,275.5848388671875,CS(C)=O,mol_7d3e12eaed0f467c,0.6047,0.04919999999999991,0.06097147986292839,1.0628176927566528,9.610300064086914,3
state_457b0c2efdc5f27f0960149a,3c_5af2e9ac27e2698a2927,3,ternary_vle_english.xlsx,10.1016/j.fluid.2008.06.006,unverified,0.5,isobaric,0.9772727272727273,isobaric,328.42999999999995,329.1543273925781,,,-5.340576171875e-05,True,False,48,C1CCCCC1,mol_893981623557f359,0.34299999999999997,0.07000000000000006,0.19326989352703094,1.253627061843872,42.2502555847168,CC(C)=O,mol_e04cf77cea7bbe66,0.356,0.478,0.5844540596008301,1.4872190952301025,103.76551818847656,CC(C)OC(C)C,mol_1a0ca8e5eeb68da8,0.301,0.452,0.22227604687213898,1.126850962638855,61.60093307495117,0
state_488f246eefd7b8504deb53f7,3c_5af2e9ac27e2698a2927,3,ternary_vle_english.xlsx,10.1016/j.fluid.2008.06.006,unverified,0.5,isobaric,0.9772727272727273,isobaric,325.47999999999996,326.58221435546875,,,3.0517578125e-05,True,False,48,C1CCCCC1,mol_893981623557f359,0.29800000000000004,0.20799999999999996,0.18892163038253784,1.5462459325790405,38.54027557373047,CC(C)=O,mol_e04cf77cea7bbe66,0.601,0.641,0.7277732491493225,1.1945979595184326,95.28572082519531,CC(C)OC(C)C,mol_1a0ca8e5eeb68da8,0.101,0.151,0.08330513536930084,1.3644918203353882,56.82081604003906,0
state_4ca6a1782ffebdaef35c7664,3c_5af2e9ac27e2698a2927,3,ternary_vle_english.xlsx,10.1016/j.fluid.2008.06.006,unverified,0.5,isobaric,0.9772727272727273,isobaric,330.34,329.68701171875,,,2.288818359375e-05,True,False,48,C1CCCCC1,mol_893981623557f359,0.20300000000000007,0.07099999999999995,0.11989672482013702,1.2894996404647827,43.054447174072266,CC(C)=O,mol_e04cf77cea7bbe66,0.307,0.393,0.5281685590744019,1.5314875841140747,105.59628295898438,CC(C)OC(C)C,mol_1a0ca8e5eeb68da8,0.49,0.536,0.3519347012042999,1.077979326248169,62.630165100097656,0
state_4ffbc93b59c13c88326171e7,3c_2254869a6d8c8579192d,3,ternary_vle_english.xlsx,10.1016/j.fluid.2015.01.005,unverified,0.5,isobaric,0.9545454545454546,isobaric,371.33,364.3632507324219,,,0.00032806396484375,True,False,48,CN1CCCC1=O,mol_f50e4145cb9a22d5,0.40290000000000004,0.005600000000000049,0.013929476030170918,1.3145647048950195,2.6641957759857178,c1ccccc1,mol_7165dcf6be1f831d,0.4464,0.7902,0.784483015537262,1.2662233114242554,140.59169006347656,c1ccsc1,mol_7953343be0b435d5,0.1507,0.2042,0.20158751308918,1.1214348077774048,120.83338165283203,1
state_58abb1524ea1345154586b51,3c_5af2e9ac27e2698a2927,3,ternary_vle_english.xlsx,10.1016/j.fluid.2008.06.006,unverified,0.5,isobaric,0.9772727272727273,isobaric,335.32,340.51104736328125,,,5.340576171875e-05,True,False,48,C1CCCCC1,mol_893981623557f359,0.829,0.32899999999999996,0.5593910813331604,1.0172626972198486,62.352806091308594,CC(C)=O,mol_e04cf77cea7bbe66,0.09,0.282,0.3499724566936493,2.455132246017456,148.8828125,CC(C)OC(C)C,mol_1a0ca8e5eeb68da8,0.081,0.389,0.09063640236854553,1.2128485441207886,86.7239761352539,0
state_5b8995c9a98fe5701dd4e69d,3c_2254869a6d8c8579192d,3,ternary_vle_english.xlsx,10.1016/j.fluid.2015.01.005,unverified,0.5,isobaric,0.9545454545454546,isobaric,375.59999999999997,370.2209167480469,,,6.103515625e-05,True,False,48,CN1CCCC1=O,mol_f50e4145cb9a22d5,0.403,0.008000000000000007,0.016650443896651268,1.231552243232727,3.3984227180480957,c1ccccc1,mol_7165dcf6be1f831d,0.0294,0.0714,0.06596241891384125,1.3708152770996094,165.7981719970703,c1ccsc1,mol_7953343be0b435d5,0.5676,0.9206,0.9173871278762817,1.143133282661438,143.226318359375,1
state_5cce262ba3284405cb4ee783,3c_2254869a6d8c8579192d,3,ternary_vle_english.xlsx,10.1016/j.fluid.2015.01.005,unverified,0.5,isobaric,0.9545454545454546,isobaric,363.46,361.53228759765625,,,6.866455078125e-05,True,False,48,CN1CCCC1=O,mol_f50e4145cb9a22d5,0.2005,0.0025000000000000577,0.007232449017465115,1.547147512435913,2.361830711364746,c1ccccc1,mol_7165dcf6be1f831d,0.1997,0.3066,0.30546823143959045,1.1958671808242798,129.572998046875,c1ccsc1,mol_7953343be0b435d5,0.5998,0.6909,0.687299370765686,1.044970154762268,111.08235931396484,1
state_5e2c6259d4f0b034934ebc19,3c_5af2e9ac27e2698a2927,3,ternary_vle_english.xlsx,10.1016/j.fluid.2008.06.006,unverified,0.5,isobaric,0.9772727272727273,isobaric,325.76,326.771240234375,,,6.103515625e-05,True,False,48,C1CCCCC1,mol_893981623557f359,0.245,0.15000000000000002,0.1505873054265976,1.48895263671875,38.80337905883789,CC(C)=O,mol_e04cf77cea7bbe66,0.54,0.622,0.683326780796051,1.2404919862747192,95.88900756835938,CC(C)OC(C)C,mol_1a0ca8e5eeb68da8,0.215,0.228,0.16608598828315735,1.2703351974487305,57.16159439086914,0
state_62560c83d626162104faf9c4,3c_1a08c4f653f7d812cdc9,3,ternary_vle_english.xlsx,10.1016/j.jct.2019.03.036,unverified,0.5,isobaric,0.972972972972973,isobaric,380.2,377.6509094238281,,,5.340576171875e-05,True,False,48,CCCOC(C)=O,mol_67043ae833ecd0c7,0.179,0.4023,0.27834609150886536,1.3376836776733398,117.75735473632812,CCOC(C)=O,mol_18876b584acc43d4,0.2195,0.5576,0.6718230843544006,1.3149269819259644,235.79148864746094,CS(C)=O,mol_7d3e12eaed0f467c,0.6015,0.040100000000000025,0.04983079433441162,1.0617988109588623,7.903679847717285,3
state_6651f115622c1628f329f2df,3c_1a08c4f653f7d812cdc9,3,ternary_vle_english.xlsx,10.1016/j.jct.2019.03.036,unverified,0.5,isobaric,0.972972972972973,isobaric,374.83,370.9661560058594,,,-1.52587890625e-05,True,False,48,CCCOC(C)=O,mol_67043ae833ecd0c7,0.0244,0.0564,0.03102463111281395,1.3637611865997314,94.4468765258789,CCOC(C)=O,mol_18876b584acc43d4,0.3735,0.9136,0.9298590421676636,1.3005491495132446,193.9138641357422,CS(C)=O,mol_7d3e12eaed0f467c,0.6021000000000001,0.030000000000000027,0.039116326719522476,1.0639727115631104,6.185403347015381,3
state_678640f1f8d3a3636ab8b892,3c_2254869a6d8c8579192d,3,ternary_vle_english.xlsx,10.1016/j.fluid.2015.01.005,unverified,0.5,isobaric,0.9545454545454546,isobaric,369.57,366.1223449707031,,,0.00093841552734375,True,False,48,CN1CCCC1=O,mol_f50e4145cb9a22d5,0.30169999999999997,0.0046000000000000485,0.011606747284531593,1.3585673570632935,2.868581771850586,c1ccccc1,mol_7165dcf6be1f831d,0.0724,0.1432,0.13559217751026154,1.2835146188735962,147.8115692138672,c1ccsc1,mol_7953343be0b435d5,0.6259,0.8522,0.8528010845184326,1.0847949981689453,127.23551177978516,1
state_6c32d65ccbfeafe040ba00ed,3c_5af2e9ac27e2698a2927,3,ternary_vle_english.xlsx,10.1016/j.fluid.2008.06.006,unverified,0.5,isobaric,0.9772727272727273,isobaric,330.33,330.14910888671875,,,0.0,True,False,48,C1CCCCC1,mol_893981623557f359,0.34299999999999997,0.134,0.19463534653186798,1.2188646793365479,43.76228332519531,CC(C)=O,mol_e04cf77cea7bbe66,0.302,0.408,0.5424380898475647,1.5748995542526245,107.20579528808594,CC(C)OC(C)C,mol_1a0ca8e5eeb68da8,0.355,0.458,0.26292651891708374,1.0957868099212646,63.53423309326172,0
state_6d6457990d07ec3f1a97dd5f,3c_5af2e9ac27e2698a2927,3,ternary_vle_english.xlsx,10.1016/j.fluid.2008.06.006,unverified,0.5,isobaric,0.9772727272727273,isobaric,330.10999999999996,331.1292419433594,,,0.00160980224609375,True,False,48,C1CCCCC1,mol_893981623557f359,0.5840000000000001,0.30000000000000004,0.3180520236492157,1.130224585533142,45.29558181762695,CC(C)=O,mol_e04cf77cea7bbe66,0.292,0.471,0.5815538167953491,1.6914176940917969,110.68569946289062,CC(C)OC(C)C,mol_1a0ca8e5eeb68da8,0.124,0.229,0.10039414465427399,1.1621705293655396,65.4865493774414,0
state_6eab55817dde41a52c2961dc,3c_5af2e9ac27e2698a2927,3,ternary_vle_english.xlsx,10.1016/j.fluid.2008.06.006,unverified,0.5,isobaric,0.9772727272727273,isobaric,326.15999999999997,327.01544189453125,,,-7.62939453125e-05,True,False,48,C1CCCCC1,mol_893981623557f359,0.20300000000000007,0.29100000000000004,0.12341506034135818,1.4598814249038696,39.1455192565918,CC(C)=O,mol_e04cf77cea7bbe66,0.496,0.634,0.6524048447608948,1.2789640426635742,96.67288208007812,CC(C)OC(C)C,mol_1a0ca8e5eeb68da8,0.301,0.075,0.22418014705181122,1.2153561115264893,57.6042594909668,0
state_6ed8dabeb2f75d2945345110,3c_1a08c4f653f7d812cdc9,3,ternary_vle_english.xlsx,10.1016/j.jct.2019.03.036,unverified,0.5,isobaric,0.972972972972973,isobaric,374.80999999999995,371.3922424316406,,,-9.1552734375e-05,True,False,48,CCCOC(C)=O,mol_67043ae833ecd0c7,0.0472,0.1079,0.06046915426850319,1.3545770645141602,95.80693054199219,CCOC(C)=O,mol_18876b584acc43d4,0.358,0.862,0.9001880884170532,1.2970184087753296,196.38705444335938,CS(C)=O,mol_7d3e12eaed0f467c,0.5948,0.030100000000000016,0.03934271261096001,1.0661884546279907,6.284462928771973,3
state_711d86859052f4cc0aaaaa0b,3c_1a08c4f653f7d812cdc9,3,ternary_vle_english.xlsx,10.1016/j.jct.2019.03.036,unverified,0.5,isobaric,0.972972972972973,isobaric,386.57,379.9956359863281,,,0.00075531005859375,True,False,48,CCCOC(C)=O,mol_67043ae833ecd0c7,0.3719,0.7041,0.5829867124557495,1.2504100799560547,126.99668884277344,CCOC(C)=O,mol_18876b584acc43d4,0.117,0.2423,0.36883997917175293,1.2666540145874023,252.1195526123047,CS(C)=O,mol_7d3e12eaed0f467c,0.5111,0.05360000000000009,0.048173319548368454,1.1107831001281738,8.59575080871582,3
state_71b319c5c6739aba4b012cb1,3c_5af2e9ac27e2698a2927,3,ternary_vle_english.xlsx,10.1016/j.fluid.2008.06.006,unverified,0.5,isobaric,0.9772727272727273,isobaric,335.5,337.1225891113281,,,7.62939453125e-05,True,False,48,C1CCCCC1,mol_893981623557f359,0.20300000000000007,0.39,0.143609881401062,1.1945385932922363,55.66937255859375,CC(C)=O,mol_e04cf77cea7bbe66,0.091,0.307,0.2590135633945465,1.996367335319519,134.019775390625,CC(C)OC(C)C,mol_1a0ca8e5eeb68da8,0.706,0.303,0.5973765850067139,1.0132290124893188,78.49899291992188,0
state_742cf76b2cee6eb47558ca41,3c_1a08c4f653f7d812cdc9,3,ternary_vle_english.xlsx,10.1016/j.jct.2019.03.036,unverified,0.5,isobaric,0.972972972972973,isobaric,386.29999999999995,379.26031494140625,,,0.00041961669921875,True,False,48,CCCOC(C)=O,mol_67043ae833ecd0c7,0.3567,0.6712,0.5471158623695374,1.2526754140853882,124.03624725341797,CCOC(C)=O,mol_18876b584acc43d4,0.1316,0.276,0.40595462918281555,1.2656300067901611,246.9026641845703,CS(C)=O,mol_7d3e12eaed0f467c,0.5117,0.05279999999999996,0.04692952707409859,1.1095364093780518,8.373368263244629,3
state_76a042ad45309d635b87718e,3c_2254869a6d8c8579192d,3,ternary_vle_english.xlsx,10.1016/j.fluid.2015.01.005,unverified,0.5,isobaric,0.9545454545454546,isobaric,366.59,362.5158996582031,,,0.00012969970703125,True,False,48,CN1CCCC1=O,mol_f50e4145cb9a22d5,0.30269999999999997,0.0037000000000000366,0.01039185095578432,1.4117939472198486,2.463308811187744,c1ccccc1,mol_7165dcf6be1f831d,0.3623,0.5876,0.5786317586898804,1.213531494140625,133.3191680908203,c1ccsc1,mol_7953343be0b435d5,0.335,0.4087,0.4109763503074646,1.0863642692565918,114.39479064941406,1
state_77a85766d15b68d64c6d8adf,3c_5af2e9ac27e2698a2927,3,ternary_vle_english.xlsx,10.1016/j.fluid.2008.06.006,unverified,0.5,isobaric,0.9772727272727273,isobaric,328.29999999999995,329.350341796875,,,2.288818359375e-05,True,False,48,C1CCCCC1,mol_893981623557f359,0.495,0.13,0.27045339345932007,1.2071728706359863,42.54472732543945,CC(C)=O,mol_e04cf77cea7bbe66,0.374,0.496,0.6274281740188599,1.5099742412567139,104.43614196777344,CC(C)OC(C)C,mol_1a0ca8e5eeb68da8,0.131,0.374,0.1021183431148529,1.1822856664657593,61.978065490722656,0
state_7943c0942769272fd11cdb9f,3c_5af2e9ac27e2698a2927,3,ternary_vle_english.xlsx,10.1016/j.fluid.2008.06.006,unverified,0.5,isobaric,0.9772727272727273,isobaric,330.27,330.6844787597656,,,0.0017242431640625,True,False,48,C1CCCCC1,mol_893981623557f359,0.472,0.19500000000000006,0.2609821557998657,1.1655333042144775,44.5943603515625,CC(C)=O,mol_e04cf77cea7bbe66,0.295,0.428,0.5590410232543945,1.6328696012496948,109.09528350830078,CC(C)OC(C)C,mol_1a0ca8e5eeb68da8,0.233,0.377,0.17997688055038452,1.1240860223770142,64.5947265625,0
state_7b31937492ddde8ccb49a809,3c_1a08c4f653f7d812cdc9,3,ternary_vle_english.xlsx,10.1016/j.jct.2019.03.036,unverified,0.5,isobaric,0.972972972972973,isobaric,385.64,384.5876770019531,,,1.52587890625e-05,True,False,48,CCCOC(C)=O,mol_67043ae833ecd0c7,0.307,0.6984,0.5871826410293579,1.3193645477294922,146.85177612304688,CCOC(C)=O,mol_18876b584acc43d4,0.0931,0.2501,0.3490515351295471,1.3244069814682007,286.7659912109375,CS(C)=O,mol_7d3e12eaed0f467c,0.5999,0.05149999999999999,0.06376585364341736,1.0659273862838745,10.101616859436035,3
state_80e61409f27a25a50d527ada,3c_5af2e9ac27e2698a2927,3,ternary_vle_english.xlsx,10.1016/j.fluid.2008.06.006,unverified,0.5,isobaric,0.9772727272727273,isobaric,329.85999999999996,332.48297119140625,,,0.00060272216796875,True,False,48,C1CCCCC1,mol_893981623557f359,0.04800000000000004,0.385,0.03175259754061699,1.30948805809021,47.48616409301758,CC(C)=O,mol_e04cf77cea7bbe66,0.189,0.526,0.39968425035476685,1.7189687490463257,115.64260864257812,CC(C)OC(C)C,mol_1a0ca8e5eeb68da8,0.763,0.089,0.5685631632804871,1.0261379480361938,68.26200866699219,0
state_82622ce699fc9b454d68e013,3c_5af2e9ac27e2698a2927,3,ternary_vle_english.xlsx,10.1016/j.fluid.2008.06.006,unverified,0.5,isobaric,0.9555555555555556,isobaric,324.76,325.235107421875,,,-3.0517578125e-05,True,False,48,C1CCCCC1,mol_893981623557f359,0.07699999999999996,0.11699999999999999,0.06645926088094711,2.2102131843566895,36.70779800415039,CC(C)=O,mol_e04cf77cea7bbe66,0.795,0.778,0.8065521717071533,1.0471056699752808,91.0757064819336,CC(C)OC(C)C,mol_1a0ca8e5eeb68da8,0.128,0.105,0.12698853015899658,1.7130433320999146,54.4394645690918,0
state_838b0a10ea3b97a569137e70,3c_1a08c4f653f7d812cdc9,3,ternary_vle_english.xlsx,10.1016/j.jct.2019.03.036,unverified,0.5,isobaric,0.972972972972973,isobaric,370.21999999999997,366.42022705078125,,,-2.288818359375e-05,True,False,48,CCCOC(C)=O,mol_67043ae833ecd0c7,0.0392,0.0433,0.04072331264615059,1.3005400896072388,80.91747283935547,CCOC(C)=O,mol_18876b584acc43d4,0.4534,0.9347,0.9302449226379395,1.2292340993881226,169.07920837402344,CS(C)=O,mol_7d3e12eaed0f467c,0.5074,0.02200000000000002,0.029031798243522644,1.1127088069915771,5.208959579467773,3
state_852787911de821b534725da0,3c_2254869a6d8c8579192d,3,ternary_vle_english.xlsx,10.1016/j.fluid.2015.01.005,unverified,0.5,isobaric,0.9545454545454546,isobaric,364.33,363.1052551269531,,,0.0001983642578125,True,False,48,CN1CCCC1=O,mol_f50e4145cb9a22d5,0.19989999999999997,0.0027999999999999137,0.0076703717932105064,1.538846492767334,2.5259125232696533,c1ccccc1,mol_7165dcf6be1f831d,0.0787,0.1305,0.12936584651470184,1.2279424667358398,135.60537719726562,c1ccsc1,mol_7953343be0b435d5,0.7214,0.8667,0.8629637360572815,1.040895700454712,116.4177474975586,1
state_868b32a6f5357317d0bcde4d,3c_2254869a6d8c8579192d,3,ternary_vle_english.xlsx,10.1016/j.fluid.2015.01.005,unverified,0.5,isobaric,0.9545454545454546,isobaric,372.16999999999996,365.83099365234375,,,0.00072479248046875,True,False,48,CN1CCCC1=O,mol_f50e4145cb9a22d5,0.40159999999999996,0.005800000000000027,0.014299261383712292,1.272801160812378,2.833815574645996,c1ccccc1,mol_7165dcf6be1f831d,0.2983,0.5726,0.5635892152786255,1.3055733442306519,146.59542846679688,c1ccsc1,mol_7953343be0b435d5,0.3001,0.4216,0.42211151123046875,1.1294413805007935,126.15653991699219,1
state_88a325cc5ba03223d74bcdeb,3c_2254869a6d8c8579192d,3,ternary_vle_english.xlsx,10.1016/j.fluid.2015.01.005,unverified,0.5,isobaric,0.9545454545454546,isobaric,362.90999999999997,360.318359375,,,3.814697265625e-05,True,False,48,CN1CCCC1=O,mol_f50e4145cb9a22d5,0.20179999999999998,0.0025999999999999357,0.007024262100458145,1.5729893445968628,2.2416257858276367,c1ccccc1,mol_7165dcf6be1f831d,0.3229,0.4673,0.4644268751144409,1.1649672985076904,125.067626953125,c1ccsc1,mol_7953343be0b435d5,0.4753,0.5301,0.5285488963127136,1.0517843961715698,107.10258483886719,1
state_8db05df417907b133a59ae46,3c_2254869a6d8c8579192d,3,ternary_vle_english.xlsx,10.1016/j.fluid.2015.01.005,unverified,0.5,isobaric,0.9545454545454546,isobaric,368.46,364.5688781738281,,,0.0004425048828125,True,False,48,CN1CCCC1=O,mol_f50e4145cb9a22d5,0.3004,0.0041999999999999815,0.010924484580755234,1.3708115816116333,2.6874125003814697,c1ccccc1,mol_7165dcf6be1f831d,0.1729,0.3107,0.3037967383861542,1.2585965394973755,141.42059326171875,c1ccsc1,mol_7953343be0b435d5,0.5267,0.6851,0.6852787733078003,1.084166407585144,121.56793212890625,1
state_92c550e7d9e76dbb61fc83f8,3c_1a08c4f653f7d812cdc9,3,ternary_vle_english.xlsx,10.1016/j.jct.2019.03.036,unverified,0.5,isobaric,0.972972972972973,isobaric,381.76,373.2972106933594,,,3.814697265625e-05,True,False,48,CCCOC(C)=O,mol_67043ae833ecd0c7,0.2425,0.3995,0.3082854151725769,1.2614401578903198,102.09016418457031,CCOC(C)=O,mol_18876b584acc43d4,0.256,0.5589,0.6546159982681274,1.2467787265777588,207.76223754882812,CS(C)=O,mol_7d3e12eaed0f467c,0.5015000000000001,0.04160000000000008,0.03709856793284416,1.1111433506011963,6.744122505187988,3
state_93cf0fbf016c266611704c8a,3c_5af2e9ac27e2698a2927,3,ternary_vle_english.xlsx,10.1016/j.fluid.2008.06.006,unverified,0.5,isobaric,0.9772727272727273,isobaric,335.04999999999995,334.1361389160156,,,0.00038909912109375,True,False,48,C1CCCCC1,mol_893981623557f359,0.607,0.495,0.3509441614151001,1.080907940864563,50.279422760009766,CC(C)=O,mol_e04cf77cea7bbe66,0.189,0.394,0.4739341735839844,1.9330428838729858,121.93949890136719,CC(C)OC(C)C,mol_1a0ca8e5eeb68da8,0.204,0.111,0.1751217395067215,1.1242016553878784,71.77865600585938,0
state_9528c74bb4e549cc51fcf1bc,3c_1a08c4f653f7d812cdc9,3,ternary_vle_english.xlsx,10.1016/j.jct.2019.03.036,unverified,0.5,isobaric,0.972972972972973,isobaric,387.47999999999996,387.05657958984375,,,-8.392333984375e-05,True,False,48,CCCOC(C)=O,mol_67043ae833ecd0c7,0.3336,0.777,0.6898173689842224,1.3211067914962769,158.55462646484375,CCOC(C)=O,mol_18876b584acc43d4,0.0595,0.1661,0.24002505838871002,1.3313838243484497,306.9341125488281,CS(C)=O,mol_7d3e12eaed0f467c,0.6069,0.05689999999999995,0.07015758752822876,1.0645599365234375,11.000089645385742,3
state_95538a03ba4511b0c7a1f0fb,3c_5af2e9ac27e2698a2927,3,ternary_vle_english.xlsx,10.1016/j.fluid.2008.06.006,unverified,0.5,isobaric,0.9772727272727273,isobaric,334.41999999999996,333.0544128417969,,,0.00042724609375,True,False,48,C1CCCCC1,mol_893981623557f359,0.14500000000000002,0.14800000000000002,0.09348712116479874,1.2512322664260864,48.43682861328125,CC(C)=O,mol_e04cf77cea7bbe66,0.178,0.236,0.3933805525302887,1.763678789138794,117.78858184814453,CC(C)OC(C)C,mol_1a0ca8e5eeb68da8,0.677,0.616,0.5131322741508484,1.025713562965393,69.46154022216797,0
state_98353b3f692a1cf420cee034,3c_1a08c4f653f7d812cdc9,3,ternary_vle_english.xlsx,10.1016/j.jct.2019.03.036,unverified,0.5,isobaric,0.972972972972973,isobaric,387.46,383.24212646484375,,,3.814697265625e-05,True,False,48,CCCOC(C)=O,mol_67043ae833ecd0c7,0.4217,0.8221,0.7315419316291809,1.248230218887329,140.78302001953125,CCOC(C)=O,mol_18876b584acc43d4,0.0615,0.1217,0.21381792426109314,1.2749638557434082,276.236083984375,CS(C)=O,mol_7d3e12eaed0f467c,0.5167999999999999,0.05619999999999992,0.05464017763733864,1.1111594438552856,9.63879108428955,3
state_99d93034ca6cfa5a62d4bbea,3c_1a08c4f653f7d812cdc9,3,ternary_vle_english.xlsx,10.1016/j.jct.2019.03.036,unverified,0.5,isobaric,0.972972972972973,isobaric,376.2,372.8474426269531,,,7.62939453125e-06,True,False,48,CCCOC(C)=O,mol_67043ae833ecd0c7,0.0737,0.1692,0.099077008664608,1.3539988994598389,100.5764389038086,CCOC(C)=O,mol_18876b584acc43d4,0.3254,0.7982,0.8591046333312988,1.3044335842132568,205.0292205810547,CS(C)=O,mol_7d3e12eaed0f467c,0.6009,0.03259999999999996,0.04181840270757675,1.062818169593811,6.633083820343018,3
state_9ea7196e3031833dbc638e48,3c_1a08c4f653f7d812cdc9,3,ternary_vle_english.xlsx,10.1016/j.jct.2019.03.036,unverified,0.5,isobaric,0.972972972972973,isobaric,377.96,373.9501953125,,,-7.62939453125e-06,True,False,48,CCCOC(C)=O,mol_67043ae833ecd0c7,0.0974,0.2235,0.1355135440826416,1.3510055541992188,104.32196044921875,CCOC(C)=O,mol_18876b584acc43d4,0.3002,0.7419,0.8208703398704529,1.3079209327697754,211.78321838378906,CS(C)=O,mol_7d3e12eaed0f467c,0.6024,0.034599999999999964,0.04361610859632492,1.06171715259552,6.908158302307129,3
state_9ecf0512c258ca2611fc7e70,3c_1a08c4f653f7d812cdc9,3,ternary_vle_english.xlsx,10.1016/j.jct.2019.03.036,unverified,0.5,isobaric,0.972972972972973,isobaric,385.60999999999996,377.69482421875,,,0.00014495849609375,True,False,48,CCCOC(C)=O,mol_67043ae833ecd0c7,0.3142,0.5855,0.46181437373161316,1.262596607208252,117.9251480102539,CCOC(C)=O,mol_18876b584acc43d4,0.1672,0.3634,0.4934605658054352,1.2663387060165405,236.08917236328125,CS(C)=O,mol_7d3e12eaed0f467c,0.5186000000000001,0.05109999999999992,0.04472508281469345,1.1036016941070557,7.916187286376953,3
state_9ee1f73723127c9956d6fc78,3c_1a08c4f653f7d812cdc9,3,ternary_vle_english.xlsx,10.1016/j.jct.2019.03.036,unverified,0.5,isobaric,0.972972972972973,isobaric,372.95,367.63873291015625,,,-2.288818359375e-05,True,False,48,CCCOC(C)=O,mol_67043ae833ecd0c7,0.0823,0.1019,0.08844280987977982,1.2902345657348633,84.37291717529297,CCOC(C)=O,mol_18876b584acc43d4,0.4131,0.8724,0.8813338279724121,1.2317028045654297,175.46414184570312,CS(C)=O,mol_7d3e12eaed0f467c,0.5045999999999999,0.025700000000000056,0.030223382636904716,1.1119170188903809,5.456730842590332,3
state_a1f79dce2adcd675c8362dc7,3c_5af2e9ac27e2698a2927,3,ternary_vle_english.xlsx,10.1016/j.fluid.2008.06.006,unverified,0.5,isobaric,0.9772727272727273,isobaric,328.03999999999996,328.9447021484375,,,5.340576171875e-05,True,False,48,C1CCCCC1,mol_893981623557f359,0.32000000000000006,0.237,0.1814015507698059,1.270630121231079,41.937252044677734,CC(C)=O,mol_e04cf77cea7bbe66,0.365,0.539,0.5872688889503479,1.467624306678772,103.05221557617188,CC(C)OC(C)C,mol_1a0ca8e5eeb68da8,0.315,0.224,0.23132959008216858,1.127976894378662,61.19959259033203,0
state_a289100bc47c153ab67989aa,3c_5af2e9ac27e2698a2927,3,ternary_vle_english.xlsx,10.1016/j.fluid.2008.06.006,unverified,0.5,isobaric,0.9772727272727273,isobaric,330.15999999999997,331.4425964355469,,,0.00145721435546875,True,False,48,C1CCCCC1,mol_893981623557f359,0.673,0.248,0.3638581335544586,1.1097702980041504,45.7950439453125,CC(C)=O,mol_e04cf77cea7bbe66,0.293,0.45,0.6073501110076904,1.7425950765609741,111.81743621826172,CC(C)OC(C)C,mol_1a0ca8e5eeb68da8,0.034,0.302,0.02879183180630207,1.2038910388946533,66.12074279785156,0
state_a3c96d8e95d03e7b1da0cd13,3c_2254869a6d8c8579192d,3,ternary_vle_english.xlsx,10.1016/j.fluid.2015.01.005,unverified,0.5,isobaric,0.9545454545454546,isobaric,374.84999999999997,368.4102478027344,,,-6.866455078125e-05,True,False,48,CN1CCCC1=O,mol_f50e4145cb9a22d5,0.4004,0.007099999999999884,0.015495994128286839,1.2427234649658203,3.154711961746216,c1ccccc1,mol_7165dcf6be1f831d,0.1204,0.2644,0.2526361644268036,1.3483219146728516,157.64649963378906,c1ccsc1,mol_7953343be0b435d5,0.4792,0.7285,0.7318678498268127,1.137823462486267,135.9721221923828,1
state_acb60cafb8cc7fd31aaafded,3c_1a08c4f653f7d812cdc9,3,ternary_vle_english.xlsx,10.1016/j.jct.2019.03.036,unverified,0.5,isobaric,0.972972972972973,isobaric,380.80999999999995,372.5087890625,,,7.62939453125e-06,True,False,48,CCCOC(C)=O,mol_67043ae833ecd0c7,0.2183,0.3518,0.27151936292648315,1.26693856716156,99.44906616210938,CCOC(C)=O,mol_18876b584acc43d4,0.2772,0.6086,0.6922979354858398,1.246329665184021,202.99066162109375,CS(C)=O,mol_7d3e12eaed0f467c,0.5045,0.03959999999999997,0.03618267551064491,1.1091068983078003,6.550512790679932,3
state_b1a98c689cf3792cd278bdb1,3c_5af2e9ac27e2698a2927,3,ternary_vle_english.xlsx,10.1016/j.fluid.2008.06.006,unverified,0.5,isobaric,0.9772727272727273,isobaric,326.71999999999997,327.5915222167969,,,-6.103515625e-05,True,False,48,C1CCCCC1,mol_893981623557f359,0.398,0.14200000000000013,0.23020781576633453,1.360543131828308,39.96246337890625,CC(C)=O,mol_e04cf77cea7bbe66,0.502,0.575,0.6907110214233398,1.3124852180480957,98.54302215576172,CC(C)OC(C)C,mol_1a0ca8e5eeb68da8,0.1,0.283,0.07908116281032562,1.2672497034072876,58.659507751464844,0
state_b69218d723df35290410770b,3c_2254869a6d8c8579192d,3,ternary_vle_english.xlsx,10.1016/j.fluid.2015.01.005,unverified,0.5,isobaric,0.9545454545454546,isobaric,367.63,363.3522033691406,,,0.00026702880859375,True,False,48,CN1CCCC1=O,mol_f50e4145cb9a22d5,0.3030999999999999,0.0036999999999999256,0.010595864616334438,1.3873488903045654,2.5525548458099365,c1ccccc1,mol_7165dcf6be1f831d,0.2783,0.4726,0.46324917674064636,1.2346605062484741,136.5727996826172,c1ccsc1,mol_7953343be0b435d5,0.4186,0.5237,0.5261549353599548,1.0857330560684204,117.27398681640625,1
state_b95e65677aeaf41202cc83a2,3c_5af2e9ac27e2698a2927,3,ternary_vle_english.xlsx,10.1016/j.fluid.2008.06.006,unverified,0.5,isobaric,0.9772727272727273,isobaric,337.02,337.6566162109375,,,5.340576171875e-05,True,False,48,C1CCCCC1,mol_893981623557f359,0.30700000000000005,0.19499999999999995,0.2129899263381958,1.1505529880523682,56.681610107421875,CC(C)=O,mol_e04cf77cea7bbe66,0.088,0.154,0.26100537180900574,2.045816659927368,136.2787628173828,CC(C)OC(C)C,mol_1a0ca8e5eeb68da8,0.605,0.651,0.5260046720504761,1.0247560739517212,79.7520523071289,0
state_c562057b925e786bdba9192a,3c_1a08c4f653f7d812cdc9,3,ternary_vle_english.xlsx,10.1016/j.jct.2019.03.036,unverified,0.5,isobaric,0.972972972972973,isobaric,383.16999999999996,381.5765380859375,,,0.00122833251953125,True,False,48,CCCOC(C)=O,mol_67043ae833ecd0c7,0.257,0.5758,0.449084997177124,1.3253390789031982,133.56198120117188,CCOC(C)=O,mol_18876b584acc43d4,0.1437,0.3778,0.49367693066596985,1.320049524307251,263.6393737792969,CS(C)=O,mol_7d3e12eaed0f467c,0.5992999999999999,0.0464,0.05723806470632553,1.0642534494400024,9.090965270996094,3
state_c9667774380091acb2e87868,3c_2254869a6d8c8579192d,3,ternary_vle_english.xlsx,10.1016/j.fluid.2015.01.005,unverified,0.5,isobaric,0.9545454545454546,isobaric,371.57,364.7841796875,,,0.00038909912109375,True,False,48,CN1CCCC1=O,mol_f50e4145cb9a22d5,0.4002,0.006000000000000005,0.013920669443905354,1.2993263006210327,2.711912155151367,c1ccccc1,mol_7165dcf6be1f831d,0.3911,0.7081,0.7028858661651611,1.2794549465179443,142.2927703857422,c1ccsc1,mol_7953343be0b435d5,0.2087,0.2859,0.2831934094429016,1.123569369316101,122.34088897705078,1
state_cdcbafc54dd7efc95e501d7b,3c_9d99da16f52b34af2793,3,ternary_vle_english.xlsx,10.1016/j.fluid.2007.10.016,unverified,0.5,isothermal,0.9705882352941176,isothermal,,,60.780067702783995,57.70790100097656,-3.814697265625e-06,True,False,48,CC(=O)C(C)C,mol_b650f1cc3cac74aa,0.364,0.2992,0.30574050545692444,1.2117059230804443,40.00273132324219,CC(C)CC(C)(C)C,mol_57615b5c3546c298,0.46599999999999997,0.3952,0.40236416459083557,1.3928083181381226,35.774803161621094,CC(C)O,mol_db030b5de88f8eaf,0.17,0.3056,0.2918953597545624,1.7453783750534058,56.77065658569336,2
state_cfb059fc252d788bcc3233d2,3c_9d99da16f52b34af2793,3,ternary_vle_english.xlsx,10.1016/j.fluid.2007.10.016,unverified,0.5,isothermal,0.9705882352941176,isothermal,,,51.520029310976,49.88841247558594,0.0,True,False,48,CC(=O)C(C)C,mol_b650f1cc3cac74aa,0.5534,0.5135,0.5127236843109131,1.1554583311080933,40.00273132324219,CC(C)CC(C)(C)C,mol_57615b5c3546c298,0.4165,0.4104000000000001,0.4202648103237152,1.4071178436279297,35.774803161621094,CC(C)O,mol_db030b5de88f8eaf,0.0301,0.0761,0.06701146066188812,1.9564032554626465,56.77065658569336,2
state_d26104042e087641d29a8daf,3c_9d99da16f52b34af2793,3,ternary_vle_english.xlsx,10.1016/j.fluid.2007.10.016,unverified,0.5,isothermal,0.9705882352941176,isothermal,,,58.449992677248,53.517250061035156,-3.814697265625e-06,True,False,48,CC(=O)C(C)C,mol_b650f1cc3cac74aa,0.0613,0.08,0.09365829080343246,2.0440423488616943,40.00273132324219,CC(C)CC(C)(C)C,mol_57615b5c3546c298,0.8549,0.5684,0.5906921029090881,1.033623456954956,35.774803161621094,CC(C)O,mol_db030b5de88f8eaf,0.0838,0.3516,0.3156495690345764,3.55083966255188,56.77065658569336,2
state_d47cc1be185069db43d66e92,3c_9d99da16f52b34af2793,3,ternary_vle_english.xlsx,10.1016/j.fluid.2007.10.016,unverified,0.5,isothermal,0.9705882352941176,isothermal,,,44.649927687936,43.886375427246094,-3.814697265625e-06,True,False,48,CC(=O)C(C)C,mol_b650f1cc3cac74aa,0.1468,0.1263,0.104304239153862,1.1281836032867432,27.63922119140625,CC(C)CC(C)(C)C,mol_57615b5c3546c298,0.2218,0.33000000000000007,0.30267786979675293,2.344870090484619,25.54053497314453,CC(C)O,mol_db030b5de88f8eaf,0.6314,0.5437,0.5930178761482239,1.0722311735153198,38.44186019897461,2
state_d6d9e3d012c09b5752ddf6be,3c_9d99da16f52b34af2793,3,ternary_vle_english.xlsx,10.1016/j.fluid.2007.10.016,unverified,0.5,isothermal,0.9705882352941176,isothermal,,,42.869940752767995,41.39064025878906,0.0,True,False,48,CC(=O)C(C)C,mol_b650f1cc3cac74aa,0.2943,0.234,0.22123539447784424,1.125746726989746,27.63922119140625,CC(C)CC(C)(C)C,mol_57615b5c3546c298,0.17200000000000004,0.272,0.2524820864200592,2.378889560699463,25.54053497314453,CC(C)O,mol_db030b5de88f8eaf,0.5337,0.494,0.526282548904419,1.0617433786392212,38.44186019897461,2
state_dbb4c39ae022593671909ab2,3c_9d99da16f52b34af2793,3,ternary_vle_english.xlsx,10.1016/j.fluid.2007.10.016,unverified,0.5,isothermal,0.9705882352941176,isothermal,,,38.880002245632,36.67002868652344,0.0,True,False,48,CC(=O)C(C)C,mol_b650f1cc3cac74aa,0.5543,0.4436,0.4554714262485504,1.09018874168396,27.63922119140625,CC(C)CC(C)(C)C,mol_57615b5c3546c298,0.3306,0.3507,0.3569800555706024,1.5503236055374146,25.54053497314453,CC(C)O,mol_db030b5de88f8eaf,0.1151,0.2057,0.18754854798316956,1.5543372631072998,38.44186019897461,2
state_e29d12e671b2b142028a97cb,3c_9d99da16f52b34af2793,3,ternary_vle_english.xlsx,10.1016/j.fluid.2007.10.016,unverified,0.5,isothermal,0.9705882352941176,isothermal,,,58.419995144447995,55.640472412109375,-3.814697265625e-06,True,False,48,CC(=O)C(C)C,mol_b650f1cc3cac74aa,0.4605,0.3722,0.38063791394233704,1.1496973037719727,40.00273132324219,CC(C)CC(C)(C)C,mol_57615b5c3546c298,0.4012,0.3718,0.3800916373729706,1.4734686613082886,35.774803161621094,CC(C)O,mol_db030b5de88f8eaf,0.1383,0.256,0.23927044868469238,1.6956403255462646,56.77065658569336,2
state_e2da63798f572c7a48909790,3c_9d99da16f52b34af2793,3,ternary_vle_english.xlsx,10.1016/j.fluid.2007.10.016,unverified,0.5,isothermal,0.9705882352941176,isothermal,,,66.779974229888,64.41607666015625,0.0,True,False,48,CC(=O)C(C)C,mol_b650f1cc3cac74aa,0.0559,0.0586,0.05372751131653786,1.5477099418640137,40.00273132324219,CC(C)CC(C)(C)C,mol_57615b5c3546c298,0.6749,0.4657,0.44951874017715454,1.1992932558059692,35.774803161621094,CC(C)O,mol_db030b5de88f8eaf,0.2692,0.4757,0.4967536926269531,2.0938057899475098,56.77065658569336,2
state_e3baafb15c4932c01ca0f78e,3c_9d99da16f52b34af2793,3,ternary_vle_english.xlsx,10.1016/j.fluid.2007.10.016,unverified,0.5,isothermal,0.9705882352941176,isothermal,,,41.580046842368,39.9561767578125,-3.814697265625e-06,True,False,48,CC(=O)C(C)C,mol_b650f1cc3cac74aa,0.379,0.2979,0.29168322682380676,1.1125776767730713,27.63922119140625,CC(C)CC(C)(C)C,mol_57615b5c3546c298,0.1451,0.2399,0.22059810161590576,2.378418445587158,25.54053497314453,CC(C)O,mol_db030b5de88f8eaf,0.4759,0.4622,0.4877186715602875,1.0652048587799072,38.44186019897461,2
state_e74df546a4223fbf6e616780,3c_9d99da16f52b34af2793,3,ternary_vle_english.xlsx,10.1016/j.fluid.2007.10.016,unverified,0.5,isothermal,0.9705882352941176,isothermal,,,37.349994750464,35.36997985839844,0.0,True,False,48,CC(=O)C(C)C,mol_b650f1cc3cac74aa,0.6412,0.5158,0.5300557613372803,1.0578815937042236,27.63922119140625,CC(C)CC(C)(C)C,mol_57615b5c3546c298,0.2671,0.31699999999999995,0.3183978796005249,1.6508251428604126,25.54053497314453,CC(C)O,mol_db030b5de88f8eaf,0.0917,0.1672,0.15154629945755005,1.520569920539856,38.44186019897461,2
state_ebaebc5385054bfc2e15c40d,3c_9d99da16f52b34af2793,3,ternary_vle_english.xlsx,10.1016/j.fluid.2007.10.016,unverified,0.5,isothermal,0.9705882352941176,isothermal,,,54.009957855744,51.8284912109375,0.0,True,False,48,CC(=O)C(C)C,mol_b650f1cc3cac74aa,0.6392,0.5169,0.5248448848724365,1.0638322830200195,40.00273132324219,CC(C)CC(C)(C)C,mol_57615b5c3546c298,0.26949999999999996,0.31179999999999997,0.3137270212173462,1.686492681503296,35.774803161621094,CC(C)O,mol_db030b5de88f8eaf,0.0913,0.1713,0.16142809391021729,1.6141836643218994,56.77065658569336,2
state_eea8536a8cc6ba4df625047b,3c_9d99da16f52b34af2793,3,ternary_vle_english.xlsx,10.1016/j.fluid.2007.10.016,unverified,0.5,isothermal,0.9705882352941176,isothermal,,,36.550060542464,34.93091583251953,0.0,True,False,48,CC(=O)C(C)C,mol_b650f1cc3cac74aa,0.4626,0.4451,0.44636648893356323,1.219467282295227,27.63922119140625,CC(C)CC(C)(C)C,mol_57615b5c3546c298,0.49859999999999993,0.4517,0.46840572357177734,1.2848424911499023,25.54053497314453,CC(C)O,mol_db030b5de88f8eaf,0.0388,0.1032,0.08522780239582062,1.995975136756897,38.44186019897461,2
state_eebf05118d8631059529a9b3,3c_9d99da16f52b34af2793,3,ternary_vle_english.xlsx,10.1016/j.fluid.2007.10.016,unverified,0.5,isothermal,0.9705882352941176,isothermal,,,40.1600303008,38.48597717285156,-3.814697265625e-06,True,False,48,CC(=O)C(C)C,mol_b650f1cc3cac74aa,0.4654,0.361,0.36566734313964844,1.094048261642456,27.63922119140625,CC(C)CC(C)(C)C,mol_57615b5c3546c298,0.11880000000000002,0.20750000000000002,0.18684370815753937,2.369924545288086,25.54053497314453,CC(C)O,mol_db030b5de88f8eaf,0.4158,0.4315,0.4474889039993286,1.0774468183517456,38.44186019897461,2
state_f6bbe1c324208665555fafc4,3c_9d99da16f52b34af2793,3,ternary_vle_english.xlsx,10.1016/j.fluid.2007.10.016,unverified,0.5,isothermal,0.9705882352941176,isothermal,,,51.850002171776,49.72987365722656,0.0,True,False,48,CC(=O)C(C)C,mol_b650f1cc3cac74aa,0.721,0.5892,0.6021688580513,1.0382709503173828,40.00273132324219,CC(C)CC(C)(C)C,mol_57615b5c3546c298,0.2107,0.2754000000000001,0.27314165234565735,1.802036166191101,35.774803161621094,CC(C)O,mol_db030b5de88f8eaf,0.0683,0.1354,0.1246895119547844,1.5991995334625244,56.77065658569336,2
state_cc035700958c7546f1e7cb26,3c_5af2e9ac27e2698a2927,3,ternary_vle_english.xlsx,10.1016/j.fluid.2008.06.006,unverified,0.5,isobaric,0.9772727272727273,isobaric,335.46,333.5198974609375,,,0.0004425048828125,True,False,48,C1CCCCC1,mol_893981623557f359,0.258,0.44500000000000006,0.16148225963115692,1.1952778100967407,49.22278594970703,CC(C)=O,mol_e04cf77cea7bbe66,0.173,0.345,0.39756083488464355,1.8067578077316284,119.56044006347656,CC(C)OC(C)C,mol_1a0ca8e5eeb68da8,0.569,0.21,0.4409569203853607,1.0340118408203125,70.45117950439453,0
state_cc93acd428c95a06ea6d5288,3c_1a08c4f653f7d812cdc9,3,ternary_vle_english.xlsx,10.1016/j.jct.2019.03.036,unverified,0.5,isobaric,0.972972972972973,isobaric,388.67999999999995,388.8249206542969,,,-7.62939453125e-06,True,False,48,CCCOC(C)=O,mol_67043ae833ecd0c7,0.3715,0.8586,0.805180549621582,1.3115161657333374,167.40557861328125,CCOC(C)=O,mol_18876b584acc43d4,0.0286,0.0818,0.12082662433385849,1.3287683725357056,322.0745849609375,CS(C)=O,mol_7d3e12eaed0f467c,0.5999,0.059599999999999986,0.07399287819862366,1.069318413734436,11.68458080291748,3
state_cca871a314d71c815781cbaf,3c_5af2e9ac27e2698a2927,3,ternary_vle_english.xlsx,10.1016/j.fluid.2008.06.006,unverified,0.5,isobaric,0.9772727272727273,isobaric,325.27,326.0035705566406,,,6.103515625e-05,True,False,48,C1CCCCC1,mol_893981623557f359,0.16700000000000004,0.08899999999999997,0.11241360753774643,1.6764169931411743,37.74405288696289,CC(C)=O,mol_e04cf77cea7bbe66,0.623,0.666,0.7170103788375854,1.1575706005096436,93.45832824707031,CC(C)OC(C)C,mol_1a0ca8e5eeb68da8,0.21,0.245,0.17057600617408752,1.3686338663101196,55.787837982177734,0
state_ce83f4d14ca40121547af3ce,3c_5af2e9ac27e2698a2927,3,ternary_vle_english.xlsx,10.1016/j.fluid.2008.06.006,unverified,0.5,isobaric,0.9772727272727273,isobaric,327.46,328.4421081542969,,,0.0,True,False,48,C1CCCCC1,mol_893981623557f359,0.19199999999999995,0.32600000000000007,0.11329389363527298,1.346460223197937,41.19453430175781,CC(C)=O,mol_e04cf77cea7bbe66,0.376,0.597,0.5776251554489136,1.4247123003005981,101.35821533203125,CC(C)OC(C)C,mol_1a0ca8e5eeb68da8,0.432,0.077,0.30908098816871643,1.1163172721862793,60.246070861816406,0
state_d1e53612937ac5c3770ba33c,3c_1a08c4f653f7d812cdc9,3,ternary_vle_english.xlsx,10.1016/j.jct.2019.03.036,unverified,0.5,isobaric,0.972972972972973,isobaric,383.28,374.6558837890625,,,5.340576171875e-05,True,False,48,CCCOC(C)=O,mol_67043ae833ecd0c7,0.2787,0.4805,0.3685997724533081,1.2546968460083008,106.77970123291016,CCOC(C)=O,mol_18876b584acc43d4,0.2223,0.4748,0.5925178527832031,1.248864769935608,216.20013427734375,CS(C)=O,mol_7d3e12eaed0f467c,0.499,0.04469999999999996,0.038882333785295486,1.1134231090545654,7.089260101318359,3
state_d1f37c1ae00999c0eb50fd64,3c_1a08c4f653f7d812cdc9,3,ternary_vle_english.xlsx,10.1016/j.jct.2019.03.036,unverified,0.5,isobaric,0.972972972972973,isobaric,379.29999999999995,371.4307556152344,,,7.62939453125e-06,True,False,48,CCCOC(C)=O,mol_67043ae833ecd0c7,0.1833,0.2851,0.2213801145553589,1.275346040725708,95.93062591552734,CCOC(C)=O,mol_18876b584acc43d4,0.3075,0.6783,0.7436203956604004,1.2459639310836792,196.6119384765625,CS(C)=O,mol_7d3e12eaed0f467c,0.5092,0.036599999999999966,0.03499939665198326,1.106342077255249,6.2934956550598145,3
state_d7502e0840708b89263cc119,3c_2254869a6d8c8579192d,3,ternary_vle_english.xlsx,10.1016/j.fluid.2015.01.005,unverified,0.5,isobaric,0.9545454545454546,isobaric,361.27,358.8524475097656,,,-2.288818359375e-05,True,False,48,CN1CCCC1=O,mol_f50e4145cb9a22d5,0.20179999999999998,0.0022999999999999687,0.007083921227604151,1.6904327869415283,2.103602647781372,c1ccccc1,mol_7165dcf6be1f831d,0.5594,0.7422,0.733566164970398,1.1088688373565674,119.79693603515625,c1ccsc1,mol_7953343be0b435d5,0.2388,0.2555,0.2593499422073364,1.0738369226455688,102.45249938964844,1
state_d9c24eb746437129f027d943,3c_1a08c4f653f7d812cdc9,3,ternary_vle_english.xlsx,10.1016/j.jct.2019.03.036,unverified,0.5,isobaric,0.972972972972973,isobaric,374.28999999999996,368.3170471191406,,,2.288818359375e-05,True,False,48,CCCOC(C)=O,mol_67043ae833ecd0c7,0.1033,0.1348,0.11325089633464813,1.2861454486846924,86.3496322631836,CCOC(C)=O,mol_18876b584acc43d4,0.3923,0.8374,0.8557732105255127,1.2338038682937622,179.10325622558594,CS(C)=O,mol_7d3e12eaed0f467c,0.5044,0.027799999999999936,0.03097587078809738,1.111086368560791,5.598992347717285,3
state_db914155e2c8139e81da877a,3c_2254869a6d8c8579192d,3,ternary_vle_english.xlsx,10.1016/j.fluid.2015.01.005,unverified,0.5,isobaric,0.9545454545454546,isobaric,365.28999999999996,361.2452087402344,,,0.00012969970703125,True,False,48,CN1CCCC1=O,mol_f50e4145cb9a22d5,0.3030999999999999,0.0033999999999999586,0.010467469692230225,1.4995739459991455,2.3329079151153564,c1ccccc1,mol_7165dcf6be1f831d,0.5613,0.8363,0.828607976436615,1.1637908220291138,128.4957733154297,c1ccsc1,mol_7953343be0b435d5,0.1356,0.1603,0.16092455387115479,1.0916032791137695,110.13048553466797,1
state_e251f1d1e1abb032d0bad50c,3c_5af2e9ac27e2698a2927,3,ternary_vle_english.xlsx,10.1016/j.fluid.2008.06.006,unverified,0.5,isobaric,0.9772727272727273,isobaric,336.33,338.2091064453125,,,1.52587890625e-05,True,False,48,C1CCCCC1,mol_893981623557f359,0.41100000000000003,0.04700000000000004,0.2808586359024048,1.1124001741409302,57.74479293823242,CC(C)=O,mol_e04cf77cea7bbe66,0.086,0.127,0.2667088210582733,2.1025798320770264,138.6482391357422,CC(C)OC(C)C,mol_1a0ca8e5eeb68da8,0.503,0.826,0.4524325728416443,1.042987585067749,81.06523132324219,0
state_e343b97f0cf9178b9142a39c,3c_5af2e9ac27e2698a2927,3,ternary_vle_english.xlsx,10.1016/j.fluid.2008.06.006,unverified,0.5,isobaric,0.9772727272727273,isobaric,324.79999999999995,326.2037048339844,,,-4.57763671875e-05,True,False,48,C1CCCCC1,mol_893981623557f359,0.19400000000000006,0.2300000000000001,0.12696309387683868,1.6181373596191406,38.01789093017578,CC(C)=O,mol_e04cf77cea7bbe66,0.602,0.689,0.709538996219635,1.1775445938110352,94.08709716796875,CC(C)OC(C)C,mol_1a0ca8e5eeb68da8,0.204,0.081,0.1634979397058487,1.3418729305267334,56.14335250854492,0
state_e369afc2d8718b79e26969d0,3c_5af2e9ac27e2698a2927,3,ternary_vle_english.xlsx,10.1016/j.fluid.2008.06.006,unverified,0.5,isobaric,0.9772727272727273,isobaric,339.67999999999995,338.85284423828125,,,-4.57763671875e-05,True,False,48,C1CCCCC1,mol_893981623557f359,0.5169999999999999,0.488,0.35022059082984924,1.0791853666305542,59.00416564941406,CC(C)=O,mol_e04cf77cea7bbe66,0.084,0.209,0.27474355697631836,2.1735498905181885,141.45108032226562,CC(C)OC(C)C,mol_1a0ca8e5eeb68da8,0.399,0.303,0.37503582239151,1.0694433450698853,82.61705017089844,0
state_e3db9824b129a21685629be7,3c_5af2e9ac27e2698a2927,3,ternary_vle_english.xlsx,10.1016/j.fluid.2008.06.006,unverified,0.5,isobaric,0.9772727272727273,isobaric,334.92999999999995,336.563232421875,,,4.57763671875e-05,True,False,48,C1CCCCC1,mol_893981623557f359,0.10099999999999998,0.21099999999999997,0.07301091402769089,1.2439472675323486,54.62512969970703,CC(C)=O,mol_e04cf77cea7bbe66,0.096,0.241,0.2622910439968109,1.9502922296524048,131.68629455566406,CC(C)OC(C)C,mol_1a0ca8e5eeb68da8,0.803,0.548,0.66469806432724,1.0078610181808472,77.20337677001953,0
state_e6f2d9962ea2548527dab392,3c_2254869a6d8c8579192d,3,ternary_vle_english.xlsx,10.1016/j.fluid.2015.01.005,unverified,0.5,isobaric,0.9545454545454546,isobaric,361.9,359.4001770019531,,,2.288818359375e-05,True,False,48,CN1CCCC1=O,mol_f50e4145cb9a22d5,0.2003999999999999,0.0023999999999999577,0.00691944919526577,1.6236063241958618,2.1542809009552,c1ccccc1,mol_7165dcf6be1f831d,0.4419,0.6098,0.6029252409934998,1.1352683305740356,121.74474334716797,c1ccsc1,mol_7953343be0b435d5,0.3577,0.3878,0.3901553153991699,1.060679316520691,104.17025756835938,1
state_ebe7664f03dec87f2ac8a446,3c_2254869a6d8c8579192d,3,ternary_vle_english.xlsx,10.1016/j.fluid.2015.01.005,unverified,0.5,isobaric,0.9545454545454546,isobaric,370.59,363.8270263671875,,,0.00019073486328125,True,False,48,CN1CCCC1=O,mol_f50e4145cb9a22d5,0.3992,0.005400000000000071,0.013769433833658695,1.3415807485580444,2.604466199874878,c1ccccc1,mol_7165dcf6be1f831d,0.5066,0.8701,0.8627111315727234,1.2460126876831055,138.44833374023438,c1ccsc1,mol_7953343be0b435d5,0.0942,0.1245,0.12351947277784348,1.1168255805969238,118.93485260009766,1
state_eca966db1ed539bbeea63c01,3c_1a08c4f653f7d812cdc9,3,ternary_vle_english.xlsx,10.1016/j.jct.2019.03.036,unverified,0.5,isobaric,0.972972972972973,isobaric,379.28999999999996,375.70928955078125,,,-3.814697265625e-05,True,False,48,CCCOC(C)=O,mol_67043ae833ecd0c7,0.1501,0.3309,0.21898199617862701,1.3369741439819336,110.53854370117188,CCOC(C)=O,mol_18876b584acc43d4,0.2556,0.6328,0.7350072264671326,1.3066688776016235,222.9329071044922,CS(C)=O,mol_7d3e12eaed0f467c,0.5943,0.0363,0.046010784804821014,1.0645473003387451,7.367123603820801,3
state_f2b9d0a0f8bf9556de86925d,3c_2254869a6d8c8579192d,3,ternary_vle_english.xlsx,10.1016/j.fluid.2015.01.005,unverified,0.5,isobaric,0.9545454545454546,isobaric,360.78,358.62091064453125,,,2.288818359375e-05,True,False,48,CN1CCCC1=O,mol_f50e4145cb9a22d5,0.20140000000000002,0.0021999999999999797,0.007242241408675909,1.749198079109192,2.0824942588806152,c1ccccc1,mol_7165dcf6be1f831d,0.6337,0.822,0.8131876587867737,1.0925410985946655,118.98125457763672,c1ccsc1,mol_7953343be0b435d5,0.1649,0.1758,0.17957013845443726,1.0843244791030884,101.7333755493164,1
state_f34a47b8fcd3bb2c8f1ca1e5,3c_1a08c4f653f7d812cdc9,3,ternary_vle_english.xlsx,10.1016/j.jct.2019.03.036,unverified,0.5,isobaric,0.972972972972973,isobaric,388.16999999999996,387.9281311035156,,,2.288818359375e-05,True,False,48,CCCOC(C)=O,mol_67043ae833ecd0c7,0.352,0.8161,0.7450966238975525,1.3165769577026367,162.866943359375,CCOC(C)=O,mol_18876b584acc43d4,0.0443,0.1259,0.18285594880580902,1.3302679061889648,314.3225402832031,CS(C)=O,mol_7d3e12eaed0f467c,0.6037,0.05799999999999994,0.07204744964838028,1.0667405128479004,11.33307933807373,3
state_f63ea865a6f0b669268ec662,3c_5af2e9ac27e2698a2927,3,ternary_vle_english.xlsx,10.1016/j.fluid.2008.06.006,unverified,0.5,isobaric,0.9555555555555556,isobaric,324.76,325.3364562988281,,,-7.62939453125e-06,True,False,48,C1CCCCC1,mol_893981623557f359,0.09700000000000009,0.123,0.0872194692492485,2.294105052947998,36.84310531616211,CC(C)=O,mol_e04cf77cea7bbe66,0.825,0.797,0.8310450315475464,1.036128282546997,91.38710021972656,CC(C)OC(C)C,mol_1a0ca8e5eeb68da8,0.078,0.08,0.08173549920320511,1.8035409450531006,54.61574935913086,0
state_f64fcf2ae22c4f029336948a,3c_1a08c4f653f7d812cdc9,3,ternary_vle_english.xlsx,10.1016/j.jct.2019.03.036,unverified,0.5,isobaric,0.972972972972973,isobaric,376.65,369.6906433105469,,,-2.288818359375e-05,True,False,48,CCCOC(C)=O,mol_67043ae833ecd0c7,0.1384,0.1971,0.1584409773349762,1.281816840171814,90.4720687866211,CCOC(C)=O,mol_18876b584acc43d4,0.354,0.7712,0.8088202476501465,1.2399410009384155,186.66236877441406,CS(C)=O,mol_7d3e12eaed0f467c,0.5076,0.03170000000000006,0.032738812267780304,1.1079826354980469,5.896813869476318,3
state_f875656dad58fe3ed7f92dd2,3c_5af2e9ac27e2698a2927,3,ternary_vle_english.xlsx,10.1016/j.fluid.2008.06.006,unverified,0.5,isobaric,0.9772727272727273,isobaric,324.59999999999997,325.4172058105469,,,-7.62939453125e-06,True,False,48,C1CCCCC1,mol_893981623557f359,0.09299999999999997,0.18300000000000005,0.07077687233686447,1.9360102415084839,36.951202392578125,CC(C)=O,mol_e04cf77cea7bbe66,0.71,0.725,0.7555901408195496,1.0916688442230225,91.63573455810547,CC(C)OC(C)C,mol_1a0ca8e5eeb68da8,0.197,0.092,0.17363303899765015,1.5130658149719238,54.75656509399414,0
state_facbb4b9b462974556a53dfa,3c_1a08c4f653f7d812cdc9,3,ternary_vle_english.xlsx,10.1016/j.jct.2019.03.036,unverified,0.5,isobaric,0.972972972972973,isobaric,382.69,379.1504211425781,,,0.00031280517578125,True,False,48,CCCOC(C)=O,mol_67043ae833ecd0c7,0.1946,0.4464,0.31849342584609985,1.3413866758346558,123.5987548828125,CCOC(C)=O,mol_18876b584acc43d4,0.1955,0.5103,0.6283385753631592,1.3227916955947876,246.13082885742188,CS(C)=O,mol_7d3e12eaed0f467c,0.6099,0.043300000000000005,0.0531679131090641,1.0587807893753052,8.340564727783203,3
state_faef4d85a60dbaeb3b45537c,3c_1a08c4f653f7d812cdc9,3,ternary_vle_english.xlsx,10.1016/j.jct.2019.03.036,unverified,0.5,isobaric,0.972972972972973,isobaric,378.85999999999996,371.2249755859375,,,-6.866455078125e-05,True,False,48,CCCOC(C)=O,mol_67043ae833ecd0c7,0.1642,0.2549,0.19828324019908905,1.2839868068695068,95.2710952758789,CCOC(C)=O,mol_18876b584acc43d4,0.3178,0.7091,0.7665408849716187,1.2503643035888672,195.41314697265625,CS(C)=O,mol_7d3e12eaed0f467c,0.518,0.03600000000000003,0.035175830125808716,1.101441740989685,6.245424270629883,3
state_fd1c03d537183dd088dc2804,3c_1a08c4f653f7d812cdc9,3,ternary_vle_english.xlsx,10.1016/j.jct.2019.03.036,unverified,0.5,isobaric,0.972972972972973,isobaric,379.2,376.64959716796875,,,9.918212890625e-05,True,False,48,CCCOC(C)=O,mol_67043ae833ecd0c7,0.1679,0.3698,0.2522668242454529,1.3352552652359009,113.98684692382812,CCOC(C)=O,mol_18876b584acc43d4,0.2364,0.592,0.7000361680984497,1.3094305992126465,229.08682250976562,CS(C)=O,mol_7d3e12eaed0f467c,0.5957,0.03820000000000001,0.04769693315029144,1.0640182495117188,7.622955322265625,3
