variant_id,variant,family,benchmark,direction,component_count,observable,system_macro_mae_mean,system_macro_mae_std,available_seeds,parameters_mean,training_seconds_mean,inference_ms_per_attempt_mean
a0_full,A0 Full ThermoFormer,architecture,binary,isothermal,2.0,P,17.836926029471492,5.492802450553921,5,1780419.0,184.05720012,7.937792525508698
a0_full,A0 Full ThermoFormer,architecture,binary,isothermal,2.0,y,0.0715415771189876,0.0182643184201942,5,1780419.0,184.05720012,7.937792525508698
a0_full,A0 Full ThermoFormer,architecture,binary,isobaric,2.0,T,6.540823553942983,1.8694217829742763,5,1780419.0,184.05720012,7.937792525508698
a0_full,A0 Full ThermoFormer,architecture,binary,isobaric,2.0,y,0.0686761910692835,0.0145738100528824,5,1780419.0,184.05720012,7.937792525508698
a0_full,A0 Full ThermoFormer,architecture,ternary,isothermal,3.0,P,3.979751674185757,2.161242685959126,4,1780419.0,184.05720012,7.937792525508698
a0_full,A0 Full ThermoFormer,architecture,ternary,isothermal,3.0,y,0.0559087354999527,0.0189546947633783,4,1780419.0,184.05720012,7.937792525508698
a0_full,A0 Full ThermoFormer,architecture,ternary,isobaric,3.0,T,2.8295746911203365,0.7715374281295944,4,1780419.0,184.05720012,7.937792525508698
a0_full,A0 Full ThermoFormer,architecture,ternary,isobaric,3.0,y,0.0561312468669771,0.0228214722171181,4,1780419.0,184.05720012,7.937792525508698
a0_full,A0 Full ThermoFormer,architecture,unseen_mixture,isothermal,,P,16.952146784532438,5.408044920442824,5,1780419.0,184.05720012,7.937792525508698
a0_full,A0 Full ThermoFormer,architecture,unseen_mixture,isothermal,,y,0.0703269730331845,0.0177609664525886,5,1780419.0,184.05720012,7.937792525508698
a0_full,A0 Full ThermoFormer,architecture,unseen_mixture,isobaric,,T,6.3073798768890725,1.815783990975539,5,1780419.0,184.05720012,7.937792525508698
a0_full,A0 Full ThermoFormer,architecture,unseen_mixture,isobaric,,y,0.0681276523188406,0.0136111095173595,5,1780419.0,184.05720012,7.937792525508698
a0_full,A0 Full ThermoFormer,architecture,unseen_component,isothermal,,P,48.59755471242477,4.873381614214031,5,1780419.0,155.72181240000003,8.201863583117996
a0_full,A0 Full ThermoFormer,architecture,unseen_component,isothermal,,y,0.0838146048876219,0.0133433314560937,5,1780419.0,155.72181240000003,8.201863583117996
a0_full,A0 Full ThermoFormer,architecture,unseen_component,isobaric,,T,32.93399361412928,4.138952976592503,5,1780419.0,155.72181240000003,8.201863583117996
a0_full,A0 Full ThermoFormer,architecture,unseen_component,isobaric,,y,0.1162633330206435,0.0142804181168782,5,1780419.0,155.72181240000003,8.201863583117996
a0_full,A0 Full ThermoFormer,architecture,binary_to_ternary,isothermal,,P,5.180422445456939,2.8040279596276547,5,1780419.0,169.29973883999997,11.025638554216918
a0_full,A0 Full ThermoFormer,architecture,binary_to_ternary,isothermal,,y,0.0337883532720225,0.0066291528737347,5,1780419.0,169.29973883999997,11.025638554216918
a0_full,A0 Full ThermoFormer,architecture,binary_to_ternary,isobaric,,T,5.249610130014901,1.6544279259703008,5,1780419.0,169.29973883999997,11.025638554216918
a0_full,A0 Full ThermoFormer,architecture,binary_to_ternary,isobaric,,y,0.0743143564131604,0.0142172803583311,5,1780419.0,169.29973883999997,11.025638554216918
a1_rdkit_descriptors,A1 RDKit descriptors,architecture,binary,isothermal,2.0,P,10.548015300881357,3.6220929340907686,5,1637571.0,123.65551106000001,8.693516167470833
a1_rdkit_descriptors,A1 RDKit descriptors,architecture,binary,isothermal,2.0,y,0.0334410333897663,0.0034632204561512,5,1637571.0,123.65551106000001,8.693516167470833
a1_rdkit_descriptors,A1 RDKit descriptors,architecture,binary,isobaric,2.0,T,3.8070266346002057,0.6243849105099204,5,1637571.0,123.65551106000001,8.693516167470833
a1_rdkit_descriptors,A1 RDKit descriptors,architecture,binary,isobaric,2.0,y,0.039242305047899,0.0035875771629592,5,1637571.0,123.65551106000001,8.693516167470833
a1_rdkit_descriptors,A1 RDKit descriptors,architecture,ternary,isothermal,3.0,P,3.874510271152347,1.1571929429669985,4,1637571.0,123.65551106000001,8.693516167470833
a1_rdkit_descriptors,A1 RDKit descriptors,architecture,ternary,isothermal,3.0,y,0.0237771047840561,0.0034244835194132,4,1637571.0,123.65551106000001,8.693516167470833
a1_rdkit_descriptors,A1 RDKit descriptors,architecture,ternary,isobaric,3.0,T,2.2983638024928377,0.5455108230097525,4,1637571.0,123.65551106000001,8.693516167470833
a1_rdkit_descriptors,A1 RDKit descriptors,architecture,ternary,isobaric,3.0,y,0.0370376560894371,0.0272097526627169,4,1637571.0,123.65551106000001,8.693516167470833
a1_rdkit_descriptors,A1 RDKit descriptors,architecture,unseen_mixture,isothermal,,P,10.115632355017103,3.4298391274326114,5,1637571.0,123.65551106000001,8.693516167470833
a1_rdkit_descriptors,A1 RDKit descriptors,architecture,unseen_mixture,isothermal,,y,0.0328168783774391,0.0038511405145508,5,1637571.0,123.65551106000001,8.693516167470833
a1_rdkit_descriptors,A1 RDKit descriptors,architecture,unseen_mixture,isobaric,,T,3.698536524694357,0.5701607818775847,5,1637571.0,123.65551106000001,8.693516167470833
a1_rdkit_descriptors,A1 RDKit descriptors,architecture,unseen_mixture,isobaric,,y,0.0393307730850361,0.0047129402911202,5,1637571.0,123.65551106000001,8.693516167470833
a2_no_interaction,A2 No multicomponent interaction,architecture,binary,isothermal,2.0,P,17.993104414843536,1.9580424203268707,5,371907.0,56.80781795999999,4.022057830064452
a2_no_interaction,A2 No multicomponent interaction,architecture,binary,isothermal,2.0,y,0.08058815560554,0.0187229246916146,5,371907.0,56.80781795999999,4.022057830064452
a2_no_interaction,A2 No multicomponent interaction,architecture,binary,isobaric,2.0,T,9.051225344628344,3.5365546653886506,5,371907.0,56.80781795999999,4.022057830064452
a2_no_interaction,A2 No multicomponent interaction,architecture,binary,isobaric,2.0,y,0.0889206517453512,0.0163480779946885,5,371907.0,56.80781795999999,4.022057830064452
a2_no_interaction,A2 No multicomponent interaction,architecture,ternary,isothermal,3.0,P,5.014807211174361,1.6978984878243253,4,371907.0,56.80781795999999,4.022057830064452
a2_no_interaction,A2 No multicomponent interaction,architecture,ternary,isothermal,3.0,y,0.0894120904331519,0.0428044665853692,4,371907.0,56.80781795999999,4.022057830064452
a2_no_interaction,A2 No multicomponent interaction,architecture,ternary,isobaric,3.0,T,7.280746207316196,4.361871611431728,4,371907.0,56.80781795999999,4.022057830064452
a2_no_interaction,A2 No multicomponent interaction,architecture,ternary,isobaric,3.0,y,0.0573318229719616,0.0153841067950273,4,371907.0,56.80781795999999,4.022057830064452
a2_no_interaction,A2 No multicomponent interaction,architecture,unseen_mixture,isothermal,,P,17.073271958714823,1.5525396349844698,5,371907.0,56.80781795999999,4.022057830064452
a2_no_interaction,A2 No multicomponent interaction,architecture,unseen_mixture,isothermal,,y,0.0812318554538723,0.019703525275524,5,371907.0,56.80781795999999,4.022057830064452
a2_no_interaction,A2 No multicomponent interaction,architecture,unseen_mixture,isobaric,,T,8.870428505329812,3.571293584781881,5,371907.0,56.80781795999999,4.022057830064452
a2_no_interaction,A2 No multicomponent interaction,architecture,unseen_mixture,isobaric,,y,0.0865860687972985,0.0159621885685224,5,371907.0,56.80781795999999,4.022057830064452
a2_no_interaction,A2 No multicomponent interaction,architecture,unseen_component,isothermal,,P,44.66424841986994,2.135284402203903,5,371907.0,61.59310144000001,4.144577450473737
a2_no_interaction,A2 No multicomponent interaction,architecture,unseen_component,isothermal,,y,0.0928546457139964,0.0137623827253863,5,371907.0,61.59310144000001,4.144577450473737
a2_no_interaction,A2 No multicomponent interaction,architecture,unseen_component,isobaric,,T,32.69139606892611,1.6677916252178968,5,371907.0,61.59310144000001,4.144577450473737
a2_no_interaction,A2 No multicomponent interaction,architecture,unseen_component,isobaric,,y,0.1131995730499866,0.0026058523287805,5,371907.0,61.59310144000001,4.144577450473737
a2_no_interaction,A2 No multicomponent interaction,architecture,binary_to_ternary,isothermal,,P,6.963448264158847,3.583303477866215,5,371907.0,70.7588006,5.550982409638903
a2_no_interaction,A2 No multicomponent interaction,architecture,binary_to_ternary,isothermal,,y,0.0621907195391117,0.0202503567027625,5,371907.0,70.7588006,5.550982409638903
a2_no_interaction,A2 No multicomponent interaction,architecture,binary_to_ternary,isobaric,,T,3.796515924120599,1.9256124580268383,5,371907.0,70.7588006,5.550982409638903
a2_no_interaction,A2 No multicomponent interaction,architecture,binary_to_ternary,isobaric,,y,0.0736655036534965,0.0228083326133616,5,371907.0,70.7588006,5.550982409638903
a3_pairwise_only,A3 Pairwise-only interaction,architecture,binary,isothermal,2.0,P,22.43146210512289,9.630257321576178,5,445635.0,73.50086648,7.332294559955448
a3_pairwise_only,A3 Pairwise-only interaction,architecture,binary,isothermal,2.0,y,0.080782883249364,0.0220711466720423,5,445635.0,73.50086648,7.332294559955448
a3_pairwise_only,A3 Pairwise-only interaction,architecture,binary,isobaric,2.0,T,9.935657434617408,4.519953802363867,5,445635.0,73.50086648,7.332294559955448
a3_pairwise_only,A3 Pairwise-only interaction,architecture,binary,isobaric,2.0,y,0.0914437208398271,0.0280446072201397,5,445635.0,73.50086648,7.332294559955448
a3_pairwise_only,A3 Pairwise-only interaction,architecture,ternary,isothermal,3.0,P,7.539618529346219,3.047659531754157,4,445635.0,73.50086648,7.332294559955448
a3_pairwise_only,A3 Pairwise-only interaction,architecture,ternary,isothermal,3.0,y,0.0961396727905841,0.0446274534261239,4,445635.0,73.50086648,7.332294559955448
a3_pairwise_only,A3 Pairwise-only interaction,architecture,ternary,isobaric,3.0,T,4.525296929867964,2.118901318513549,4,445635.0,73.50086648,7.332294559955448
a3_pairwise_only,A3 Pairwise-only interaction,architecture,ternary,isobaric,3.0,y,0.059749659176141,0.0317486472834715,4,445635.0,73.50086648,7.332294559955448
a3_pairwise_only,A3 Pairwise-only interaction,architecture,unseen_mixture,isothermal,,P,21.146538007121222,7.909683224153395,5,445635.0,73.50086648,7.332294559955448
a3_pairwise_only,A3 Pairwise-only interaction,architecture,unseen_mixture,isothermal,,y,0.0813305897588584,0.0228997122369081,5,445635.0,73.50086648,7.332294559955448
a3_pairwise_only,A3 Pairwise-only interaction,architecture,unseen_mixture,isobaric,,T,9.64438106504756,4.409523546090977,5,445635.0,73.50086648,7.332294559955448
a3_pairwise_only,A3 Pairwise-only interaction,architecture,unseen_mixture,isobaric,,y,0.0901608321952275,0.027094622342808,5,445635.0,73.50086648,7.332294559955448
a3_pairwise_only,A3 Pairwise-only interaction,architecture,unseen_component,isothermal,,P,51.90671116776612,1.6625259986387877,5,445635.0,94.75625254000002,7.768245236864731
a3_pairwise_only,A3 Pairwise-only interaction,architecture,unseen_component,isothermal,,y,0.0862258652947591,0.0216865724162088,5,445635.0,94.75625254000002,7.768245236864731
a3_pairwise_only,A3 Pairwise-only interaction,architecture,unseen_component,isobaric,,T,34.42028356305988,6.036730036946258,5,445635.0,94.75625254000002,7.768245236864731
a3_pairwise_only,A3 Pairwise-only interaction,architecture,unseen_component,isobaric,,y,0.1124143464447322,0.0094710918838868,5,445635.0,94.75625254000002,7.768245236864731
a3_pairwise_only,A3 Pairwise-only interaction,architecture,binary_to_ternary,isothermal,,P,8.301582064616738,5.514570386285034,5,445635.0,83.33494992000001,11.03962180722855
a3_pairwise_only,A3 Pairwise-only interaction,architecture,binary_to_ternary,isothermal,,y,0.0690994106187763,0.0551451163877013,5,445635.0,83.33494992000001,11.03962180722855
a3_pairwise_only,A3 Pairwise-only interaction,architecture,binary_to_ternary,isobaric,,T,6.220208869124375,4.705107089201651,5,445635.0,83.33494992000001,11.03962180722855
a3_pairwise_only,A3 Pairwise-only interaction,architecture,binary_to_ternary,isobaric,,y,0.0905693410880668,0.033140086347751,5,445635.0,83.33494992000001,11.03962180722855
a4_condition_concatenation,A4 Condition concatenation,architecture,binary,isothermal,2.0,P,27.592397459586465,25.1559817495637,5,1743747.0,108.16607054,8.477444968697586
a4_condition_concatenation,A4 Condition concatenation,architecture,binary,isothermal,2.0,y,0.0742438435733005,0.0329505900856277,5,1743747.0,108.16607054,8.477444968697586
a4_condition_concatenation,A4 Condition concatenation,architecture,binary,isobaric,2.0,T,8.02937515909056,4.3948049319830815,5,1743747.0,108.16607054,8.477444968697586
a4_condition_concatenation,A4 Condition concatenation,architecture,binary,isobaric,2.0,y,0.0855636113154125,0.0253794829563204,5,1743747.0,108.16607054,8.477444968697586
a4_condition_concatenation,A4 Condition concatenation,architecture,ternary,isothermal,3.0,P,3.7037221061807344,0.4441074187738512,4,1743747.0,108.16607054,8.477444968697586
a4_condition_concatenation,A4 Condition concatenation,architecture,ternary,isothermal,3.0,y,0.0539515083565554,0.0086151365587494,4,1743747.0,108.16607054,8.477444968697586
a4_condition_concatenation,A4 Condition concatenation,architecture,ternary,isobaric,3.0,T,8.15872493866737,4.992083063356173,4,1743747.0,108.16607054,8.477444968697586
a4_condition_concatenation,A4 Condition concatenation,architecture,ternary,isobaric,3.0,y,0.0799376801589676,0.039238816036405,4,1743747.0,108.16607054,8.477444968697586
a4_condition_concatenation,A4 Condition concatenation,architecture,unseen_mixture,isothermal,,P,26.546214899259866,25.414164711940984,5,1743747.0,108.16607054,8.477444968697586
a4_condition_concatenation,A4 Condition concatenation,architecture,unseen_mixture,isothermal,,y,0.07379277859431,0.0329513384758724,5,1743747.0,108.16607054,8.477444968697586
a4_condition_concatenation,A4 Condition concatenation,architecture,unseen_mixture,isobaric,,T,7.941577877029505,4.147971182601569,5,1743747.0,108.16607054,8.477444968697586
a4_condition_concatenation,A4 Condition concatenation,architecture,unseen_mixture,isobaric,,y,0.0851048872178281,0.0254428237836628,5,1743747.0,108.16607054,8.477444968697586
a5_direct_activity,A5 Direct activity decoding,architecture,binary,isothermal,2.0,P,17.833274529607856,7.861587200243297,5,1743555.0,84.84006166000009,4.6764328092054495
a5_direct_activity,A5 Direct activity decoding,architecture,binary,isothermal,2.0,y,0.0552371382052714,0.0089520562100216,5,1743555.0,84.84006166000009,4.6764328092054495
a5_direct_activity,A5 Direct activity decoding,architecture,binary,isobaric,2.0,T,5.786257485647606,1.106747840492273,5,1743555.0,84.84006166000009,4.6764328092054495
a5_direct_activity,A5 Direct activity decoding,architecture,binary,isobaric,2.0,y,0.0556958198828412,0.0124736387296684,5,1743555.0,84.84006166000009,4.6764328092054495
a5_direct_activity,A5 Direct activity decoding,architecture,ternary,isothermal,3.0,P,5.636189349818623,3.2531654727495765,4,1743555.0,84.84006166000009,4.6764328092054495
a5_direct_activity,A5 Direct activity decoding,architecture,ternary,isothermal,3.0,y,0.0424045156682807,0.0120127576330744,4,1743555.0,84.84006166000009,4.6764328092054495
a5_direct_activity,A5 Direct activity decoding,architecture,ternary,isobaric,3.0,T,3.452097455162836,1.3796208487276602,4,1743555.0,84.84006166000009,4.6764328092054495
a5_direct_activity,A5 Direct activity decoding,architecture,ternary,isobaric,3.0,y,0.0501529223144763,0.0235276865936428,4,1743555.0,84.84006166000009,4.6764328092054495
a5_direct_activity,A5 Direct activity decoding,architecture,unseen_mixture,isothermal,,P,16.869575021449567,6.660063701367336,5,1743555.0,84.84006166000009,4.6764328092054495
a5_direct_activity,A5 Direct activity decoding,architecture,unseen_mixture,isothermal,,y,0.0541605799660037,0.0078047728176837,5,1743555.0,84.84006166000009,4.6764328092054495
a5_direct_activity,A5 Direct activity decoding,architecture,unseen_mixture,isobaric,,T,5.666072259502351,1.0789740351152448,5,1743555.0,84.84006166000009,4.6764328092054495
a5_direct_activity,A5 Direct activity decoding,architecture,unseen_mixture,isobaric,,y,0.0558587299145005,0.0122406044369718,5,1743555.0,84.84006166000009,4.6764328092054495
a6_direct_vle,A6 Direct VLE prediction,architecture,binary,isothermal,2.0,P,30.25143656085366,12.193264685872826,5,1744322.0,83.28107064,0.24624999050687396
a6_direct_vle,A6 Direct VLE prediction,architecture,binary,isothermal,2.0,y,0.0885144733278262,0.0156959531404483,5,1744322.0,83.28107064,0.24624999050687396
a6_direct_vle,A6 Direct VLE prediction,architecture,binary,isobaric,2.0,T,15.992294023717676,3.8612369922017775,5,1744322.0,83.28107064,0.24624999050687396
a6_direct_vle,A6 Direct VLE prediction,architecture,binary,isobaric,2.0,y,0.0892606409809245,0.0084541543791337,5,1744322.0,83.28107064,0.24624999050687396
a6_direct_vle,A6 Direct VLE prediction,architecture,ternary,isothermal,3.0,P,6.916710718380187,1.4291842155850714,4,1744322.0,83.28107064,0.24624999050687396
a6_direct_vle,A6 Direct VLE prediction,architecture,ternary,isothermal,3.0,y,0.0806856707743125,0.0257437261228201,4,1744322.0,83.28107064,0.24624999050687396
a6_direct_vle,A6 Direct VLE prediction,architecture,ternary,isobaric,3.0,T,6.8075735003104,1.284218171993319,4,1744322.0,83.28107064,0.24624999050687396
a6_direct_vle,A6 Direct VLE prediction,architecture,ternary,isobaric,3.0,y,0.0821470321866381,0.021505032339148,4,1744322.0,83.28107064,0.24624999050687396
a6_direct_vle,A6 Direct VLE prediction,architecture,unseen_mixture,isothermal,,P,28.4209724385888,10.171345252185723,5,1744322.0,83.28107064,0.24624999050687396
a6_direct_vle,A6 Direct VLE prediction,architecture,unseen_mixture,isothermal,,y,0.0883342501078136,0.0148442470082729,5,1744322.0,83.28107064,0.24624999050687396
a6_direct_vle,A6 Direct VLE prediction,architecture,unseen_mixture,isobaric,,T,15.375297662913718,3.774829031844052,5,1744322.0,83.28107064,0.24624999050687396
a6_direct_vle,A6 Direct VLE prediction,architecture,unseen_mixture,isobaric,,y,0.0888393507210084,0.0063901695005618,5,1744322.0,83.28107064,0.24624999050687396
a6_direct_vle,A6 Direct VLE prediction,architecture,unseen_component,isothermal,,P,61.65956096780106,3.786019302313735,5,1744322.0,83.72451624000001,0.24511726098193196
a6_direct_vle,A6 Direct VLE prediction,architecture,unseen_component,isothermal,,y,0.1102093688952434,0.0046018863507099,5,1744322.0,83.72451624000001,0.24511726098193196
a6_direct_vle,A6 Direct VLE prediction,architecture,unseen_component,isobaric,,T,61.33657926102643,2.840957253888678,5,1744322.0,83.72451624000001,0.24511726098193196
a6_direct_vle,A6 Direct VLE prediction,architecture,unseen_component,isobaric,,y,0.1132655811336563,0.006721095378704,5,1744322.0,83.72451624000001,0.24511726098193196
a6_direct_vle,A6 Direct VLE prediction,architecture,binary_to_ternary,isothermal,,P,4.959535775697487,2.468288927852725,5,1744322.0,100.54221785999994,0.2713340963855006
a6_direct_vle,A6 Direct VLE prediction,architecture,binary_to_ternary,isothermal,,y,0.0683941048730287,0.0163420761210381,5,1744322.0,100.54221785999994,0.2713340963855006
a6_direct_vle,A6 Direct VLE prediction,architecture,binary_to_ternary,isobaric,,T,10.243264401119635,2.676557456536482,5,1744322.0,100.54221785999994,0.2713340963855006
a6_direct_vle,A6 Direct VLE prediction,architecture,binary_to_ternary,isobaric,,y,0.110376628860584,0.0165852040848764,5,1744322.0,100.54221785999994,0.2713340963855006
