variant_id,variant,benchmark,seeds,equilibrium_residual_max_abs_kpa_mean,equilibrium_residual_max_abs_kpa_std,equilibrium_residual_max_abs_kpa_available_seeds,equilibrium_residual_mean_abs_kpa_mean,equilibrium_residual_mean_abs_kpa_std,equilibrium_residual_mean_abs_kpa_available_seeds,equilibrium_residual_p95_abs_kpa_mean,equilibrium_residual_p95_abs_kpa_std,equilibrium_residual_p95_abs_kpa_available_seeds,evaluated_predictions_mean,evaluated_predictions_std,evaluated_predictions_available_seeds,evaluated_systems_mean,evaluated_systems_std,evaluated_systems_available_seeds,fraction_y_above_one_mean,fraction_y_above_one_std,fraction_y_above_one_available_seeds,fraction_y_below_zero_mean,fraction_y_below_zero_std,fraction_y_below_zero_available_seeds,gibbs_duhem_finite_difference_max_abs_mean,gibbs_duhem_finite_difference_max_abs_std,gibbs_duhem_finite_difference_max_abs_available_seeds,gibbs_duhem_finite_difference_mean_abs_mean,gibbs_duhem_finite_difference_mean_abs_std,gibbs_duhem_finite_difference_mean_abs_available_seeds,gibbs_duhem_finite_difference_p95_abs_mean,gibbs_duhem_finite_difference_p95_abs_std,gibbs_duhem_finite_difference_p95_abs_available_seeds,gibbs_duhem_grid_states_mean,gibbs_duhem_grid_states_std,gibbs_duhem_grid_states_available_seeds,gibbs_duhem_max_abs_mean,gibbs_duhem_max_abs_std,gibbs_duhem_max_abs_available_seeds,gibbs_duhem_mean_abs_mean,gibbs_duhem_mean_abs_std,gibbs_duhem_mean_abs_available_seeds,gibbs_duhem_p95_abs_mean,gibbs_duhem_p95_abs_std,gibbs_duhem_p95_abs_available_seeds,inference_ms_per_attempt_mean,inference_ms_per_attempt_std,inference_ms_per_attempt_available_seeds,inference_seconds_mean,inference_seconds_std,inference_seconds_available_seeds,nonphysical_prediction_rate_mean,nonphysical_prediction_rate_std,nonphysical_prediction_rate_available_seeds,ordinary_nonphysical_prediction_rate_mean,ordinary_nonphysical_prediction_rate_std,ordinary_nonphysical_prediction_rate_available_seeds,permutation_gamma_max_abs_mean,permutation_gamma_max_abs_std,permutation_gamma_max_abs_available_seeds,permutation_gamma_mean_abs_mean,permutation_gamma_mean_abs_std,permutation_gamma_mean_abs_available_seeds,permutation_gamma_p95_abs_mean,permutation_gamma_p95_abs_std,permutation_gamma_p95_abs_available_seeds,permutation_pressure_kpa_max_abs_mean,permutation_pressure_kpa_max_abs_std,permutation_pressure_kpa_max_abs_available_seeds,permutation_pressure_kpa_mean_abs_mean,permutation_pressure_kpa_mean_abs_std,permutation_pressure_kpa_mean_abs_available_seeds,permutation_pressure_kpa_p95_abs_mean,permutation_pressure_kpa_p95_abs_std,permutation_pressure_kpa_p95_abs_available_seeds,permutation_psat_kpa_max_abs_mean,permutation_psat_kpa_max_abs_std,permutation_psat_kpa_max_abs_available_seeds,permutation_psat_kpa_mean_abs_mean,permutation_psat_kpa_mean_abs_std,permutation_psat_kpa_mean_abs_available_seeds,permutation_psat_kpa_p95_abs_mean,permutation_psat_kpa_p95_abs_std,permutation_psat_kpa_p95_abs_available_seeds,permutation_states_mean,permutation_states_std,permutation_states_available_seeds,permutation_temperature_k_max_abs_mean,permutation_temperature_k_max_abs_std,permutation_temperature_k_max_abs_available_seeds,permutation_temperature_k_mean_abs_mean,permutation_temperature_k_mean_abs_std,permutation_temperature_k_mean_abs_available_seeds,permutation_temperature_k_p95_abs_mean,permutation_temperature_k_p95_abs_std,permutation_temperature_k_p95_abs_available_seeds,permutation_y_max_abs_mean,permutation_y_max_abs_std,permutation_y_max_abs_available_seeds,permutation_y_mean_abs_mean,permutation_y_mean_abs_std,permutation_y_mean_abs_available_seeds,permutation_y_p95_abs_mean,permutation_y_p95_abs_std,permutation_y_p95_abs_available_seeds,phase_first_derivative_jump_p95_mean_mean,phase_first_derivative_jump_p95_mean_std,phase_first_derivative_jump_p95_mean_available_seeds,phase_first_derivative_jump_p95_p95_mean,phase_first_derivative_jump_p95_p95_std,phase_first_derivative_jump_p95_p95_available_seeds,phase_second_derivative_magnitude_mean_mean_mean,phase_second_derivative_magnitude_mean_mean_std,phase_second_derivative_magnitude_mean_mean_available_seeds,phase_second_derivative_magnitude_mean_p95_mean,phase_second_derivative_magnitude_mean_p95_std,phase_second_derivative_magnitude_mean_p95_available_seeds,phase_total_variation_mean_mean,phase_total_variation_mean_std,phase_total_variation_mean_available_seeds,phase_total_variation_p95_mean,phase_total_variation_p95_std,phase_total_variation_p95_available_seeds,pure_limit_failure_rate_mean,pure_limit_failure_rate_std,pure_limit_failure_rate_available_seeds,pure_limit_log_gamma_max_abs_mean,pure_limit_log_gamma_max_abs_std,pure_limit_log_gamma_max_abs_available_seeds,pure_limit_log_gamma_mean_abs_mean,pure_limit_log_gamma_mean_abs_std,pure_limit_log_gamma_mean_abs_available_seeds,pure_limit_log_gamma_p95_abs_mean,pure_limit_log_gamma_p95_abs_std,pure_limit_log_gamma_p95_abs_available_seeds,pure_limit_pressure_relative_max_abs_mean,pure_limit_pressure_relative_max_abs_std,pure_limit_pressure_relative_max_abs_available_seeds,pure_limit_pressure_relative_mean_abs_mean,pure_limit_pressure_relative_mean_abs_std,pure_limit_pressure_relative_mean_abs_available_seeds,pure_limit_pressure_relative_p95_abs_mean,pure_limit_pressure_relative_p95_abs_std,pure_limit_pressure_relative_p95_abs_available_seeds,pure_limit_reference_coverage_mean,pure_limit_reference_coverage_std,pure_limit_reference_coverage_available_seeds,pure_limit_temperature_k_max_abs_mean,pure_limit_temperature_k_max_abs_std,pure_limit_temperature_k_max_abs_available_seeds,pure_limit_temperature_k_mean_abs_mean,pure_limit_temperature_k_mean_abs_std,pure_limit_temperature_k_mean_abs_available_seeds,pure_limit_temperature_k_p95_abs_mean,pure_limit_temperature_k_p95_abs_std,pure_limit_temperature_k_p95_abs_available_seeds,pure_limit_vle_max_abs_mean,pure_limit_vle_max_abs_std,pure_limit_vle_max_abs_available_seeds,pure_limit_vle_mean_abs_mean,pure_limit_vle_mean_abs_std,pure_limit_vle_mean_abs_available_seeds,pure_limit_vle_p95_abs_mean,pure_limit_vle_p95_abs_std,pure_limit_vle_p95_abs_available_seeds,pure_limit_y_max_abs_mean,pure_limit_y_max_abs_std,pure_limit_y_max_abs_available_seeds,pure_limit_y_mean_abs_mean,pure_limit_y_mean_abs_std,pure_limit_y_mean_abs_available_seeds,pure_limit_y_p95_abs_mean,pure_limit_y_p95_abs_std,pure_limit_y_p95_abs_available_seeds,seed_mean,seed_std,seed_available_seeds,solver_convergence_failure_rate_mean,solver_convergence_failure_rate_std,solver_convergence_failure_rate_available_seeds,x_closure_mean_abs_mean,x_closure_mean_abs_std,x_closure_mean_abs_available_seeds,y_closure_mean_abs_mean,y_closure_mean_abs_std,y_closure_mean_abs_available_seeds
a0_full,A0 Full ThermoFormer,unseen_mixture,5,0.00216064453125,0.0002534635976825745,5.0,0.00013409886475404645,2.9795195365708113e-05,5.0,0.0009235000610351554,0.00025054033126238964,5.0,1715.0,52.28288438867924,5,53.4,4.159326868617084,5,0.0,0.0,5,0.0,0.0,5,0.0004253178834915161,0.00036649808012777566,5.0,9.658639319241047e-05,5.5111100151093807e-05,5.0,0.00027816185727715483,0.00014562682405096737,5.0,1297.8,116.35591948843857,5,5.044043064117432e-07,1.2576924323278295e-07,5.0,3.9359585761622704e-08,6.933757663193847e-09,5.0,1.2770295143127415e-07,3.143226796802812e-08,5.0,7.937792525508698,0.3301179451926907,5.0,13.621002659999997,0.8852705130910343,5.0,0.14093552465640322,0.01419987190068637,5.0,0.0,0.0,5,2.4700164794921874e-05,3.753771625254788e-05,5.0,1.0576067584297585e-07,3.5978223679925776e-08,5.0,3.886222839355512e-07,1.6808087093367948e-07,5.0,0.00018310546875,0.00017263349150062197,5,4.074241401679364e-06,1.3423608516601925e-06,5,1.52587890625e-05,0.0,5,0.0,0.0,5.0,0.0,0.0,5.0,0.0,0.0,5.0,1699.6,49.73228327756529,5,0.0006103515625,0.0005941138407571956,5,4.0587179981947795e-06,1.369624262876842e-06,5,3.0517578125e-05,0.0,5,1.6629695892333984e-06,2.0261634414671285e-06,5,1.7687954098110123e-08,2.41798464869166e-09,5,6.556510925292969e-08,1.332800374925011e-08,5,1.367952058319592,0.6523975611100002,5,4.427163079206773,2.530485470727333,5,8.325217590591489,2.5194391403867695,5,21.793147830123157,9.277992359699425,5,1.6393657624602098,0.03487912764368618,5,2.631168197427845,0.2646809628923389,5,0.8668323124112278,0.05828419421133514,5.0,0.0016029611229896545,0.001171054491274129,5.0,9.763308180573209e-05,5.338110535998922e-05,5.0,0.00044137896969914425,0.00025413164596581556,5.0,4.317076778411865,1.4377889688848426,5,0.3825520663351697,0.0661999504525798,5,1.5756138265132906,0.3613336901128475,5,0.9610012362782314,0.030071920826198053,5,785.616064453125,742.7568027615345,5,35.693265660353845,5.565175070950825,5,278.6924102783203,147.00102779487827,5,8.472855758666991,7.091265423886958,5,0.5959778069881536,0.05219474840729978,5,3.576045691967006,0.4310682915020129,5,0.33294870853424074,0.26309036067768027,5,0.01770754131405069,0.009793599992095286,5,0.0701359075307846,0.04305138138504836,5,2.0,1.5811388300841898,5.0,0.0,0.0,5,3.1063375482975886e-10,1.1608913860326917e-10,5,8.15562799516556e-09,5.275512202243194e-10,5
a0_full,A0 Full ThermoFormer,unseen_component,5,0.005003452301025391,0.006595571789751159,5.0,6.353490112363832e-05,8.247225103896583e-06,5.0,0.0004100322723388672,5.29687534006185e-05,5.0,1161.0,0.0,5,27.0,0.0,5,0.0,0.0,5,0.0,0.0,5,0.0007359087467193604,0.0003491503464614877,5.0,0.00014317735999611614,3.544922532328619e-05,5.0,0.0004476672410964965,0.00012147365889787087,5.0,609.0,0.0,5,5.692243576049805e-07,1.5238213333601532e-07,5.0,5.492556305225229e-08,4.001963633091274e-09,5.0,1.9736588001251212e-07,2.706981625035928e-08,5.0,8.201863583117996,1.3769408735043105,5.0,9.522363619999995,1.598628354138505,5.0,0.041478129713423836,0.00301659125188537,5.0,0.0017226528854435833,0.002109810286634951,5,6.151199340820313e-06,5.289454675416901e-06,5.0,7.489669998300903e-08,1.2702376989581759e-08,5.0,2.6226043701171877e-07,5.331201499700044e-08,5.0,0.000238037109375,3.343033187897742e-05,5,3.1391314147681127e-06,9.867104845036303e-07,5,1.373291015625e-05,3.4119689598080286e-06,5,0.0,0.0,5.0,0.0,0.0,5.0,0.0,0.0,5.0,1158.0,0.0,5,3.662109375e-05,1.3647875839232114e-05,5,2.797072314238653e-06,5.427489204238409e-07,5,3.0517578125e-05,0.0,5,3.8743019104003906e-07,8.429369702178807e-08,5,1.5062753111590944e-08,9.3578206854646e-10,5,5.960464477539063e-08,0.0,5,1.4552179361738973,0.43222956974123455,5,5.256532361601616,1.5952017905071532,5,9.081707205028584,1.7471641844728607,5,25.418880066564782,6.126073051592377,5,1.7014523613003754,0.02136677304683493,5,2.963160772366711,0.24652370213036925,5,0.32121212121212117,0.02641756935479196,5.0,0.0016147986054420472,0.000776529952357032,5.0,0.00010273141351221553,2.2627682819634655e-05,5.0,0.0004981856048107138,0.00010641635048668903,5.0,0.8330270230770112,0.6214852431046628,5,0.10496035883517449,0.0671399565782752,5,0.7353182613849594,0.6079484814155296,5,0.2727272727272727,0.0,5,18.008294677734376,15.616800983328059,5,2.9086350134647256,2.0900006087841025,5,16.92203063964841,15.462861548068481,5,0.8501731872558593,0.6079176731609054,5,0.11025243856527871,0.06641281906543521,5,0.7354726612567856,0.6077810577795139,5,0.2991535186767578,0.1480477076647431,5,0.017662008169925573,0.004761535673051465,5,0.07709166765212996,0.025369188478190547,5,2.0,1.5811388300841898,5.0,0.0017226528854435833,0.002109810286634951,5,2.56695276146246e-10,0.0,5,8.460676514943089e-09,8.609056911699735e-10,5
a0_full,A0 Full ThermoFormer,binary_to_ternary,5,0.00184783935546875,9.894709983443283e-05,5.0,9.523184902696724e-05,2.9369195689065548e-05,5.0,0.0005008697509765625,0.00018804851873538802,5.0,166.0,0.0,5,4.0,0.0,5,0.0,0.0,5,0.0,0.0,5,0.00036321645602583886,9.258549591364657e-05,5.0,0.00010025538249465171,2.1353866665834947e-05,5.0,0.0002465765178203582,5.630131740950533e-05,5.0,252.0,0.0,5,3.203749656677246e-07,7.81423485405856e-08,5.0,3.1043060834423474e-08,3.8608982418893324e-09,5.0,9.685754776000977e-08,2.1073424255447017e-08,5.0,11.025638554216918,0.6182672872965406,5.0,1.8302560000000085,0.10263236969122574,5.0,0.1485148514851485,0.031504757577618454,5.0,0.0,0.0,5,1.1444091796875e-06,5.168791625184727e-07,5.0,7.2042626070689e-08,1.1998922874895373e-08,5.0,2.86102294921875e-07,6.529361695112778e-08,5.0,3.662109375e-05,8.357582969744355e-06,5,3.916039524308169e-06,4.5848071939973086e-07,5,1.52587890625e-05,0.0,5,0.0,0.0,5.0,0.0,0.0,5.0,0.0,0.0,5.0,166.0,0.0,5,0.00020751953125,0.0003789590228582858,5,5.007824265813253e-06,2.0291564567877296e-06,5,3.0517578125e-05,0.0,5,3.933906555175781e-07,1.496064710379974e-07,5,1.836184741383097e-08,1.5308894025410917e-09,5,5.960464477539063e-08,0.0,5,1.2055811037626172,0.5868845841766712,5,4.267982203582302,2.902912726131859,5,6.748777575406521,2.2127345658919757,5,19.885273022192244,11.518692711347077,5,1.4818756028490603,0.08282057151791453,5,2.451578767277817,0.43693500356379916,5,0.8333333333333334,0.17677669529663687,5.0,0.0008695328608155251,0.0002717120857545805,5.0,7.540435088028769e-05,2.5783700126122544e-05,5.0,0.0003015079768374562,0.00019233132740078447,5.0,1.8741299986839295,1.1391958958754795,5,0.3226041345934694,0.11648225610057952,5,1.7706105396151544,1.0307365240697468,5,1.0,0.0,5,441.9268005371094,34.776697980444794,5,60.38324822319879,28.28077596600835,5,438.1745101928711,31.970194464329015,5,4.419267988204956,0.3477669765668718,5,0.7342625457767604,0.2757732199590348,5,4.3817450404167175,0.31970193342637376,5,0.18107064962387084,0.14584520966951006,5,0.02274306184715695,0.010311981573880321,5,0.11318031251430512,0.08642287385873794,5,2.0,1.5811388300841898,5.0,0.0,0.0,5,3.806079673651652e-09,8.647408416525709e-10,5,1.91740245014671e-08,9.363248528073753e-10,5
a1_rdkit_descriptors,A1 RDKit descriptors,unseen_mixture,5,0.0027252197265625,0.0011017199692890485,5.0,0.000139289917717855,2.0263672367964164e-05,5.0,0.000899238586425781,0.0001351040720470514,5.0,1715.0,52.28288438867924,5,53.4,4.159326868617084,5,0.0,0.0,5,0.0,0.0,5,0.0002563238143920898,9.197277083282211e-05,5.0,5.672092811437324e-05,1.2907946236297138e-05,5.0,0.00018293894827365874,7.013099287312862e-05,5.0,1297.8,116.35591948843857,5,4.0531158447265624e-07,1.4112902274789305e-07,5.0,3.039110952217355e-08,2.274323638500416e-09,5.0,9.927898645400985e-08,1.263719285278295e-08,5.0,,,,,,,0.11066208371370449,0.006469849969605187,5.0,0.0,0.0,5,8.392333984375e-06,6.084113276571877e-06,5.0,8.501456117857783e-08,1.3069226113755552e-08,5.0,3.814697265625e-07,9.973764735866494e-08,5.0,9.765625e-05,3.343033187897742e-05,5,2.694410639481435e-06,5.074925377663747e-07,5,1.52587890625e-05,0.0,5,0.0,0.0,5.0,0.0,0.0,5.0,0.0,0.0,5.0,1699.6,49.73228327756529,5,0.00025634765625,0.00031390114430233864,5,2.2595392345590184e-06,2.586034303238235e-07,5,3.0517578125e-05,0.0,5,5.185604095458984e-07,1.8078983888749006e-07,5,1.3855289440498985e-08,1.553129088613067e-09,5,5.960464477539063e-08,0.0,5,2.033260422604763,0.1248445299497814,5,6.805658102736473,0.6068592363301776,5,10.34174867497427,0.4593515572672786,5,28.85913839749538,3.657280357979314,5,1.625755925249154,0.031531061288441,5,2.7172898181975085,0.1301444275757088,5,0.6816339955570091,0.02665458987736739,5.0,0.0023705177009105682,0.0014292876567884398,5.0,7.689453131796716e-05,2.1344833570196583e-05,5.0,0.00030719693750143036,9.409029071282111e-05,5.0,4.326745223999024,0.6096344340551306,5,0.2776048468315375,0.027412478668102976,5,1.6702103674411766,0.3492084438132266,5,0.9610012362782314,0.030071920826198053,5,782.757958984375,743.9981702892599,5,31.408246495066834,5.826890314260654,5,279.98361785888693,155.4158349771627,5,8.114412879943847,7.272127853211613,5,0.4814633030976797,0.050451700542835654,5,3.7148950219154337,0.3190788613971492,5,0.6621270298957824,0.18320175043655268,5,0.026635039141421058,0.003556990050116186,5,0.10150872111320493,0.01614165719227136,5,,,,0.0,0.0,5,3.1063375482975886e-10,1.1608913860326917e-10,5,8.974862453214883e-09,4.174875388412121e-10,5
a2_no_interaction,A2 No multicomponent interaction,unseen_mixture,5,35473.883850097656,77235.59882986984,5.0,20.249973890574626,43.9724018298023,5.0,0.0009829926490783686,0.0001810212565415277,5.0,1715.0,52.28288438867924,5,53.4,4.159326868617084,5,0.0,0.0,5,0.0,0.0,5,0.00044344216585159304,0.00011800391096722584,5.0,0.00011491675541037693,1.6725387860191393e-05,5.0,0.00030901178717613215,3.816224768871425e-05,5.0,1297.8,116.35591948843857,5,4.015862941741943e-07,1.503190410715938e-07,5.0,3.513150352037135e-08,4.384078336539114e-09,5.0,1.1015683412551864e-07,1.339266472820478e-08,5.0,,,,,,,0.15054943982368324,0.020788978833766243,5.0,0.009540051625808548,0.005255579266441565,5,5.006790161132813e-07,2.718390047786565e-07,5.0,5.407896850696996e-09,1.2926853519225418e-09,5.0,0.0,0.0,5.0,6.7138671875e-05,5.213729725118984e-05,5,1.4875757443166049e-06,7.030640376436477e-07,5,1.1444091796875e-05,5.3947966093944364e-06,5,0.0,0.0,5.0,0.0,0.0,5.0,0.0,0.0,5.0,1699.6,49.73228327756529,5,0.00050048828125,0.0006271343741656301,5,2.0426337906819993e-06,1.5656499984071912e-06,5,6.103515625e-06,1.3647875839232118e-05,5,1.3887882232666016e-06,2.0241021254849613e-06,5,6.505619758188493e-09,1.702629633979484e-09,5,4.76837158203125e-08,1.6323404237781944e-08,5,1.7386617368797233,1.2610848944095459,5,4.9702523547193715,4.392933562499281,5,9.44541807616653,4.73536145736255,5,23.47511069516803,15.441566117632581,5,1.749295781043644,0.16554818742308267,5,2.7196715063494317,0.5544738187057576,5,0.8754396680282067,0.08544188438977256,5.0,0.0003660678863525391,5.624716980554926e-05,5.0,4.8886434557112414e-05,9.073569433662067e-06,5.0,0.00017975926399230955,2.7349771523408947e-05,5.0,4.331292009353637,1.493675721623708,5,0.39695019108401997,0.10064090608243693,5,1.6535904562473296,0.3951929338515792,5,0.9610012362782314,0.030071920826198053,5,787.6184387207031,744.2254696965571,5,36.97689582063592,5.304715897223877,5,280.4292907714844,151.9581727908578,5,8.46259422302246,7.142532639851935,5,0.6148002184794779,0.09168732790325086,5,3.594239768981928,0.3593251759783748,5,0.09478508234024048,0.0272948870470161,5,0.009747449048514465,0.0023161506815648734,5,0.03213050782680511,0.008980956731675323,5,,,,0.009540051625808548,0.005255579266441565,5,3.1063375482975886e-10,1.1608913860326917e-10,5,8.50818793196595e-09,4.5771635881677476e-10,5
a2_no_interaction,A2 No multicomponent interaction,unseen_component,5,0.0020261764526367187,0.00044034748495756337,5.0,6.333089511421195e-05,6.545137113585871e-06,5.0,0.000428009033203125,7.535354883553093e-05,5.0,1161.0,0.0,5,27.0,0.0,5,0.0,0.0,5,0.0,0.0,5,0.0007448434829711914,0.00024111927884589988,5.0,0.0001770815928466618,3.3185128134240694e-05,5.0,0.00041299045085906977,9.817032628890489e-05,5.0,609.0,0.0,5,2.9318034648895265e-07,1.356128474847266e-07,5.0,3.748454262330641e-08,1.6411093316818774e-08,5.0,1.2655742466449736e-07,6.418198221806238e-08,5.0,,,,,,,0.03484162895927602,0.0030818728117198418,5.0,0.0018949181739879415,0.003008483927058222,5,2.6226043701171877e-07,5.331201499700045e-08,5.0,2.2670483206682663e-09,5.044466842150433e-10,5.0,0.0,0.0,5.0,1.8310546875e-05,6.823937919616059e-06,5,3.7029930997209e-07,9.227433492981993e-08,5,1.1444091796875e-06,1.705984479904014e-06,5,0.0,0.0,5.0,0.0,0.0,5.0,0.0,0.0,5.0,1158.0,0.0,5,3.0517578125e-05,0.0,5,5.004346632503661e-07,2.8152995748491843e-07,5,0.0,0.0,5,2.384185791015625e-07,5.5755039852469285e-08,5,2.876205499318832e-09,2.418360066886336e-10,5,2.384185791015625e-08,8.161702118890972e-09,5,0.9209614659383529,0.1992334076367525,5,2.9920510529175726,0.6629452399229914,5,7.08239697176665,0.5616152726623765,5,18.39959132834513,1.604328659111179,5,1.6994741164383693,0.040169291602475024,5,3.163427886187615,0.25819804523770973,5,0.2666666666666667,0.025353334137396214,5.0,0.00030961036682128904,0.00012476786741435773,5.0,5.2631345690425603e-05,2.3046001734647286e-05,5.0,0.000223715305328369,0.00013876500445156613,5.0,0.7337737739086151,0.49777028518339805,5,0.09614593487519112,0.05696524122819596,5,0.680237038135526,0.4867480027758016,5,0.2727272727272727,0.0,5,18.053936767578126,14.767223805697602,5,2.6044758559718275,1.9565726721918406,5,15.204686889648423,12.28661525588914,5,0.7337737739086151,0.49777028518339805,5,0.10012256160512509,0.05674237151886385,5,0.680237038135526,0.4867480027758016,5,0.1126395583152771,0.06239170192651825,5,0.011150325139363607,0.0034848368466474954,5,0.03876827955245969,0.012378634752151351,5,,,,0.0018949181739879415,0.003008483927058222,5,2.56695276146246e-10,0.0,5,8.491479874805919e-09,5.317993767550259e-10,5
a2_no_interaction,A2 No multicomponent interaction,binary_to_ternary,5,0.00634613037109375,0.010581701229887514,5.0,0.00017838707889419005,0.0001721307055563657,5.0,0.0007274627685546875,0.0005400518802566853,5.0,166.0,0.0,5,4.0,0.0,5,0.0,0.0,5,0.0,0.0,5,0.0004736430943012238,0.00014985437126754903,5.0,0.00013894454727960692,3.8234238473502725e-05,5.0,0.00032588306814432136,8.686901199838927e-05,5.0,252.0,0.0,5,1.644715666770935e-07,8.358483909866067e-08,5.0,2.4773738993918946e-08,4.899819662490693e-09,5.0,6.804242730140681e-08,1.3247650332836303e-08,5.0,,,,,,,0.1702970297029703,0.03614200445236432,5.0,0.01927710843373494,0.027737022730653826,5,4.76837158203125e-07,2.384185791015625e-07,5.0,1.1576227394931287e-08,4.2582576428342835e-09,5.0,1.1920928955078125e-07,0.0,5.0,5.18798828125e-05,3.979005374269195e-05,5,3.4056514142507527e-06,1.992787132601341e-07,5,1.52587890625e-05,0.0,5,0.0,0.0,5.0,0.0,0.0,5.0,0.0,0.0,5.0,166.0,0.0,5,4.8828125e-05,1.671516593948871e-05,5,4.338643637048193e-06,1.3826003974611702e-06,5,3.0517578125e-05,0.0,5,3.7550926208496093e-07,7.771494871619521e-08,5,1.3578570930354566e-08,2.9385221775842477e-09,5,6.556510925292969e-08,1.332800374925011e-08,5,0.4793486619271149,0.2956564666728594,5,1.6186957913378568,1.4438513459548934,5,3.7435767034851493,1.378030520752137,5,9.366399129783137,4.825888879333829,5,1.4827823586192337,0.10139037802603557,5,2.3582132350463514,0.4590782252029486,5,0.8666666666666668,0.09501461875826149,5.0,0.00014903545379638672,3.987148896171051e-05,5.0,2.4499195731348457e-05,6.173526232744966e-06,5.0,9.903460741043091e-05,3.485320937339988e-05,5.0,1.7824167132377624,0.9274106899586566,5,0.33008819389829613,0.14630563962602458,5,1.771157443523407,0.9200957354790672,5,1.0,0.0,5,434.6894104003906,31.744252384664488,5,59.1129891289605,26.66613593690672,5,433.8605667114258,31.14360665975169,5,4.346894025802612,0.3174424340578195,5,0.7260711109006984,0.24176169036298117,5,4.338605535030365,0.3114360728343724,5,0.06553728580474853,0.06398062945699409,5,0.010890512333975899,0.004340973035835127,5,0.03151620328426361,0.014545345185933008,5,,,,0.01927710843373494,0.027737022730653826,5,3.806079673651652e-09,8.647408416525709e-10,5,1.6876013830824375e-08,3.201515208504461e-09,5
a3_pairwise_only,A3 Pairwise-only interaction,unseen_mixture,5,89.04007873535156,199.09205155668272,5.0,0.07618110746858545,0.17005168940292018,5.0,0.0009816741943359374,0.000146403290241333,5.0,1715.0,52.28288438867924,5,53.4,4.159326868617084,5,0.0,0.0,5,0.0,0.0,5,0.00040593743324279785,0.00010732396432418206,5.0,0.00010453036302351392,1.80104738657626e-05,5.0,0.0003026515245437622,8.837129576175519e-05,5.0,1297.8,116.35591948843857,5,3.963708877563477e-07,1.153818089823366e-07,5.0,3.45626264568429e-08,1.0523926147867134e-08,5.0,1.1306256055831883e-07,3.846486257171053e-08,5.0,,,,,,,0.14871977762672345,0.019003108122846224,5.0,0.0025949906579035217,0.003912419091732198,5,5.483627319335937e-07,2.3238168584844979e-07,5.0,6.227751676107304e-09,9.075917703505877e-10,5.0,0.0,0.0,5.0,3.204345703125e-05,8.357582969744355e-06,5,9.634356961178946e-07,3.882410273859572e-07,5,8.392333984375e-06,4.178791484872178e-06,5,0.0,0.0,5.0,0.0,0.0,5.0,0.0,0.0,5.0,1699.6,49.73228327756529,5,0.0001708984375,0.0003139011443023386,5,1.3735704702683024e-06,5.342433091575531e-07,5,6.103515625e-06,1.3647875839232118e-05,5,3.933906555175781e-07,3.5161688813573423e-07,5,4.820274683973936e-09,7.945424504526317e-10,5,2.9802322387695312e-08,0.0,5,0.9454013997237072,0.6800053939374902,5,3.311627205865387,2.4326089498516903,5,6.376227390225612,2.659134590308212,5,16.86543501058009,8.76091445982413,5,1.6112223790658675,0.05432896476836382,5,2.506772252079627,0.4179361859567052,5,0.9011387036292753,0.08891769920669622,5.0,0.0003934040665626526,7.39213153548682e-05,5.0,4.487191410158056e-05,1.0520298326881943e-05,5.0,0.0001706547290086746,3.533301254908329e-05,5.0,4.168653535842895,1.7600312869444403,5,0.4255951549236275,0.07678828340410064,5,1.7169373643398274,0.3579950338695495,5,0.9610012362782314,0.030071920826198053,5,792.083056640625,745.7569913436932,5,39.40552589682912,5.45741553723208,5,285.1973190307616,137.03904975303456,5,8.541848850250243,7.1344969070815125,5,0.6480674844716391,0.08993192753402476,5,3.364191801547998,0.8107686567942906,5,0.2571888446807861,0.3291251125076717,5,0.013419894701212035,0.008371845710142014,5,0.05245304167270659,0.03602439785244258,5,,,,0.0025949906579035217,0.003912419091732198,5,3.1063375482975886e-10,1.1608913860326917e-10,5,8.29537274427139e-09,6.264278516417749e-10,5
a3_pairwise_only,A3 Pairwise-only interaction,unseen_component,5,0.010045623779296875,0.011111695067681124,5.0,6.85375225533708e-05,1.7735566490533436e-05,5.0,0.00037317276000976564,0.00010575542456504357,5.0,1161.0,0.0,5,27.0,0.0,5,0.0,0.0,5,0.0,0.0,5,0.0005440443754196167,9.273713240727682e-05,5.0,0.00013610472492473492,3.33604606317903e-05,5.0,0.0003964986279606818,0.00012891687094649342,5.0,609.0,0.0,5,3.6312267184257505e-07,1.4661469680988158e-07,5.0,4.7294426643756677e-08,1.9316281293207842e-08,5.0,1.502968370914459e-07,5.526065103574158e-08,5.0,,,,,,,0.03755656108597285,0.005500628213819146,5.0,0.0017226528854435833,0.002109810286634951,5,1.9073486328125e-07,1.066240299940009e-07,5.0,2.5559077288377733e-09,6.425828377603591e-10,5.0,0.0,0.0,5.0,1.52587890625e-05,0.0,5,3.115149926650576e-07,8.092290322149845e-08,5,1.1444091796875e-06,1.7059844799040143e-06,5,0.0,0.0,5.0,0.0,0.0,5.0,0.0,0.0,5.0,1158.0,0.0,5,3.0517578125e-05,0.0,5,6.746931620607613e-07,2.0316651006141148e-07,5,0.0,0.0,5,2.6226043701171877e-07,9.281880558966062e-08,5,3.1724498099224133e-09,3.5979927800844324e-10,5,2.384185791015625e-08,8.161702118890972e-09,5,1.514359465711493,0.3864430081043029,5,5.725766645944949,1.671552402695481,5,9.321041078701814,1.403787856940267,5,28.05065981018538,4.50395352376727,5,1.7130777180124845,0.040727171274043454,5,3.0819011211608194,0.24193562927824872,5,0.2896969696969697,0.033852703136409555,5.0,0.00037369057536125184,8.992668759479494e-05,5.0,5.692143055167628e-05,2.0256348429361915e-05,5.0,0.0002616121619939802,0.0001311848473655586,5.0,0.6065779209136963,0.48452005578692975,5,0.0865648656794766,0.0655337027920162,5,0.5631279295682889,0.480598295050856,5,0.2727272727272727,0.0,5,16.942584228515624,14.254648200523276,5,2.556473351680871,2.3557326771120137,5,12.994170532226553,12.900777770940415,5,0.6289129436016083,0.4667421207564125,5,0.09257393117069804,0.0649943389898592,5,0.5652651298046094,0.47842897104807885,5,0.26134343147277833,0.09064553224243149,5,0.01603846889553648,0.003743080851703278,5,0.06439195156097406,0.013701478012519305,5,,,,0.0017226528854435833,0.002109810286634951,5,2.56695276146246e-10,0.0,5,8.347730684477028e-09,5.993712815746747e-10,5
a3_pairwise_only,A3 Pairwise-only interaction,binary_to_ternary,5,0.001800537109375,0.00015401175871419028,5.0,0.00012827034456184113,4.2958714458574074e-05,5.0,0.0008663177490234375,0.00025633232888312165,5.0,166.0,0.0,5,4.0,0.0,5,0.0,0.0,5,0.0,0.0,5,0.0004083752632141113,0.00017471301991348428,5.0,0.00012838939323955856,6.354074258397165e-05,5.0,0.0003367186337709426,0.00016298536000680444,5.0,252.0,0.0,5,1.548323780298233e-07,8.043987055871058e-08,5.0,2.384850669538233e-08,1.088909599777772e-08,5.0,7.065245881676672e-08,3.2763426920118474e-08,5.0,,,,,,,0.1673267326732673,0.01729133583819106,5.0,0.0,0.0,5,5.245208740234375e-07,1.9947529471732987e-07,5.0,1.412318892268292e-08,6.763274605402473e-09,5.0,1.0728836059570313e-07,2.6656007498500224e-08,5.0,3.96728515625e-05,1.3647875839232114e-05,5,2.8833136501082455e-06,9.30686268622902e-07,5,1.52587890625e-05,0.0,5,0.0,0.0,5.0,0.0,0.0,5.0,0.0,0.0,5.0,166.0,0.0,5,0.000384521484375,0.0007915767986754627,5,4.103327371987952e-06,5.822851825709817e-07,5,3.0517578125e-05,0.0,5,7.152557373046875e-07,9.684608464999152e-07,5,1.2233464354013342e-08,7.762078950405232e-10,5,5.960464477539063e-08,0.0,5,0.7354576628976708,0.48744628070137735,5,2.6710214143551925,2.4883801727270822,5,4.47344382220311,1.6158398558529468,5,12.620276658683585,8.236516852370052,5,1.4495882688462367,0.06678115540529848,5,2.1064310536573374,0.225983258117526,5,0.9388888888888889,0.09702360664762767,5.0,0.00012156497687101364,5.707985324512822e-05,5.0,2.246102376375347e-05,7.65912617716594e-06,5.0,8.692671544849873e-05,2.3924383035208687e-05,5.0,1.899150115251541,1.2117998388836535,5,0.39397142581745154,0.20798822457778549,5,1.8901149317622186,1.2124187362741805,5,1.0,0.0,5,433.100390625,30.529602428406513,5,63.42064276801216,23.539954295604655,5,432.03429718017577,29.937809688008635,5,4.33100380897522,0.30529598310080963,5,0.8263904496432385,0.20233059793857147,5,4.32034285068512,0.2993780809271517,5,0.08316905498504638,0.06943593084068497,5,0.011840859055519104,0.0043848326038861615,5,0.0409118264913559,0.019499039803210966,5,,,,0.0,0.0,5,3.806079673651652e-09,8.647408416525709e-10,5,1.8240457322349356e-08,7.784329055704916e-10,5
a4_condition_concatenation,A4 Condition concatenation,unseen_mixture,5,2.3366888046264647,5.087255725909014,5.0,0.004032302965229705,0.008568896805554874,5.0,0.0010053062438964843,0.00012988749401315598,5.0,1715.0,52.28288438867924,5,53.4,4.159326868617084,5,0.0,0.0,5,0.0,0.0,5,0.0007843136787414551,0.0005301220412439286,5.0,0.00018200677004642785,6.132067836567073e-05,5.0,0.0005223923921585082,0.00021654003886737865,5.0,1297.8,116.35591948843857,5,1.4036893844604493e-06,6.360893640789728e-07,5.0,8.457000154549045e-08,1.5331613416635575e-08,5.0,2.8014183044433595e-07,6.86100985599836e-08,5.0,,,,,,,0.15421680719598724,0.02927303030596346,5.0,0.016619258195436467,0.011194222116528407,5,0.0002053976058959961,0.0002774957723964713,5.0,2.8901697060533114e-07,1.5860670514509256e-07,5.0,8.58306884765625e-07,2.132480599880018e-07,5.0,0.001776123046875,0.002189452798317605,5,1.1847800815967401e-05,7.083364632427619e-06,5,3.662109375e-05,1.3647875839232118e-05,5,0.0,0.0,5.0,0.0,0.0,5.0,0.0,0.0,5.0,1699.6,49.73228327756529,5,0.00128173828125,0.0006394142712328175,5,1.0773140131619472e-05,3.796991162241251e-06,5,3.662109375e-05,1.3647875839232118e-05,5,1.5113502740859985e-05,2.2722253272612064e-05,5,4.725391596591285e-08,7.695876821368367e-09,5,1.5199184417724608e-07,3.053829302179694e-08,5,3.4661398862838646,0.9009979938905023,5,10.024896840336089,3.0783501606756714,5,19.17394168700337,5.002739503853018,5,47.35783389548192,14.245704541421455,5,1.7460233293466163,0.043535634494610606,5,2.8186594802740856,0.13593363467517042,5,0.859678075627835,0.07362623335739202,5.0,0.003933113813400268,0.0016276836128703788,5.0,0.00068539637323151,0.0003300326078172926,5.0,0.002867324948310852,0.0013579995627454313,5.0,4.168725109100341,0.9383341698029829,5,0.3922989935473695,0.07566965885764027,5,1.5358877015113819,0.4269574041302877,5,0.9610012362782314,0.030071920826198053,5,777.4513732910157,746.1546041714878,5,36.04519233069718,9.204506831903137,5,284.10107299804724,154.64484087595207,5,8.071105575561523,7.291678010573766,5,0.6089002483214815,0.1228647928550294,5,3.7450108098983756,0.22097471895895812,5,0.0824790358543396,0.06888916411551049,5,0.005488889962464139,0.006096492580777778,5,0.02216836035251617,0.02506528193841855,5,,,,0.016619258195436467,0.011194222116528407,5,3.1063375482975886e-10,1.1608913860326917e-10,5,8.800986428525449e-09,6.839416072442738e-10,5
a5_direct_activity,A5 Direct activity decoding,unseen_mixture,5,0.00284423828125,0.0010559809665195098,5.0,0.000121334182134859,1.693361739206572e-05,5.0,0.0008244132995605466,0.0001299185799413211,5.0,1715.0,52.28288438867924,5,53.4,4.159326868617084,5,0.0,0.0,5,0.0,0.0,5,0.5394170612096787,0.40804792225640424,5.0,0.17254887856543064,0.07599222833756863,5.0,0.4522319678962231,0.28844064288188453,5.0,1297.8,116.35591948843857,5,2.5476786613464357,0.9441778772688182,5.0,0.24073754038368453,0.025468936145509817,5.0,0.8042877417802806,0.0928726298553215,5.0,,,,,,,0.13624618263792482,0.006400856448469145,5.0,0.0009349242270101997,0.0012281448714249793,5,4.1961669921875e-06,2.271867608942336e-06,5.0,8.000420286312324e-08,2.0697421371069535e-08,5.0,3.0994415283203126e-07,1.066240299940009e-07,5.0,0.000140380859375,2.729575167846423e-05,5,3.7600275421743572e-06,6.226275033967134e-07,5,1.52587890625e-05,0.0,5,0.0,0.0,5.0,0.0,0.0,5.0,0.0,0.0,5.0,1699.6,49.73228327756529,5,0.0006103515625,0.00032512322620639826,5,3.7885882388150536e-06,5.587056263279962e-07,5,3.0517578125e-05,0.0,5,6.139278411865235e-07,3.4343863227100213e-07,5,1.657162179539158e-08,1.0851922553519023e-09,5,5.960464477539063e-08,0.0,5,1.5101329492675237,0.7045279323524822,5,5.338634218833957,2.1682229272080806,5,8.315226597757137,2.7751412369018054,5,23.902782421476008,8.090537818534811,5,1.6673125538710067,0.022582236372350812,5,2.8065333154868357,0.14033197231176633,5,0.8343683022609287,0.023663453379007167,5.0,0.037221267446875574,0.014150120191540922,5.0,0.0038176295428616587,0.0005460143268689083,5.0,0.013892264924943446,0.0013993670014828831,5.0,4.317800712585449,0.9425521515142401,5,0.3528108108412885,0.007284254108573357,5,1.63260367155075,0.36432403070447783,5,0.9610012362782314,0.030071920826198053,5,783.3088073730469,746.0201440123619,5,34.738658022248046,5.95099474701934,5,283.89942443847696,152.51070302113874,5,8.262804794311524,7.217988233251582,5,0.5639762124164156,0.04863900502105146,5,3.651164696216582,0.4220872122342503,5,0.4191080093383789,0.2696427288420581,5,0.019294449445926037,0.00826555858179309,5,0.07419265151023856,0.036743539126983485,5,,,,0.0009349242270101997,0.0012281448714249793,5,3.1063375482975886e-10,1.1608913860326917e-10,5,8.266694351277693e-09,6.458583429429817e-10,5
a6_direct_vle,A6 Direct VLE prediction,unseen_mixture,5,,,,,,,,,,1715.0,52.28288438867924,5,53.4,4.159326868617084,5,0.0,0.0,5,0.0,0.0,5,,,,,,,,,,0.0,0.0,5,,,,,,,,,,,,,,,,,,,0.0,0.0,5,,,,,,,,,,0.000335693359375,8.897326499702913e-05,5,1.1293277327091012e-05,2.640864505888314e-06,5,5.950927734375e-05,1.899703918150136e-05,5,,,,,,,,,,1699.6,49.73228327756529,5,0.000146484375,3.343033187897742e-05,5,1.7576264319548713e-05,9.63344273200422e-07,5,6.103515625e-05,0.0,5,4.947185516357422e-07,5.413860715801999e-08,5,5.3604006522395067e-08,3.6833097031660823e-09,5,1.728534698486328e-07,1.3328003749250112e-08,5,0.5527137340734193,0.21185760522949032,5,1.8045755065748175,1.2331421630228847,5,4.0742540842481,0.924233835876332,5,10.048182709790746,5.7856193603644686,5,1.2826350417287251,0.049573334528672734,5,1.9718139113017277,0.20951301251339313,5,,,,,,,,,,,,,4.648550748825073,2.0802260914070407,5,0.5937718080697092,0.024145790009911638,5,1.6142531001567835,0.15982364237596533,5,0.9610012362782314,0.030071920826198053,5,943.4633972167969,665.5305235040273,5,62.31311854524627,9.039344416476647,5,375.7763049316407,65.29973141200227,5,9.631168651580811,6.545791148645579,5,1.0097932509772927,0.08449942760553908,5,3.878276643753052,0.6333993896111247,5,0.49654215574264526,0.11535780032673963,5,0.1189331562551849,0.012999154740104777,5,0.2961597257852554,0.04230121877530993,5,,,,0.0,0.0,5,3.1063375482975886e-10,1.1608913860326917e-10,5,1.0998776645010366e-08,3.399171053031785e-10,5
a6_direct_vle,A6 Direct VLE prediction,unseen_component,5,,,,,,,,,,1161.0,0.0,5,27.0,0.0,5,0.0,0.0,5,0.0,0.0,5,,,,,,,,,,0.0,0.0,5,,,,,,,,,,,,,,,,,,,0.0,0.0,5,,,,,,,,,,0.0009033203125,0.0006079052538080435,5,9.848598505358048e-06,1.6303058070827927e-06,5,4.730224609375e-05,6.383209430954556e-06,5,,,,,,,,,,1158.0,0.0,5,0.000115966796875,1.3647875839232114e-05,5,1.7159993966187775e-05,8.657036823890809e-07,5,6.103515625e-05,0.0,5,4.291534423828125e-07,6.179941103854096e-08,5,5.4070617559111925e-08,4.432057791153628e-09,5,1.7881393432617188e-07,0.0,5,0.42593666991844553,0.17214822997775991,5,1.4402826338770605,0.6819452842253368,5,3.5146208923396087,0.7904401548534749,5,7.679786798391992,2.617905093258972,5,1.2688350010514622,0.07007021451518623,5,1.862215280141849,0.17137796512137665,5,,,,,,,,,,,,,1.319497036933899,0.3421708399766116,5,0.5876344692541493,0.24586068299405361,5,1.2747691631317133,0.35487529683662594,5,0.2727272727272727,0.0,5,119.2938720703125,23.24316923980029,5,37.4597154405382,3.386839452834535,5,115.92874145507808,21.72539158776999,5,1.4090246677398681,0.2827602680689135,5,0.7297897554106182,0.20663530847497408,5,1.3750629234313962,0.28287593586350995,5,0.5247262120246887,0.07059814322100891,5,0.12169853867906513,0.013029659526583675,5,0.3015747952461238,0.036786669829795435,5,,,,0.0,0.0,5,2.56695276146246e-10,0.0,5,1.1304860159100372e-08,1.0121738202279727e-09,5
a6_direct_vle,A6 Direct VLE prediction,binary_to_ternary,5,,,,,,,,,,166.0,0.0,5,4.0,0.0,5,0.0,0.0,5,0.0,0.0,5,,,,,,,,,,0.0,0.0,5,,,,,,,,,,,,,,,,0.1782178217821782,0.0,5.0,0.0,0.0,5,,,,,,,,,,0.000140380859375,6.235600812287155e-05,5,6.6934148949312875e-06,6.836216920648944e-07,5,3.509521484375e-05,6.823937919616057e-06,5,,,,,,,,,,166.0,0.0,5,9.1552734375e-05,2.1579186437577746e-05,5,1.3295368975903613e-05,9.709163292131124e-07,5,6.103515625e-05,0.0,5,3.933906555175781e-07,1.217890783649835e-07,5,5.4476853744332566e-08,7.338616928464444e-09,5,1.4901161193847656e-07,2.9802322387695312e-08,5,0.2977263121847058,0.16643156327852193,5,0.9443214120173605,0.533041829364518,5,2.4213912222375007,0.7392098557770277,5,6.097781350168125,2.068921316800377,5,0.9697079233207446,0.08947448661584127,5,1.4358746034947663,0.38607463374632184,5,1.0,0.0,5.0,,,,,,,,,,2.0180630803108217,1.6779450465284758,5,0.41267527820503647,0.14791122806024878,5,2.0068162262439726,1.6698616488080689,5,1.0,0.0,5,424.88274536132815,36.207532500374704,5,73.04826354980467,15.436891108344867,5,423.97220611572266,35.5140468675821,5,4.338972711563111,0.4742200803418981,5,0.9871581110689375,0.17030933729511466,5,4.32691479921341,0.4630649942176254,5,0.4700955867767334,0.18063806859017364,5,0.20976880855030483,0.03208994931953716,5,0.4600004643201828,0.18138862066063047,5,,,,0.0,0.0,5,3.806079673651652e-09,8.647408416525709e-10,5,1.4290752403667285e-08,1.3530575190648409e-09,5
p3_no_pure_boundary,P3 No near-pure boundary loss,unseen_mixture,5,0.00215301513671875,0.0002603178035314887,5.0,0.00013433944052076494,3.004749267087121e-05,5.0,0.0009173965454101554,0.0002418263238424143,5.0,1715.0,52.28288438867924,5,53.4,4.159326868617084,5,0.0,0.0,5,0.0,0.0,5,0.0003453165292739868,0.00019551266921726622,5.0,9.033625246956944e-05,4.201805826968777e-05,5.0,0.00027134338393807405,0.000132155967818316,5.0,1297.8,116.35591948843857,5,4.895031452178955e-07,1.0362737189414208e-07,5.0,3.8843180307035815e-08,6.19686982441203e-09,5.0,1.2174248695373509e-07,2.01000039467929e-08,5.0,,,,,,,0.14093552465640322,0.01419987190068637,5.0,0.0,0.0,5,2.384185791015625e-05,3.807090088391504e-05,5.0,1.0520874966045308e-07,3.658501273651752e-08,5.0,3.886222839355512e-07,1.6808087093367948e-07,5.0,0.00088958740234375,0.0015548586260003743,5,4.34158021561121e-06,1.117980233473322e-06,5,1.52587890625e-05,0.0,5,0.0,0.0,5.0,0.0,0.0,5.0,0.0,0.0,5.0,1699.6,49.73228327756529,5,0.000616455078125,0.0005867793076066524,5,4.045665141853889e-06,1.387536112237346e-06,5,3.0517578125e-05,0.0,5,1.1748075485229492e-05,2.4524834311963274e-05,5,1.944425186337665e-08,3.774847270120018e-09,5,6.556510925292969e-08,1.332800374925011e-08,5,1.3679523544818664,0.6523972667238845,5,4.427166189679242,2.5304823683097593,5,8.325218713421357,2.5194382290104653,5,21.79317604009111,9.277966120446468,5,1.6393660757075499,0.03487962338870359,5,2.6311703396964226,0.264680141072548,5,0.8668323124112278,0.05828419421133514,5.0,0.0016029581427574157,0.0011710493061793269,5.0,9.763340084606174e-05,5.3381686646909324e-05,5.0,0.00044137747958302484,0.00025412903448356625,5.0,4.317065572738647,1.4377978138121161,5,0.3825521808301152,0.06619978569311409,5,1.5756104314327242,0.36133899656061563,5,0.9610012362782314,0.030071920826198053,5,785.616259765625,742.7572388982761,5,35.69328823514143,5.565167552291499,5,278.6926104736328,147.00059439578,5,8.472857666015624,7.091269677682644,5,0.5959781838606901,0.052194585545379556,5,3.5760381960868792,0.4310847263850037,5,0.3329499840736389,0.2630888584825107,5,0.017707524897687243,0.009793620840512291,5,0.07013581931591031,0.04305148181309072,5,,,,0.0,0.0,5,3.1063375482975886e-10,1.1608913860326917e-10,5,8.000536055874364e-09,6.022748986074295e-10,5
p4_no_phase_continuity,P4 No phase-continuity loss,unseen_mixture,5,0.0024749755859375,0.0006644278460946763,5.0,0.00012324457119119352,1.02261090841871e-05,5.0,0.0008065795898437499,5.997624338802592e-05,5.0,1715.0,52.28288438867924,5,53.4,4.159326868617084,5,0.0,0.0,5,0.0,0.0,5,0.00030439198017120363,8.180164201335333e-05,5.0,8.183591562556103e-05,2.3527191339875554e-05,5.0,0.00024378243833780288,7.184253856620305e-05,5.0,1297.8,116.35591948843857,5,5.304813385009766e-07,2.4407901897005796e-07,5.0,4.039350862821055e-08,4.83383736613177e-09,5.0,1.251325011253354e-07,1.4798595558404023e-08,5.0,,,,,,,0.13339361105187417,0.021015996075444302,5.0,0.0005913660555884093,0.0013223346998816024,5,1.316070556640625e-05,7.933286416277092e-06,5.0,1.2030170189917792e-07,1.1240567538965164e-08,5.0,4.76837158203125e-07,0.0,5.0,0.000146484375,5.459150335692847e-05,5,3.945515378635198e-06,5.684104329293576e-07,5,1.52587890625e-05,0.0,5,0.0,0.0,5.0,0.0,0.0,5.0,0.0,0.0,5.0,1699.6,49.73228327756529,5,0.000836181640625,0.0006226633021243694,5,3.835268728370345e-06,9.499737551438019e-07,5,3.0517578125e-05,0.0,5,7.748603820800781e-07,4.003950608534933e-07,5,1.8019026661042365e-08,1.949360551110671e-09,5,6.556510925292969e-08,1.332800374925011e-08,5,1.8303433916574996,0.39862304503879237,5,5.755903349066903,1.2461866588814527,5,10.089537398077518,1.6301363882635442,5,25.93813332812021,4.417343124521796,5,1.619007271657179,0.03374635448292675,5,2.5802767934989506,0.17555634058591987,5,0.8152073445970018,0.10071856658569736,5.0,0.0016878552734851838,0.001112316712747442,5.0,0.00010807114003169174,5.8826739236254576e-05,5.0,0.0004598998092114925,0.00025786855199809786,5.0,4.461395311355591,1.3856392813150424,5,0.3615577659127198,0.07413538732643524,5,1.6367914688587184,0.4099695118523837,5,0.9610012362782314,0.030071920826198053,5,786.3856018066406,742.9543489840995,5,35.11672371649273,5.813751143324851,5,279.1829016113282,149.12410256635653,5,8.492390155792236,7.089159629625019,5,0.5756226063671455,0.054256325068343776,5,3.670616290569302,0.2802646928829344,5,0.449428117275238,0.14890562745615096,5,0.02362903770855709,0.0054660758871508145,5,0.09138795673847196,0.0264714990275936,5,,,,0.0005913660555884093,0.0013223346998816024,5,3.1063375482975886e-10,1.1608913860326917e-10,5,8.4175487913285e-09,6.69910522608085e-10,5
p6_no_soft_physics,P6 No soft thermodynamic losses,unseen_mixture,5,0.00258026123046875,0.0005735356426188236,5.0,0.00012232999602195373,1.024317391876642e-05,5.0,0.0008007717132568357,6.055531156385728e-05,5.0,1715.0,52.28288438867924,5,53.4,4.159326868617084,5,0.0,0.0,5,0.0,0.0,5,0.00029082000255584715,8.063060153085291e-05,5.0,7.937679474707693e-05,2.0395822680746243e-05,5.0,0.00023401781916618345,7.239026031858853e-05,5.0,1297.8,116.35591948843857,5,5.21540641784668e-07,1.3328003749250113e-07,5.0,4.145152337951057e-08,4.865089228614737e-09,5.0,1.3291835784912083e-07,2.5946854185675347e-08,5.0,,,,,,,0.1349740662349868,0.019643832860232,5.0,0.0005913660555884093,0.0013223346998816024,5,1.41143798828125e-05,1.0213669384376747e-05,5.0,1.2186113111539954e-07,1.1823128174518733e-08,5.0,4.76837158203125e-07,0.0,5.0,0.0002197265625,0.00011087586745962495,5,4.2317880202284575e-06,4.7571824890303217e-07,5,1.52587890625e-05,0.0,5,0.0,0.0,5.0,0.0,0.0,5.0,0.0,0.0,5.0,1699.6,49.73228327756529,5,0.00078125,0.0004942528819558263,5,3.831320228834516e-06,9.61001262182671e-07,5,3.0517578125e-05,0.0,5,7.748603820800781e-07,5.479090306416224e-07,5,1.8592330870256233e-08,1.6704858935362782e-09,5,6.556510925292969e-08,1.332800374925011e-08,5,1.868439559701125,0.4040707214737672,5,5.809290078862269,1.3073035107470776,5,10.270798408583033,1.625898676247025,5,26.210405361073907,4.768687919964318,5,1.6194792759245398,0.03312330623916123,5,2.5918486483455836,0.16618413944037055,5,0.8254442687981202,0.09521285038572694,5.0,0.0016799569129943848,0.0011176512032859153,5.0,0.0001078071936473814,5.894862999201553e-05,5.0,0.00045658120536245394,0.00026128898918527133,5.0,4.444115018844604,1.3624429269874545,5,0.3630425834151342,0.0738680988964159,5,1.6605033838748926,0.4334150850179036,5,0.9610012362782314,0.030071920826198053,5,787.3892517089844,742.3408879676922,5,35.232777124184196,5.739878484984735,5,279.67976257324216,149.20154047629507,5,8.473587894439698,7.09745563196004,5,0.5765594621168266,0.05264378438229446,5,3.676207344532009,0.2817411653723428,5,0.45634051561355593,0.1492593434784136,5,0.024138945101296022,0.005537253495361067,5,0.09391768515110015,0.02634885393115552,5,,,,0.0005913660555884093,0.0013223346998816024,5,3.1063375482975886e-10,1.1608913860326917e-10,5,8.453523747675717e-09,6.696577254430133e-10,5
